Year,City,State,Season,River_Name,Industry_Sector,Prominent_Pollutant,Avg_AQI,Avg_Water_Contamination,Avg_Industrial_Emission,Avg_Vehicular_Emission,Avg_Population,Avg_GDP,NCAP_Flag,AQI_Bucket,Water_Quality_Status,Avg_PM25,Avg_PM10,Avg_NO2,Avg_SO2,Avg_CO,Avg_O3,Projected_AQI_20pct_Cut
2010,Ahmedabad,Gujarat,Monsoon,Sabarmati,Chemical,NO2,130.64,1.84,27020.0,142244.0,3455.0,4183396.0,No,Moderate,Acceptable,74.17,76.63,86.03,15.94,4.1,58.45,122.8
2010,Ahmedabad,Gujarat,Monsoon,Sabarmati,Chemical,O3,127.26,1.75,16230.0,142244.0,3455.0,4183396.0,No,Moderate,Acceptable,58.87,79.32,49.53,36.28,0.88,141.23,119.62
2010,Ahmedabad,Gujarat,Monsoon,Sabarmati,Chemical,PM10,132.82,1.5,38466.5,142244.0,3455.0,4183396.0,No,Moderate,Acceptable,67.79,98.04,27.9,39.16,2.43,69.92,124.85
2010,Ahmedabad,Gujarat,Post-Monsoon,Sabarmati,Chemical,O3,141.75,1.45,28706.0,142244.0,3455.0,4183396.0,No,Moderate,Acceptable,77.55,74.67,75.92,73.34,3.34,99.19,133.24
2010,Ahmedabad,Gujarat,Post-Monsoon,Sabarmati,Chemical,PM10,165.92,0.6,27424.0,142244.0,3455.0,4183396.0,No,Moderate,Good,79.62,120.36,47.27,13.22,3.12,98.75,155.96
2010,Ahmedabad,Gujarat,Summer,Sabarmati,Chemical,O3,128.38,1.54,30881.0,142244.0,3455.0,4183396.0,No,Moderate,Acceptable,75.1,90.04,34.56,47.4,3.15,122.54,120.68
2010,Ahmedabad,Gujarat,Summer,Sabarmati,Chemical,PM10,124.24,1.21,8304.0,142244.0,3455.0,4183396.0,No,Moderate,Acceptable,70.53,89.46,48.83,59.46,1.46,11.74,116.79
2010,Ahmedabad,Gujarat,Winter,Sabarmati,Chemical,NO2,130.16,1.56,52293.0,142244.0,3455.0,4183396.0,No,Moderate,Acceptable,68.27,80.62,113.44,53.5,4.05,22.98,122.35
2010,Ahmedabad,Gujarat,Winter,Sabarmati,Chemical,O3,173.55,0.88,42591.0,142244.0,3455.0,4183396.0,No,Moderate,Good,84.65,107.04,43.92,37.73,2.86,113.12,163.14
2010,Ahmedabad,Gujarat,Winter,Sabarmati,Chemical,PM10,169.35,1.28,45038.0,142244.0,3455.0,4183396.0,No,Moderate,Acceptable,71.71,96.31,40.27,32.22,1.28,90.5,159.19
2010,Aizawl,Mizoram,Monsoon,Tlawng,Handicrafts,O3,75.62,0.92,19862.0,223961.0,3174.0,52251.0,No,Satisfactory,Good,33.6,51.26,29.96,13.76,0.6,52.0,71.08
2010,Aizawl,Mizoram,Monsoon,Tlawng,Handicrafts,PM10,80.8,1.23,32357.5,223961.0,3174.0,52251.0,No,Satisfactory,Acceptable,43.35,54.8,27.77,15.17,0.86,34.31,75.95
2010,Aizawl,Mizoram,Post-Monsoon,Tlawng,Handicrafts,O3,85.43,1.21,24453.0,223961.0,3174.0,52251.0,No,Satisfactory,Acceptable,38.02,50.83,9.43,27.06,0.9,63.44,80.3
2010,Aizawl,Mizoram,Post-Monsoon,Tlawng,Handicrafts,PM10,102.16,1.54,25488.0,223961.0,3174.0,52251.0,No,Moderate,Acceptable,57.61,70.45,50.82,12.7,1.84,50.7,96.03
2010,Aizawl,Mizoram,Summer,Tlawng,Handicrafts,PM10,78.96,1.28,32698.67,223961.0,3174.0,52251.0,No,Satisfactory,Acceptable,36.05,52.12,27.44,19.71,0.71,21.28,74.22
2010,Aizawl,Mizoram,Winter,Tlawng,Handicrafts,O3,106.79,1.43,1867.0,223961.0,3174.0,52251.0,No,Moderate,Acceptable,53.13,64.88,13.69,20.96,0.82,71.52,100.38
2010,Aizawl,Mizoram,Winter,Tlawng,Handicrafts,PM10,91.86,1.58,42036.0,223961.0,3174.0,52251.0,No,Moderate,Acceptable,41.8,61.33,19.37,20.41,1.53,28.22,86.35
2010,Amaravati,Andhra Pradesh,Monsoon,Krishna,Agro-processing,O3,150.55,1.76,22494.67,117504.0,2253.0,238596.0,No,Moderate,Acceptable,72.27,90.1,36.55,24.25,1.92,119.66,141.52
2010,Amaravati,Andhra Pradesh,Monsoon,Krishna,Agro-processing,PM10,150.64,1.03,20141.0,117504.0,2253.0,238596.0,No,Moderate,Acceptable,74.0,102.84,85.75,8.8,1.45,90.59,141.6
2010,Amaravati,Andhra Pradesh,Post-Monsoon,Krishna,Agro-processing,O3,152.86,1.53,5929.0,117504.0,2253.0,238596.0,No,Moderate,Acceptable,60.34,88.43,90.69,8.9,1.41,134.05,143.69
2010,Amaravati,Andhra Pradesh,Post-Monsoon,Krishna,Agro-processing,PM10,192.8,0.23,21297.0,117504.0,2253.0,238596.0,No,Moderate,Good,87.08,115.58,16.59,4.29,3.19,49.17,181.23
2010,Amaravati,Andhra Pradesh,Summer,Krishna,Agro-processing,O3,146.92,0.72,12897.0,117504.0,2253.0,238596.0,No,Moderate,Good,59.53,105.09,91.35,36.61,2.58,138.21,138.1
2010,Amaravati,Andhra Pradesh,Summer,Krishna,Agro-processing,PM10,145.52,0.77,29912.0,117504.0,2253.0,238596.0,No,Moderate,Good,79.09,98.7,74.36,45.43,2.24,59.12,136.79
2010,Amaravati,Andhra Pradesh,Winter,Krishna,Agro-processing,O3,171.3,0.92,14154.5,117504.0,2253.0,238596.0,No,Moderate,Good,83.53,110.48,66.14,41.93,1.76,135.29,161.02
2010,Amaravati,Andhra Pradesh,Winter,Krishna,Agro-processing,PM10,182.74,1.26,29696.0,117504.0,2253.0,238596.0,No,Moderate,Acceptable,88.96,142.36,88.38,11.52,3.38,110.49,171.78
2010,Amritsar,Punjab,Monsoon,Beas,Agro-Industry,O3,130.64,1.72,29894.33,247569.0,3158.0,575290.0,No,Moderate,Acceptable,65.38,79.56,76.11,33.19,1.97,120.54,122.8
2010,Amritsar,Punjab,Monsoon,Beas,Agro-Industry,PM10,125.73,1.55,27996.0,247569.0,3158.0,575290.0,No,Moderate,Acceptable,54.09,81.38,34.46,42.18,3.2,53.99,118.19
2010,Amritsar,Punjab,Post-Monsoon,Beas,Agro-Industry,O3,151.59,1.41,24820.0,247569.0,3158.0,575290.0,No,Moderate,Acceptable,70.28,95.46,65.89,58.8,2.52,108.87,142.49
2010,Amritsar,Punjab,Summer,Beas,Agro-Industry,NO2,128.62,1.18,40360.0,247569.0,3158.0,575290.0,No,Moderate,Acceptable,57.08,91.22,105.16,67.22,3.64,27.13,120.9
2010,Amritsar,Punjab,Summer,Beas,Agro-Industry,O3,125.24,1.23,31698.5,247569.0,3158.0,575290.0,No,Moderate,Acceptable,68.26,75.06,48.13,44.54,1.04,106.09,117.73
2010,Amritsar,Punjab,Winter,Beas,Agro-Industry,O3,144.42,1.09,15151.0,247569.0,3158.0,575290.0,No,Moderate,Acceptable,60.5,93.3,61.15,40.94,3.24,158.62,135.75
2010,Amritsar,Punjab,Winter,Beas,Agro-Industry,PM10,171.01,1.36,4283.0,247569.0,3158.0,575290.0,No,Moderate,Acceptable,96.11,111.54,63.87,66.55,2.19,29.92,160.75
2010,Bengaluru,Karnataka,Monsoon,Arkavathi,Agro-Industry,NO2,91.17,0.91,25242.5,103736.0,12399.0,1978388.0,No,Satisfactory,Acceptable,45.7,62.74,106.1,29.42,2.79,40.33,85.7
2010,Bengaluru,Karnataka,Monsoon,Arkavathi,Agro-Industry,O3,85.41,0.96,31006.5,103736.0,12399.0,1978388.0,No,Satisfactory,Acceptable,43.56,56.6,28.7,61.12,3.28,101.99,80.29
2010,Bengaluru,Karnataka,Post-Monsoon,Arkavathi,Agro-Industry,O3,90.9,1.15,51192.0,103736.0,12399.0,1978388.0,No,Satisfactory,Acceptable,36.61,58.62,28.46,14.83,2.92,61.49,85.45
2010,Bengaluru,Karnataka,Post-Monsoon,Arkavathi,Agro-Industry,PM10,121.11,1.23,15782.0,103736.0,12399.0,1978388.0,No,Moderate,Acceptable,50.04,78.94,69.33,29.52,2.22,57.24,113.84
2010,Bengaluru,Karnataka,Summer,Arkavathi,Agro-Industry,NO2,88.93,1.28,20555.0,103736.0,12399.0,1978388.0,No,Satisfactory,Acceptable,42.82,58.12,71.58,20.79,2.66,10.9,83.59
2010,Bengaluru,Karnataka,Summer,Arkavathi,Agro-Industry,O3,90.63,1.62,23072.0,103736.0,12399.0,1978388.0,No,Satisfactory,Acceptable,46.3,65.55,121.41,67.27,2.27,132.12,85.19
2010,Bengaluru,Karnataka,Summer,Arkavathi,Agro-Industry,SO2,91.73,0.45,22031.0,103736.0,12399.0,1978388.0,No,Satisfactory,Good,48.6,55.36,70.22,74.54,4.39,47.6,86.23
2010,Bengaluru,Karnataka,Winter,Arkavathi,Agro-Industry,O3,110.67,0.97,30143.0,103736.0,12399.0,1978388.0,No,Moderate,Acceptable,49.11,67.63,56.04,39.51,2.98,151.87,104.03
2010,Bhopal,Madhya Pradesh,Monsoon,Betwa,Manufacturing,O3,113.0,1.01,25744.0,18839.0,11244.0,297512.0,No,Moderate,Acceptable,52.52,68.1,55.22,71.44,3.18,170.58,106.22
2010,Bhopal,Madhya Pradesh,Monsoon,Betwa,Manufacturing,PM10,111.82,2.07,31406.0,18839.0,11244.0,297512.0,No,Moderate,Polluted,67.23,74.76,61.49,58.82,3.97,27.79,105.11
2010,Bhopal,Madhya Pradesh,Monsoon,Betwa,Manufacturing,SO2,106.73,1.43,9056.0,18839.0,11244.0,297512.0,No,Moderate,Acceptable,66.06,66.54,10.8,67.24,4.1,24.42,100.33
2010,Bhopal,Madhya Pradesh,Post-Monsoon,Betwa,Manufacturing,O3,132.62,0.6,36081.5,18839.0,11244.0,297512.0,No,Moderate,Good,63.24,95.12,43.24,40.2,2.11,151.34,124.66
2010,Bhopal,Madhya Pradesh,Summer,Betwa,Manufacturing,NO2,112.54,1.52,19485.0,18839.0,11244.0,297512.0,No,Moderate,Acceptable,50.95,71.01,72.19,6.8,3.31,28.22,105.79
2010,Bhopal,Madhya Pradesh,Summer,Betwa,Manufacturing,O3,115.59,0.69,26206.5,18839.0,11244.0,297512.0,No,Moderate,Good,60.12,73.58,73.32,69.42,2.34,114.13,108.65
2010,Bhopal,Madhya Pradesh,Winter,Betwa,Manufacturing,O3,127.97,1.15,24594.0,18839.0,11244.0,297512.0,No,Moderate,Acceptable,64.3,91.74,77.82,15.04,2.25,121.26,120.29
2010,Bhopal,Madhya Pradesh,Winter,Betwa,Manufacturing,PM10,143.47,1.62,32081.0,18839.0,11244.0,297512.0,No,Moderate,Acceptable,80.29,105.21,49.31,25.91,2.8,53.86,134.86
2010,Brajrajnagar,Odisha,Monsoon,Ib,Coal/Power,NO2,91.24,1.02,29635.0,226737.0,7637.0,50415.0,No,Satisfactory,Good,48.02,62.98,113.0,48.68,2.86,53.55,85.77
2010,Brajrajnagar,Odisha,Monsoon,Ib,Coal/Power,O3,89.18,1.52,19874.0,226737.0,7637.0,50415.0,No,Satisfactory,Acceptable,42.35,58.31,101.16,18.8,0.88,129.74,83.83
2010,Brajrajnagar,Odisha,Post-Monsoon,Ib,Coal/Power,O3,104.68,1.19,20910.0,226737.0,7637.0,50415.0,No,Satisfactory,Acceptable,54.24,69.64,15.82,56.3,2.08,180.53,98.4
2010,Brajrajnagar,Odisha,Summer,Ib,Coal/Power,NO2,93.51,1.21,38837.0,226737.0,7637.0,50415.0,No,Satisfactory,Acceptable,50.61,63.41,117.71,69.18,3.22,66.61,87.9
2010,Brajrajnagar,Odisha,Summer,Ib,Coal/Power,O3,90.35,1.06,23717.0,226737.0,7637.0,50415.0,No,Satisfactory,Acceptable,48.54,61.14,110.64,28.48,3.66,164.13,84.93
2010,Brajrajnagar,Odisha,Winter,Ib,Coal/Power,NO2,119.8,1.07,22693.5,226737.0,7637.0,50415.0,No,Moderate,Good,50.3,83.06,134.2,34.95,3.61,111.32,112.61
2010,Brajrajnagar,Odisha,Winter,Ib,Coal/Power,O3,92.24,1.44,51077.0,226737.0,7637.0,50415.0,No,Satisfactory,Acceptable,50.73,52.89,78.23,39.0,4.78,149.82,86.71
2010,Chandigarh,Chandigarh,Monsoon,Sukhna,Manufacturing,O3,105.28,1.76,39734.5,247569.0,3158.0,819759.0,No,Moderate,Acceptable,47.49,61.52,70.64,29.37,1.91,107.24,98.96
2010,Chandigarh,Chandigarh,Monsoon,Sukhna,Manufacturing,PM10,108.18,1.58,19105.0,247569.0,3158.0,819759.0,No,Moderate,Acceptable,49.83,69.24,27.13,29.08,1.7,53.7,101.69
2010,Chandigarh,Chandigarh,Post-Monsoon,Sukhna,Manufacturing,O3,135.61,1.35,38230.0,247569.0,3158.0,819759.0,No,Moderate,Acceptable,55.13,88.57,67.94,32.21,2.4,110.43,127.47
2010,Chandigarh,Chandigarh,Post-Monsoon,Sukhna,Manufacturing,PM10,101.02,1.5,11410.0,247569.0,3158.0,819759.0,No,Moderate,Acceptable,53.1,63.29,34.46,59.83,1.58,62.56,94.96
2010,Chandigarh,Chandigarh,Summer,Sukhna,Manufacturing,NO2,105.72,1.18,40360.0,247569.0,3158.0,819759.0,No,Moderate,Acceptable,44.21,73.03,93.49,55.24,2.67,21.9,99.38
2010,Chandigarh,Chandigarh,Summer,Sukhna,Manufacturing,O3,105.89,1.19,31698.5,247569.0,3158.0,819759.0,No,Moderate,Acceptable,57.76,55.26,39.16,36.89,0.85,87.86,99.54
2010,Chandigarh,Chandigarh,Winter,Sukhna,Manufacturing,O3,120.52,1.14,15151.0,247569.0,3158.0,819759.0,No,Moderate,Acceptable,47.7,73.15,51.94,33.06,2.72,125.0,113.29
2010,Chandigarh,Chandigarh,Winter,Sukhna,Manufacturing,PM10,141.53,1.43,4283.0,247569.0,3158.0,819759.0,No,Moderate,Acceptable,78.16,85.37,55.15,60.08,1.77,23.37,133.04
2010,Chennai,Tamil Nadu,Monsoon,Cooum,Manufacturing,NO2,135.9,1.47,20810.0,46051.0,6982.0,12724261.0,No,Moderate,Acceptable,73.65,83.56,101.3,48.38,1.45,75.5,127.75
2010,Chennai,Tamil Nadu,Monsoon,Cooum,Manufacturing,O3,134.55,1.13,14984.0,46051.0,6982.0,12724261.0,No,Moderate,Good,58.83,94.19,94.96,48.23,2.05,142.58,126.48
2010,Chennai,Tamil Nadu,Post-Monsoon,Cooum,Manufacturing,O3,145.03,0.94,9829.0,46051.0,6982.0,12724261.0,No,Moderate,Good,74.14,76.69,120.2,39.41,3.49,130.5,136.33
2010,Chennai,Tamil Nadu,Post-Monsoon,Cooum,Manufacturing,PM10,177.49,1.05,19748.0,46051.0,6982.0,12724261.0,No,Moderate,Acceptable,70.11,124.32,78.78,38.22,1.74,30.18,166.84
2010,Chennai,Tamil Nadu,Summer,Cooum,Manufacturing,O3,130.66,0.78,37905.5,46051.0,6982.0,12724261.0,No,Moderate,Good,65.82,81.46,51.95,43.96,1.87,141.58,122.82
2010,Chennai,Tamil Nadu,Summer,Cooum,Manufacturing,PM10,142.53,1.3,26606.0,46051.0,6982.0,12724261.0,No,Moderate,Acceptable,65.51,99.06,45.79,45.56,4.29,24.45,133.98
2010,Chennai,Tamil Nadu,Winter,Cooum,Manufacturing,O3,168.09,0.67,26932.0,46051.0,6982.0,12724261.0,No,Moderate,Good,98.66,112.47,102.03,17.74,2.23,127.92,158.0
2010,Chennai,Tamil Nadu,Winter,Cooum,Manufacturing,PM10,150.99,1.25,19195.5,46051.0,6982.0,12724261.0,No,Moderate,Acceptable,75.82,108.52,49.28,64.1,2.94,57.08,141.93
2010,Coimbatore,Tamil Nadu,Monsoon,Noyyal,Manufacturing,O3,126.92,1.4,27538.0,40361.0,4519.0,4080603.0,No,Moderate,Good,64.49,81.34,51.65,33.11,3.29,110.61,119.3
2010,Coimbatore,Tamil Nadu,Monsoon,Noyyal,Manufacturing,PM10,126.36,1.0,15970.0,40361.0,4519.0,4080603.0,No,Moderate,Acceptable,63.65,79.3,18.44,18.81,1.29,19.35,118.78
2010,Coimbatore,Tamil Nadu,Post-Monsoon,Noyyal,Manufacturing,NO2,123.16,1.92,30809.0,40361.0,4519.0,4080603.0,No,Moderate,Acceptable,72.65,90.03,97.47,76.07,0.82,31.12,115.77
2010,Coimbatore,Tamil Nadu,Post-Monsoon,Noyyal,Manufacturing,PM10,163.03,1.15,21267.0,40361.0,4519.0,4080603.0,No,Moderate,Acceptable,96.08,112.89,86.75,78.77,2.32,10.48,153.25
2010,Coimbatore,Tamil Nadu,Summer,Noyyal,Manufacturing,NO2,126.96,1.17,45260.0,40361.0,4519.0,4080603.0,No,Moderate,Acceptable,55.12,76.57,107.01,58.3,2.63,13.28,119.34
2010,Coimbatore,Tamil Nadu,Summer,Noyyal,Manufacturing,O3,130.77,1.39,26572.0,40361.0,4519.0,4080603.0,No,Moderate,Acceptable,59.59,78.74,101.8,63.5,4.13,156.29,122.92
2010,Coimbatore,Tamil Nadu,Summer,Noyyal,Manufacturing,PM10,120.92,1.34,50117.0,40361.0,4519.0,4080603.0,No,Moderate,Acceptable,50.57,77.62,67.87,51.75,3.7,54.31,113.66
2010,Coimbatore,Tamil Nadu,Winter,Noyyal,Manufacturing,O3,145.1,0.89,13023.0,40361.0,4519.0,4080603.0,No,Moderate,Acceptable,72.8,87.84,58.43,10.15,1.93,134.22,136.39
2010,Coimbatore,Tamil Nadu,Winter,Noyyal,Manufacturing,PM10,156.26,1.31,30408.0,40361.0,4519.0,4080603.0,No,Moderate,Acceptable,87.98,116.98,110.25,48.27,1.98,26.4,146.88
2010,Delhi,Delhi,Monsoon,Yamuna,Manufacturing,O3,178.83,1.08,44837.0,228801.0,1360.0,1937536.0,No,Moderate,Acceptable,91.47,102.99,51.53,55.56,3.06,110.29,168.1
2010,Delhi,Delhi,Monsoon,Yamuna,Manufacturing,PM10,184.42,1.43,24080.33,228801.0,1360.0,1937536.0,No,Moderate,Acceptable,81.32,119.65,72.34,32.32,2.2,68.3,173.35
2010,Delhi,Delhi,Post-Monsoon,Yamuna,Manufacturing,PM10,213.58,1.08,19080.5,228801.0,1360.0,1937536.0,No,Moderate,Good,92.36,127.85,71.0,34.56,2.54,15.36,200.77
2010,Delhi,Delhi,Summer,Yamuna,Manufacturing,O3,187.02,1.57,15729.0,228801.0,1360.0,1937536.0,No,Moderate,Acceptable,86.01,119.21,67.11,79.69,3.77,134.53,175.8
2010,Delhi,Delhi,Summer,Yamuna,Manufacturing,PM10,188.89,1.47,31330.5,228801.0,1360.0,1937536.0,No,Moderate,Acceptable,92.15,113.25,45.17,32.97,3.19,75.07,177.56
2010,Delhi,Delhi,Winter,Yamuna,Manufacturing,PM10,235.7,1.65,5722.5,228801.0,1360.0,1937536.0,No,Poor,Polluted,133.52,150.44,15.92,35.56,2.36,81.38,221.56
2010,Delhi,Delhi,Winter,Yamuna,Manufacturing,PM2.5,178.15,1.6,23160.0,228801.0,1360.0,1937536.0,No,Moderate,Acceptable,100.61,98.05,11.17,45.14,1.97,16.85,167.46
2010,Ernakulam,Kerala,Monsoon,Periyar,Shipping/Refinery,O3,191.92,1.25,18099.5,75555.0,7175.0,444777.0,No,Moderate,Acceptable,94.97,120.68,91.06,34.21,1.72,149.75,180.4
2010,Ernakulam,Kerala,Monsoon,Periyar,Shipping/Refinery,PM10,188.64,1.44,22289.0,75555.0,7175.0,444777.0,No,Moderate,Good,98.62,128.74,73.11,43.62,2.06,77.53,177.32
2010,Ernakulam,Kerala,Post-Monsoon,Periyar,Shipping/Refinery,O3,196.77,1.68,27721.0,75555.0,7175.0,444777.0,No,Moderate,Acceptable,87.56,123.54,74.59,31.84,1.36,157.88,184.96
2010,Ernakulam,Kerala,Post-Monsoon,Periyar,Shipping/Refinery,PM10,252.11,1.22,17279.0,75555.0,7175.0,444777.0,No,Poor,Acceptable,141.19,149.22,44.64,49.34,3.48,133.3,236.98
2010,Ernakulam,Kerala,Summer,Periyar,Shipping/Refinery,PM10,195.16,1.17,26857.0,75555.0,7175.0,444777.0,No,Poor,Acceptable,91.34,129.13,49.11,42.08,1.33,53.77,183.45
2010,Ernakulam,Kerala,Winter,Periyar,Shipping/Refinery,O3,252.06,1.71,38612.0,75555.0,7175.0,444777.0,No,Poor,Acceptable,143.3,151.16,45.98,49.75,0.36,161.81,236.94
2010,Ernakulam,Kerala,Winter,Periyar,Shipping/Refinery,PM10,219.42,1.76,17007.0,75555.0,7175.0,444777.0,No,Poor,Acceptable,96.28,134.82,82.16,50.58,1.85,69.22,206.25
2010,Gurugram,Haryana,Monsoon,Sahibi,Automobile,NO2,120.13,0.95,15969.0,16156.0,4989.0,2035921.0,No,Moderate,Good,46.25,81.51,103.11,22.28,3.17,57.88,112.92
2010,Gurugram,Haryana,Monsoon,Sahibi,Automobile,O3,121.78,1.32,30312.0,16156.0,4989.0,2035921.0,No,Moderate,Acceptable,52.74,78.83,79.06,50.2,1.3,140.29,114.47
2010,Gurugram,Haryana,Monsoon,Sahibi,Automobile,PM10,118.34,1.34,29360.0,16156.0,4989.0,2035921.0,No,Moderate,Acceptable,47.28,88.8,56.83,13.79,3.51,55.54,111.24
2010,Gurugram,Haryana,Post-Monsoon,Sahibi,Automobile,O3,153.42,1.62,17290.0,16156.0,4989.0,2035921.0,No,Moderate,Acceptable,74.65,104.79,113.92,82.09,2.4,147.68,144.21
2010,Gurugram,Haryana,Post-Monsoon,Sahibi,Automobile,PM10,123.52,2.06,7527.0,16156.0,4989.0,2035921.0,No,Moderate,Polluted,69.61,87.1,19.99,81.74,1.56,18.52,116.11
2010,Gurugram,Haryana,Summer,Sahibi,Automobile,NO2,120.6,1.01,2213.0,16156.0,4989.0,2035921.0,No,Moderate,Acceptable,51.46,81.46,103.64,33.58,4.51,37.68,113.36
2010,Gurugram,Haryana,Summer,Sahibi,Automobile,O3,120.04,0.45,22951.5,16156.0,4989.0,2035921.0,No,Moderate,Good,56.66,76.0,23.68,21.58,3.32,103.05,112.84
2010,Gurugram,Haryana,Winter,Sahibi,Automobile,O3,139.95,0.91,22688.5,16156.0,4989.0,2035921.0,No,Moderate,Good,69.88,86.04,63.99,60.32,3.98,150.45,131.55
2010,Gurugram,Haryana,Winter,Sahibi,Automobile,PM10,159.04,0.86,9180.0,16156.0,4989.0,2035921.0,No,Moderate,Good,87.56,99.82,13.15,52.72,2.06,55.16,149.5
2010,Guwahati,Assam,Monsoon,Brahmaputra,Agro-Industry,O3,182.35,1.04,29943.0,223961.0,3174.0,148995.0,No,Moderate,Acceptable,71.85,104.83,60.01,7.63,1.72,109.91,171.41
2010,Guwahati,Assam,Monsoon,Brahmaputra,Agro-Industry,PM10,181.34,1.1,24832.0,223961.0,3174.0,148995.0,No,Moderate,Acceptable,90.46,122.15,63.78,41.31,1.51,94.59,170.46
2010,Guwahati,Assam,Post-Monsoon,Brahmaputra,Agro-Industry,O3,174.83,1.26,24453.0,223961.0,3174.0,148995.0,No,Moderate,Acceptable,86.59,110.67,21.34,63.17,1.95,154.11,164.34
2010,Guwahati,Assam,Post-Monsoon,Brahmaputra,Agro-Industry,PM10,232.86,1.52,25488.0,223961.0,3174.0,148995.0,No,Poor,Acceptable,118.95,174.58,114.87,25.04,4.72,112.46,218.89
2010,Guwahati,Assam,Summer,Brahmaputra,Agro-Industry,PM10,175.15,1.23,32698.67,223961.0,3174.0,148995.0,No,Moderate,Acceptable,81.4,117.16,65.74,41.77,1.48,48.58,164.64
2010,Guwahati,Assam,Winter,Brahmaputra,Agro-Industry,O3,221.76,1.32,1867.0,223961.0,3174.0,148995.0,No,Poor,Acceptable,117.86,135.58,26.85,46.66,2.05,151.05,208.45
2010,Guwahati,Assam,Winter,Brahmaputra,Agro-Industry,PM10,207.09,1.54,42036.0,223961.0,3174.0,148995.0,No,Poor,Acceptable,97.76,140.14,39.24,48.46,3.47,65.06,194.66
2010,Hyderabad,Telangana,Monsoon,Musi,Manufacturing,O3,173.49,1.75,22494.67,117504.0,2253.0,5703294.0,No,Moderate,Acceptable,83.05,108.07,42.38,29.3,2.15,149.85,163.08
2010,Hyderabad,Telangana,Monsoon,Musi,Manufacturing,PM10,180.85,1.05,20141.0,117504.0,2253.0,5703294.0,No,Moderate,Acceptable,91.05,116.13,103.1,10.53,1.95,105.1,170.0
2010,Hyderabad,Telangana,Post-Monsoon,Musi,Manufacturing,O3,171.57,1.5,5929.0,117504.0,2253.0,5703294.0,No,Moderate,Acceptable,72.68,100.84,101.56,10.03,1.66,170.27,161.28
2010,Hyderabad,Telangana,Post-Monsoon,Musi,Manufacturing,PM10,234.91,0.26,21297.0,117504.0,2253.0,5703294.0,No,Poor,Good,107.12,134.49,19.61,5.63,3.63,54.58,220.82
2010,Hyderabad,Telangana,Summer,Musi,Manufacturing,O3,173.14,0.69,12897.0,117504.0,2253.0,5703294.0,No,Moderate,Good,69.99,124.47,108.94,44.86,3.61,158.18,162.75
2010,Hyderabad,Telangana,Summer,Musi,Manufacturing,PM10,172.32,0.76,29912.0,117504.0,2253.0,5703294.0,No,Moderate,Good,86.66,112.41,88.58,54.31,2.68,65.74,161.98
2010,Hyderabad,Telangana,Winter,Musi,Manufacturing,O3,197.82,0.92,14154.5,117504.0,2253.0,5703294.0,No,Moderate,Good,95.95,128.35,81.68,47.66,2.04,151.27,185.95
2010,Hyderabad,Telangana,Winter,Musi,Manufacturing,PM10,228.78,1.28,29696.0,117504.0,2253.0,5703294.0,No,Poor,Acceptable,107.45,169.08,108.2,13.09,4.1,120.81,215.05
2010,Jaipur,Rajasthan,Monsoon,Banas,Manufacturing,O3,144.64,0.76,31918.5,143369.0,11548.0,1660107.0,No,Moderate,Good,63.76,89.82,78.34,32.01,2.08,124.6,135.96
2010,Jaipur,Rajasthan,Monsoon,Banas,Manufacturing,PM10,140.56,0.76,38362.5,143369.0,11548.0,1660107.0,No,Moderate,Good,73.53,87.94,57.38,41.58,0.7,48.6,132.13
2010,Jaipur,Rajasthan,Post-Monsoon,Banas,Manufacturing,O3,136.6,1.06,14158.0,143369.0,11548.0,1660107.0,No,Moderate,Acceptable,68.14,96.13,38.17,33.32,2.27,115.9,128.4
2010,Jaipur,Rajasthan,Post-Monsoon,Banas,Manufacturing,PM10,183.67,0.44,22716.0,143369.0,11548.0,1660107.0,No,Moderate,Good,84.03,121.04,90.16,32.33,1.51,100.25,172.65
2010,Jaipur,Rajasthan,Summer,Banas,Manufacturing,NO2,131.38,1.28,47665.0,143369.0,11548.0,1660107.0,No,Moderate,Acceptable,69.13,91.01,108.86,33.61,3.35,90.38,123.5
2010,Jaipur,Rajasthan,Summer,Banas,Manufacturing,O3,139.33,0.71,15969.0,143369.0,11548.0,1660107.0,No,Moderate,Good,79.67,93.92,88.08,44.89,2.1,149.81,130.97
2010,Jaipur,Rajasthan,Summer,Banas,Manufacturing,PM10,139.3,1.44,17098.0,143369.0,11548.0,1660107.0,No,Moderate,Acceptable,78.21,86.87,25.73,56.12,3.0,55.21,130.94
2010,Jaipur,Rajasthan,Winter,Banas,Manufacturing,O3,179.47,1.18,27926.0,143369.0,11548.0,1660107.0,No,Moderate,Acceptable,77.49,114.77,25.05,11.32,2.11,176.8,168.7
2010,Jaipur,Rajasthan,Winter,Banas,Manufacturing,PM10,154.56,1.32,39864.0,143369.0,11548.0,1660107.0,No,Moderate,Acceptable,70.91,97.1,44.68,28.64,2.41,65.11,145.29
2010,Jorapokhar,Jharkhand,Monsoon,Damodar,Mining/Coal,O3,147.92,1.19,19590.25,60823.0,854.0,48098.0,No,Moderate,Acceptable,74.52,94.06,78.62,43.79,2.92,158.92,139.04
2010,Jorapokhar,Jharkhand,Post-Monsoon,Damodar,Mining/Coal,O3,153.03,0.79,29155.0,60823.0,854.0,48098.0,No,Moderate,Good,73.89,97.25,73.48,9.9,1.94,150.56,143.85
2010,Jorapokhar,Jharkhand,Post-Monsoon,Damodar,Mining/Coal,PM10,192.35,1.43,49656.0,60823.0,854.0,48098.0,No,Moderate,Acceptable,83.89,124.88,38.78,83.5,3.5,116.19,180.81
2010,Jorapokhar,Jharkhand,Summer,Damodar,Mining/Coal,O3,153.34,1.03,20384.0,60823.0,854.0,48098.0,No,Moderate,Acceptable,77.92,86.94,40.16,50.98,4.03,181.69,144.14
2010,Jorapokhar,Jharkhand,Summer,Damodar,Mining/Coal,PM10,143.31,1.36,24538.0,60823.0,854.0,48098.0,No,Moderate,Acceptable,72.9,102.62,69.87,50.48,2.53,95.76,134.71
2010,Jorapokhar,Jharkhand,Winter,Damodar,Mining/Coal,O3,179.23,1.21,7214.0,60823.0,854.0,48098.0,No,Moderate,Acceptable,82.19,124.46,56.45,57.03,1.66,144.14,168.48
2010,Jorapokhar,Jharkhand,Winter,Damodar,Mining/Coal,PM10,169.64,0.92,43984.0,60823.0,854.0,48098.0,No,Moderate,Good,72.39,104.36,65.61,67.68,2.96,37.84,159.46
2010,Kochi,Kerala,Monsoon,Periyar,Shipping/Refinery,O3,213.69,1.23,18099.5,75555.0,7175.0,537522.0,No,Poor,Acceptable,108.58,133.9,103.88,36.16,1.87,161.9,200.87
2010,Kochi,Kerala,Monsoon,Periyar,Shipping/Refinery,PM10,220.5,1.42,22289.0,75555.0,7175.0,537522.0,No,Poor,Good,108.28,136.33,84.06,46.18,2.12,84.71,207.27
2010,Kochi,Kerala,Post-Monsoon,Periyar,Shipping/Refinery,O3,220.34,1.74,27721.0,75555.0,7175.0,537522.0,No,Poor,Acceptable,102.13,133.44,77.14,35.0,1.6,181.13,207.12
2010,Kochi,Kerala,Post-Monsoon,Periyar,Shipping/Refinery,PM10,277.49,1.24,17279.0,75555.0,7175.0,537522.0,No,Poor,Acceptable,157.39,161.18,46.31,53.0,3.98,145.36,260.84
2010,Kochi,Kerala,Summer,Periyar,Shipping/Refinery,PM10,213.22,1.18,26857.0,75555.0,7175.0,537522.0,No,Poor,Acceptable,104.81,147.1,57.23,48.24,1.47,56.36,200.43
2010,Kochi,Kerala,Winter,Periyar,Shipping/Refinery,PM10,257.66,1.74,24208.67,75555.0,7175.0,537522.0,No,Poor,Acceptable,122.56,156.41,78.34,56.99,1.58,109.03,242.2
2010,Kolkata,West Bengal,Monsoon,Hooghly,Manufacturing,PM10,199.42,1.22,33276.75,36925.0,6484.0,8985713.0,No,Moderate,Acceptable,96.61,138.38,72.7,30.25,1.94,78.66,187.45
2010,Kolkata,West Bengal,Post-Monsoon,Hooghly,Manufacturing,O3,219.93,1.61,5302.0,36925.0,6484.0,8985713.0,No,Poor,Acceptable,96.08,114.98,111.2,56.54,3.05,171.18,206.73
2010,Kolkata,West Bengal,Post-Monsoon,Hooghly,Manufacturing,PM10,254.73,1.07,7809.0,36925.0,6484.0,8985713.0,No,Poor,Acceptable,112.24,173.21,103.27,55.06,1.82,149.31,239.45
2010,Kolkata,West Bengal,Summer,Hooghly,Manufacturing,PM10,210.2,1.25,17116.0,36925.0,6484.0,8985713.0,No,Poor,Acceptable,92.29,130.29,52.25,38.39,3.51,32.72,197.59
2010,Kolkata,West Bengal,Winter,Hooghly,Manufacturing,PM10,249.35,1.7,25230.0,36925.0,6484.0,8985713.0,No,Poor,Acceptable,124.66,171.7,69.09,32.57,1.5,66.73,234.39
2010,Lucknow,Uttar Pradesh,Monsoon,Gomti,Agro-Industry,PM10,190.27,1.01,31096.5,243297.0,5617.0,710918.0,No,Moderate,Good,97.4,128.4,67.97,43.96,1.22,74.27,178.85
2010,Lucknow,Uttar Pradesh,Post-Monsoon,Gomti,Agro-Industry,PM10,213.82,1.26,39539.0,243297.0,5617.0,710918.0,No,Moderate,Acceptable,123.88,151.38,80.06,32.35,2.1,91.7,200.99
2010,Lucknow,Uttar Pradesh,Summer,Gomti,Agro-Industry,O3,193.09,2.14,29762.0,243297.0,5617.0,710918.0,No,Moderate,Polluted,101.56,114.12,60.78,60.74,0.36,149.12,181.5
2010,Lucknow,Uttar Pradesh,Summer,Gomti,Agro-Industry,PM10,194.04,1.73,43761.5,243297.0,5617.0,710918.0,No,Moderate,Acceptable,85.55,133.56,35.01,55.14,3.62,65.29,182.4
2010,Lucknow,Uttar Pradesh,Winter,Gomti,Agro-Industry,PM10,234.76,1.25,41975.33,243297.0,5617.0,710918.0,No,Poor,Good,100.37,146.3,88.01,46.06,1.38,65.78,220.67
2010,Mumbai,Maharashtra,Monsoon,Ulhas,Manufacturing,NO2,115.2,1.58,29164.0,93025.0,8682.0,15254936.0,No,Moderate,Acceptable,50.67,74.0,76.61,10.24,3.0,49.03,108.29
2010,Mumbai,Maharashtra,Monsoon,Ulhas,Manufacturing,O3,109.82,1.32,3755.0,93025.0,8682.0,15254936.0,No,Moderate,Acceptable,56.86,79.4,49.94,76.5,0.68,125.74,103.23
2010,Mumbai,Maharashtra,Monsoon,Ulhas,Manufacturing,PM10,106.63,1.06,13330.5,93025.0,8682.0,15254936.0,No,Moderate,Acceptable,47.42,74.55,25.05,19.05,3.18,41.16,100.23
2010,Mumbai,Maharashtra,Post-Monsoon,Ulhas,Manufacturing,NO2,106.52,0.59,22108.0,93025.0,8682.0,15254936.0,No,Moderate,Good,57.85,79.16,92.22,74.18,3.35,60.88,100.13
2010,Mumbai,Maharashtra,Post-Monsoon,Ulhas,Manufacturing,PM10,144.68,1.77,14187.0,93025.0,8682.0,15254936.0,No,Moderate,Acceptable,69.82,86.1,31.37,32.18,1.93,18.38,136.0
2010,Mumbai,Maharashtra,Summer,Ulhas,Manufacturing,O3,109.27,1.46,10363.0,93025.0,8682.0,15254936.0,No,Moderate,Acceptable,52.84,79.94,43.9,41.24,1.3,112.17,102.71
2010,Mumbai,Maharashtra,Summer,Ulhas,Manufacturing,PM10,104.33,1.82,8070.0,93025.0,8682.0,15254936.0,No,Moderate,Acceptable,45.13,71.45,18.38,34.07,2.07,21.52,98.07
2010,Mumbai,Maharashtra,Summer,Ulhas,Manufacturing,SO2,112.11,0.38,19179.0,93025.0,8682.0,15254936.0,No,Moderate,Good,49.67,66.31,65.45,66.69,3.23,18.58,105.38
2010,Mumbai,Maharashtra,Winter,Ulhas,Manufacturing,NO2,144.27,1.13,22478.0,93025.0,8682.0,15254936.0,No,Moderate,Acceptable,80.13,80.97,86.12,50.12,1.53,33.37,135.61
2010,Mumbai,Maharashtra,Winter,Ulhas,Manufacturing,O3,107.49,1.11,42117.0,93025.0,8682.0,15254936.0,No,Moderate,Acceptable,64.91,64.87,10.53,59.85,4.05,131.67,101.04
2010,Mumbai,Maharashtra,Winter,Ulhas,Manufacturing,PM10,151.66,1.57,5491.0,93025.0,8682.0,15254936.0,No,Moderate,Acceptable,78.54,102.4,84.39,14.86,1.54,68.11,142.56
2010,Patna,Bihar,Monsoon,Ganga,Agro-Industry,NO2,126.74,1.41,40655.0,149520.0,597.0,301984.0,No,Moderate,Acceptable,66.49,69.79,97.25,38.98,1.78,84.15,119.14
2010,Patna,Bihar,Monsoon,Ganga,Agro-Industry,O3,119.98,2.01,10152.0,149520.0,597.0,301984.0,No,Moderate,Polluted,72.42,74.7,41.73,65.73,3.57,145.75,112.78
2010,Patna,Bihar,Monsoon,Ganga,Agro-Industry,PM10,123.79,1.27,33032.0,149520.0,597.0,301984.0,No,Moderate,Good,55.0,77.48,47.29,35.46,1.79,48.64,116.36
2010,Patna,Bihar,Post-Monsoon,Ganga,Agro-Industry,NO2,122.68,0.73,32248.0,149520.0,597.0,301984.0,No,Moderate,Good,60.92,70.62,70.77,51.56,3.85,66.11,115.32
2010,Patna,Bihar,Post-Monsoon,Ganga,Agro-Industry,O3,153.49,1.48,12210.0,149520.0,597.0,301984.0,No,Moderate,Acceptable,79.44,114.24,92.57,33.82,2.18,168.9,144.28
2010,Patna,Bihar,Summer,Ganga,Agro-Industry,O3,125.38,0.77,28997.0,149520.0,597.0,301984.0,No,Moderate,Good,63.89,87.64,78.36,38.98,2.5,158.83,117.86
2010,Patna,Bihar,Summer,Ganga,Agro-Industry,PM10,130.45,1.4,38421.0,149520.0,597.0,301984.0,No,Moderate,Acceptable,52.6,84.71,37.9,69.31,2.27,19.9,122.62
2010,Patna,Bihar,Winter,Ganga,Agro-Industry,O3,142.99,1.37,47554.5,149520.0,597.0,301984.0,No,Moderate,Acceptable,67.72,102.74,69.44,22.73,3.36,174.18,134.41
2010,Patna,Bihar,Winter,Ganga,Agro-Industry,PM10,168.34,1.03,5510.0,149520.0,597.0,301984.0,No,Moderate,Acceptable,84.75,117.69,116.4,69.3,3.39,22.88,158.24
2010,Shillong,Meghalaya,Monsoon,Umiam,Handicrafts,O3,80.73,1.25,16075.0,223961.0,3174.0,88499.0,No,Satisfactory,Acceptable,47.48,55.52,38.18,2.44,1.29,55.76,75.89
2010,Shillong,Meghalaya,Monsoon,Umiam,Handicrafts,PM10,81.23,1.04,29454.67,223961.0,3174.0,88499.0,No,Satisfactory,Acceptable,43.29,58.38,30.46,21.0,0.58,44.85,76.36
2010,Shillong,Meghalaya,Post-Monsoon,Umiam,Handicrafts,O3,88.82,1.24,24453.0,223961.0,3174.0,88499.0,No,Satisfactory,Acceptable,43.42,52.25,10.64,32.97,1.0,82.94,83.49
2010,Shillong,Meghalaya,Post-Monsoon,Umiam,Handicrafts,PM10,114.62,1.53,25488.0,223961.0,3174.0,88499.0,No,Moderate,Acceptable,50.62,85.01,60.15,11.45,2.22,52.25,107.74
2010,Shillong,Meghalaya,Summer,Umiam,Handicrafts,PM10,89.78,1.24,32698.67,223961.0,3174.0,88499.0,No,Satisfactory,Acceptable,38.96,61.81,31.29,21.78,0.75,24.06,84.39
2010,Shillong,Meghalaya,Winter,Umiam,Handicrafts,O3,105.11,1.42,1867.0,223961.0,3174.0,88499.0,No,Moderate,Acceptable,61.8,65.02,15.28,25.7,1.1,83.73,98.8
2010,Shillong,Meghalaya,Winter,Umiam,Handicrafts,PM10,110.48,1.58,42036.0,223961.0,3174.0,88499.0,No,Moderate,Acceptable,52.05,71.94,19.6,25.12,1.72,33.48,103.85
2010,Talcher,Odisha,Monsoon,Brahmani,Thermal Power,O3,175.48,1.25,27893.5,63559.0,9934.0,129693.0,No,Moderate,Acceptable,86.86,110.08,70.57,40.26,3.72,144.01,164.95
2010,Talcher,Odisha,Monsoon,Brahmani,Thermal Power,PM10,185.34,1.3,41354.0,63559.0,9934.0,129693.0,No,Moderate,Acceptable,88.02,125.33,35.61,45.52,3.26,111.43,174.22
2010,Talcher,Odisha,Post-Monsoon,Brahmani,Thermal Power,O3,209.93,1.35,30773.0,63559.0,9934.0,129693.0,No,Poor,Acceptable,133.27,153.49,104.84,74.38,1.46,180.13,197.33
2010,Talcher,Odisha,Post-Monsoon,Brahmani,Thermal Power,PM10,181.48,1.57,2437.0,63559.0,9934.0,129693.0,No,Moderate,Acceptable,87.01,131.12,106.25,19.09,1.09,60.55,170.59
2010,Talcher,Odisha,Summer,Brahmani,Thermal Power,O3,178.63,0.86,8981.0,63559.0,9934.0,129693.0,No,Moderate,Good,93.06,111.02,107.14,27.18,1.64,162.2,167.91
2010,Talcher,Odisha,Summer,Brahmani,Thermal Power,PM10,170.03,1.24,34636.0,63559.0,9934.0,129693.0,No,Moderate,Acceptable,85.6,112.43,98.53,56.87,3.98,82.05,159.83
2010,Talcher,Odisha,Winter,Brahmani,Thermal Power,PM10,206.45,1.18,21325.67,63559.0,9934.0,129693.0,No,Poor,Acceptable,90.17,143.65,101.39,59.14,2.67,67.35,194.06
2010,Thiruvananthapuram,Kerala,Monsoon,Karamana,IT/Electronics,O3,123.83,1.11,35147.0,197662.0,12487.0,625153.0,No,Moderate,Acceptable,64.64,74.15,95.79,50.15,4.61,152.03,116.4
2010,Thiruvananthapuram,Kerala,Monsoon,Karamana,IT/Electronics,PM10,124.83,1.05,16827.67,197662.0,12487.0,625153.0,No,Moderate,Acceptable,67.91,88.4,61.07,45.14,2.06,50.65,117.34
2010,Thiruvananthapuram,Kerala,Post-Monsoon,Karamana,IT/Electronics,NO2,122.8,0.94,36557.0,197662.0,12487.0,625153.0,No,Moderate,Good,54.09,84.19,104.48,74.49,1.06,46.41,115.43
2010,Thiruvananthapuram,Kerala,Post-Monsoon,Karamana,IT/Electronics,O3,151.89,1.89,31508.0,197662.0,12487.0,625153.0,No,Moderate,Acceptable,71.31,119.05,31.35,37.74,1.3,166.83,142.78
2010,Thiruvananthapuram,Kerala,Summer,Karamana,IT/Electronics,O3,126.54,1.05,28730.33,197662.0,12487.0,625153.0,No,Moderate,Good,62.93,81.78,74.5,56.73,2.05,158.38,118.95
2010,Thiruvananthapuram,Kerala,Winter,Karamana,IT/Electronics,O3,141.51,1.27,14259.5,197662.0,12487.0,625153.0,No,Moderate,Good,64.88,83.61,77.7,28.56,2.8,137.28,133.02
2010,Thiruvananthapuram,Kerala,Winter,Karamana,IT/Electronics,PM10,162.08,1.83,46709.0,197662.0,12487.0,625153.0,No,Moderate,Acceptable,84.01,104.42,97.64,41.59,0.48,21.07,152.36
2010,Visakhapatnam,Andhra Pradesh,Monsoon,Gosthani,Mining,O3,165.6,1.74,22494.67,117504.0,2253.0,117497.0,No,Moderate,Acceptable,81.65,98.44,41.63,28.57,2.06,132.57,155.66
2010,Visakhapatnam,Andhra Pradesh,Monsoon,Gosthani,Mining,PM10,164.16,1.06,20141.0,117504.0,2253.0,117497.0,No,Moderate,Acceptable,78.9,112.12,102.47,9.27,1.7,106.08,154.31
2010,Visakhapatnam,Andhra Pradesh,Post-Monsoon,Gosthani,Mining,O3,167.62,1.49,5929.0,117504.0,2253.0,117497.0,No,Moderate,Acceptable,68.43,96.16,95.75,10.34,1.44,146.18,157.56
2010,Visakhapatnam,Andhra Pradesh,Post-Monsoon,Gosthani,Mining,PM10,222.5,0.26,21297.0,117504.0,2253.0,117497.0,No,Poor,Good,99.62,131.57,16.64,5.44,3.43,49.36,209.15
2010,Visakhapatnam,Andhra Pradesh,Summer,Gosthani,Mining,O3,169.29,0.71,12897.0,117504.0,2253.0,117497.0,No,Moderate,Good,65.24,116.06,101.23,43.72,3.03,155.01,159.13
2010,Visakhapatnam,Andhra Pradesh,Summer,Gosthani,Mining,PM10,159.1,0.74,29912.0,117504.0,2253.0,117497.0,No,Moderate,Good,81.6,110.2,85.3,49.3,2.46,62.36,149.55
2010,Visakhapatnam,Andhra Pradesh,Winter,Gosthani,Mining,O3,155.74,0.82,10950.0,117504.0,2253.0,117497.0,No,Moderate,Good,77.04,120.31,93.1,36.66,2.71,165.1,146.4
2010,Visakhapatnam,Andhra Pradesh,Winter,Gosthani,Mining,PM10,215.02,1.17,23527.5,117504.0,2253.0,117497.0,No,Poor,Acceptable,103.88,140.5,82.08,34.97,2.58,119.83,202.12
2011,Ahmedabad,Gujarat,Monsoon,Sabarmati,Chemical,NO2,135.53,0.61,25082.0,143296.0,3473.0,4434399.0,No,Moderate,Good,51.66,85.48,108.8,61.53,2.52,13.95,127.4
2011,Ahmedabad,Gujarat,Monsoon,Sabarmati,Chemical,O3,139.84,1.3,26990.33,143296.0,3473.0,4434399.0,No,Moderate,Acceptable,73.41,89.35,82.68,27.31,1.49,131.51,131.45
2011,Ahmedabad,Gujarat,Post-Monsoon,Sabarmati,Chemical,PM10,152.0,1.23,21429.5,143296.0,3473.0,4434399.0,No,Moderate,Acceptable,69.5,105.0,48.22,36.78,2.35,85.84,142.88
2011,Ahmedabad,Gujarat,Summer,Sabarmati,Chemical,PM10,133.0,1.17,23861.67,143296.0,3473.0,4434399.0,No,Moderate,Acceptable,69.3,81.3,54.12,30.42,3.04,24.46,125.02
2011,Ahmedabad,Gujarat,Winter,Sabarmati,Chemical,NO2,136.14,1.39,42108.0,143296.0,3473.0,4434399.0,No,Moderate,Acceptable,59.68,91.11,114.76,11.95,0.8,25.41,127.97
2011,Ahmedabad,Gujarat,Winter,Sabarmati,Chemical,O3,162.87,0.82,24865.0,143296.0,3473.0,4434399.0,No,Moderate,Good,80.67,95.19,114.28,7.75,4.09,151.77,153.1
2011,Ahmedabad,Gujarat,Winter,Sabarmati,Chemical,PM10,174.3,1.09,20812.0,143296.0,3473.0,4434399.0,No,Moderate,Acceptable,76.79,102.86,60.42,57.5,2.07,76.03,163.84
2011,Aizawl,Mizoram,Monsoon,Tlawng,Handicrafts,O3,85.84,1.06,46563.0,225718.0,3205.0,55386.0,No,Satisfactory,Acceptable,39.7,52.27,6.19,21.86,1.9,71.01,80.69
2011,Aizawl,Mizoram,Monsoon,Tlawng,Handicrafts,PM10,81.36,1.38,25910.67,225718.0,3205.0,55386.0,No,Satisfactory,Acceptable,39.39,48.02,17.46,12.79,1.3,32.99,76.48
2011,Aizawl,Mizoram,Post-Monsoon,Tlawng,Handicrafts,NO2,80.47,1.43,19451.0,225718.0,3205.0,55386.0,No,Satisfactory,Acceptable,38.3,48.54,52.55,36.37,0.76,44.89,75.64
2011,Aizawl,Mizoram,Post-Monsoon,Tlawng,Handicrafts,O3,103.84,1.34,22982.0,225718.0,3205.0,55386.0,No,Moderate,Acceptable,42.05,63.39,5.48,23.47,1.83,69.11,97.61
2011,Aizawl,Mizoram,Summer,Tlawng,Handicrafts,O3,83.85,0.88,27135.5,225718.0,3205.0,55386.0,No,Satisfactory,Acceptable,37.94,48.18,27.46,12.79,1.44,54.86,78.82
2011,Aizawl,Mizoram,Summer,Tlawng,Handicrafts,PM10,72.35,1.71,44006.0,225718.0,3205.0,55386.0,No,Satisfactory,Acceptable,49.97,56.92,34.48,14.46,1.95,46.08,68.01
2011,Aizawl,Mizoram,Winter,Tlawng,Handicrafts,PM10,99.99,1.09,16971.67,225718.0,3205.0,55386.0,No,Moderate,Good,50.71,70.93,38.12,23.23,0.82,32.94,93.99
2011,Amaravati,Andhra Pradesh,Monsoon,Krishna,Agro-processing,NO2,152.87,1.06,9331.0,118862.0,2276.0,252912.0,No,Moderate,Acceptable,68.34,100.79,102.26,37.0,2.23,13.79,143.7
2011,Amaravati,Andhra Pradesh,Monsoon,Krishna,Agro-processing,O3,143.82,1.43,22565.0,118862.0,2276.0,252912.0,No,Moderate,Acceptable,58.78,91.77,38.76,27.2,0.44,136.78,135.19
2011,Amaravati,Andhra Pradesh,Monsoon,Krishna,Agro-processing,PM10,148.03,1.07,50048.0,118862.0,2276.0,252912.0,No,Moderate,Acceptable,69.94,109.95,78.72,23.31,1.2,97.75,139.15
2011,Amaravati,Andhra Pradesh,Monsoon,Krishna,Agro-processing,PM2.5,155.55,1.22,31733.0,118862.0,2276.0,252912.0,No,Moderate,Acceptable,87.97,84.35,45.02,40.11,0.81,33.25,146.22
2011,Amaravati,Andhra Pradesh,Post-Monsoon,Krishna,Agro-processing,O3,151.22,0.88,32914.0,118862.0,2276.0,252912.0,No,Moderate,Good,75.07,92.37,74.68,64.27,0.45,116.54,142.15
2011,Amaravati,Andhra Pradesh,Post-Monsoon,Krishna,Agro-processing,PM10,197.37,1.66,39023.0,118862.0,2276.0,252912.0,No,Moderate,Acceptable,108.95,136.83,90.93,22.57,2.46,25.6,185.53
2011,Amaravati,Andhra Pradesh,Summer,Krishna,Agro-processing,O3,143.8,1.08,3054.0,118862.0,2276.0,252912.0,No,Moderate,Acceptable,70.52,82.97,71.96,6.57,1.88,99.8,135.17
2011,Amaravati,Andhra Pradesh,Summer,Krishna,Agro-processing,PM10,151.84,1.51,34324.0,118862.0,2276.0,252912.0,No,Moderate,Acceptable,73.86,105.35,59.3,59.62,3.29,57.54,142.73
2011,Amaravati,Andhra Pradesh,Winter,Krishna,Agro-processing,O3,150.2,1.08,27574.0,118862.0,2276.0,252912.0,No,Moderate,Acceptable,77.13,85.76,42.58,43.94,1.96,92.74,141.19
2011,Amaravati,Andhra Pradesh,Winter,Krishna,Agro-processing,PM10,187.5,0.98,36562.0,118862.0,2276.0,252912.0,No,Moderate,Good,101.61,128.55,22.86,16.06,3.0,89.52,176.25
2011,Amritsar,Punjab,Monsoon,Beas,Agro-Industry,NO2,134.06,1.35,10067.0,249668.0,3195.0,609808.0,No,Moderate,Acceptable,60.61,83.18,115.88,28.82,2.65,76.85,126.02
2011,Amritsar,Punjab,Monsoon,Beas,Agro-Industry,O3,131.13,1.3,26240.67,249668.0,3195.0,609808.0,No,Moderate,Acceptable,64.31,82.98,71.5,52.37,3.35,125.53,123.26
2011,Amritsar,Punjab,Post-Monsoon,Beas,Agro-Industry,O3,130.56,0.58,23728.0,249668.0,3195.0,609808.0,No,Moderate,Good,55.41,73.15,47.7,75.41,2.13,158.21,122.73
2011,Amritsar,Punjab,Post-Monsoon,Beas,Agro-Industry,PM10,169.67,0.8,50277.0,249668.0,3195.0,609808.0,No,Moderate,Good,77.78,108.14,50.76,4.39,0.95,21.55,159.49
2011,Amritsar,Punjab,Summer,Beas,Agro-Industry,O3,127.75,0.73,30419.67,249668.0,3195.0,609808.0,No,Moderate,Good,65.97,82.27,74.11,43.57,2.76,145.0,120.08
2011,Amritsar,Punjab,Winter,Beas,Agro-Industry,O3,130.19,1.04,42294.0,249668.0,3195.0,609808.0,No,Moderate,Acceptable,62.32,77.15,98.59,7.09,1.99,104.32,122.38
2011,Amritsar,Punjab,Winter,Beas,Agro-Industry,PM10,169.0,1.69,27365.0,249668.0,3195.0,609808.0,No,Moderate,Polluted,94.38,110.02,41.08,74.28,1.42,60.82,158.86
2011,Bengaluru,Karnataka,Monsoon,Arkavathi,Agro-Industry,NO2,90.85,0.81,14935.0,105574.0,12431.0,2097091.0,No,Satisfactory,Good,50.16,60.46,116.69,71.29,2.61,113.46,85.4
2011,Bengaluru,Karnataka,Monsoon,Arkavathi,Agro-Industry,O3,91.24,1.3,35150.67,105574.0,12431.0,2097091.0,No,Satisfactory,Acceptable,47.36,59.45,54.22,55.09,1.53,137.68,85.77
2011,Bengaluru,Karnataka,Post-Monsoon,Arkavathi,Agro-Industry,NO2,92.22,0.59,27553.0,105574.0,12431.0,2097091.0,No,Satisfactory,Good,52.54,50.27,108.67,15.05,0.47,18.14,86.69
2011,Bengaluru,Karnataka,Post-Monsoon,Arkavathi,Agro-Industry,O3,122.3,1.13,16214.0,105574.0,12431.0,2097091.0,No,Moderate,Acceptable,54.06,69.24,39.08,27.55,2.77,87.85,114.96
2011,Bengaluru,Karnataka,Summer,Arkavathi,Agro-Industry,NO2,91.8,1.62,28209.0,105574.0,12431.0,2097091.0,No,Satisfactory,Acceptable,43.32,55.39,81.88,20.13,1.25,61.59,86.29
2011,Bengaluru,Karnataka,Summer,Arkavathi,Agro-Industry,O3,94.82,1.72,31646.5,105574.0,12431.0,2097091.0,No,Satisfactory,Acceptable,47.51,56.44,73.8,39.7,2.68,112.38,89.13
2011,Bengaluru,Karnataka,Winter,Arkavathi,Agro-Industry,O3,109.78,1.29,9713.67,105574.0,12431.0,2097091.0,No,Moderate,Acceptable,46.3,76.13,73.69,37.69,2.47,113.22,103.19
2011,Bhopal,Madhya Pradesh,Monsoon,Betwa,Manufacturing,O3,113.5,0.79,9229.0,20761.0,11277.0,315363.0,No,Moderate,Acceptable,52.65,77.88,59.8,22.56,2.38,149.46,106.69
2011,Bhopal,Madhya Pradesh,Monsoon,Betwa,Manufacturing,PM10,116.66,1.54,5860.0,20761.0,11277.0,315363.0,No,Moderate,Acceptable,58.33,78.98,37.65,26.56,3.09,47.86,109.66
2011,Bhopal,Madhya Pradesh,Post-Monsoon,Betwa,Manufacturing,NO2,115.16,1.41,22135.0,20761.0,11277.0,315363.0,No,Moderate,Acceptable,57.45,84.16,92.4,14.85,2.33,19.98,108.25
2011,Bhopal,Madhya Pradesh,Post-Monsoon,Betwa,Manufacturing,PM10,152.9,1.42,50381.0,20761.0,11277.0,315363.0,No,Moderate,Acceptable,67.54,112.0,17.01,74.82,2.89,34.95,143.73
2011,Bhopal,Madhya Pradesh,Summer,Betwa,Manufacturing,O3,113.2,0.87,29724.0,20761.0,11277.0,315363.0,No,Moderate,Good,60.85,76.24,37.85,79.21,2.73,97.87,106.41
2011,Bhopal,Madhya Pradesh,Summer,Betwa,Manufacturing,PM10,113.83,1.84,16582.5,20761.0,11277.0,315363.0,No,Moderate,Polluted,55.65,76.72,26.78,40.42,3.92,48.22,107.0
2011,Bhopal,Madhya Pradesh,Winter,Betwa,Manufacturing,NO2,135.57,1.32,22907.5,20761.0,11277.0,315363.0,No,Moderate,Acceptable,74.03,86.96,102.25,31.59,4.03,43.94,127.44
2011,Bhopal,Madhya Pradesh,Winter,Betwa,Manufacturing,O3,146.82,1.15,48725.0,20761.0,11277.0,315363.0,No,Moderate,Acceptable,78.03,105.11,107.4,56.3,4.44,130.08,138.01
2011,Brajrajnagar,Odisha,Monsoon,Ib,Coal/Power,NO2,95.52,1.16,42836.5,228093.0,7660.0,53440.0,No,Satisfactory,Acceptable,41.42,65.57,106.85,60.5,3.1,51.15,89.79
2011,Brajrajnagar,Odisha,Monsoon,Ib,Coal/Power,O3,93.09,1.28,22483.0,228093.0,7660.0,53440.0,No,Satisfactory,Acceptable,49.54,63.37,79.44,44.06,3.4,89.44,87.5
2011,Brajrajnagar,Odisha,Post-Monsoon,Ib,Coal/Power,O3,94.55,1.31,32879.0,228093.0,7660.0,53440.0,No,Satisfactory,Acceptable,52.21,64.43,103.18,5.82,1.4,131.67,88.88
2011,Brajrajnagar,Odisha,Post-Monsoon,Ib,Coal/Power,PM10,119.25,1.64,19231.0,228093.0,7660.0,53440.0,No,Moderate,Acceptable,54.63,89.47,21.64,42.84,4.38,69.1,112.1
2011,Brajrajnagar,Odisha,Summer,Ib,Coal/Power,NO2,93.14,0.93,35496.0,228093.0,7660.0,53440.0,No,Satisfactory,Good,52.14,56.57,125.6,69.42,0.53,55.23,87.55
2011,Brajrajnagar,Odisha,Summer,Ib,Coal/Power,PM10,94.21,1.78,28316.0,228093.0,7660.0,53440.0,No,Satisfactory,Acceptable,40.0,54.32,28.46,19.56,2.84,27.99,88.56
2011,Brajrajnagar,Odisha,Summer,Ib,Coal/Power,SO2,95.02,1.25,5069.0,228093.0,7660.0,53440.0,No,Satisfactory,Acceptable,47.64,69.13,36.7,83.85,3.69,41.1,89.32
2011,Brajrajnagar,Odisha,Winter,Ib,Coal/Power,NO2,124.4,1.39,32923.0,228093.0,7660.0,53440.0,No,Moderate,Acceptable,53.53,70.21,75.99,56.03,3.92,61.89,116.94
2011,Brajrajnagar,Odisha,Winter,Ib,Coal/Power,O3,108.66,1.21,27738.5,228093.0,7660.0,53440.0,No,Moderate,Acceptable,58.96,70.79,93.01,21.11,3.48,131.45,102.14
2011,Chandigarh,Chandigarh,Monsoon,Sukhna,Manufacturing,NO2,106.63,1.37,10067.0,249668.0,3195.0,868945.0,No,Moderate,Acceptable,53.27,67.37,96.24,23.78,2.24,57.91,100.23
2011,Chandigarh,Chandigarh,Monsoon,Sukhna,Manufacturing,O3,104.31,1.28,26240.67,249668.0,3195.0,868945.0,No,Moderate,Acceptable,49.98,65.2,55.13,41.2,2.75,106.53,98.05
2011,Chandigarh,Chandigarh,Post-Monsoon,Sukhna,Manufacturing,O3,104.36,0.58,23728.0,249668.0,3195.0,868945.0,No,Moderate,Good,42.55,54.16,37.83,59.27,1.87,126.54,98.1
2011,Chandigarh,Chandigarh,Post-Monsoon,Sukhna,Manufacturing,PM10,132.22,0.77,50277.0,249668.0,3195.0,868945.0,No,Moderate,Good,64.65,87.05,41.08,3.1,0.71,16.61,124.29
2011,Chandigarh,Chandigarh,Summer,Sukhna,Manufacturing,O3,106.27,0.73,30419.67,249668.0,3195.0,868945.0,No,Moderate,Good,54.57,67.03,60.62,34.5,2.25,116.88,99.89
2011,Chandigarh,Chandigarh,Winter,Sukhna,Manufacturing,O3,105.12,1.01,42294.0,249668.0,3195.0,868945.0,No,Moderate,Acceptable,48.31,61.73,70.72,5.64,1.56,87.02,98.81
2011,Chandigarh,Chandigarh,Winter,Sukhna,Manufacturing,PM10,130.15,1.72,27365.0,249668.0,3195.0,868945.0,No,Moderate,Polluted,74.43,81.35,33.07,56.14,1.18,52.52,122.34
2011,Chennai,Tamil Nadu,Monsoon,Cooum,Manufacturing,NO2,133.72,1.44,21732.0,47188.0,7002.0,13487717.0,No,Moderate,Acceptable,69.62,76.11,104.04,29.96,2.05,51.57,125.7
2011,Chennai,Tamil Nadu,Monsoon,Cooum,Manufacturing,O3,132.81,1.06,18770.5,47188.0,7002.0,13487717.0,No,Moderate,Good,63.14,80.4,86.21,45.55,2.08,160.05,124.84
2011,Chennai,Tamil Nadu,Monsoon,Cooum,Manufacturing,PM10,141.84,1.7,23913.0,47188.0,7002.0,13487717.0,No,Moderate,Acceptable,64.9,85.87,17.74,7.45,1.07,50.79,133.33
2011,Chennai,Tamil Nadu,Post-Monsoon,Cooum,Manufacturing,NO2,176.0,1.36,21873.0,47188.0,7002.0,13487717.0,No,Moderate,Acceptable,73.35,102.98,106.29,50.73,1.24,90.17,165.44
2011,Chennai,Tamil Nadu,Post-Monsoon,Cooum,Manufacturing,O3,138.07,1.49,43051.0,47188.0,7002.0,13487717.0,No,Moderate,Acceptable,55.84,88.16,28.69,45.23,0.74,148.81,129.79
2011,Chennai,Tamil Nadu,Summer,Cooum,Manufacturing,NO2,136.72,0.88,33271.0,47188.0,7002.0,13487717.0,No,Moderate,Good,69.31,92.14,105.56,45.18,3.76,51.24,128.52
2011,Chennai,Tamil Nadu,Summer,Cooum,Manufacturing,PM10,129.07,1.3,53334.0,47188.0,7002.0,13487717.0,No,Moderate,Acceptable,52.96,80.35,30.71,42.13,0.45,59.28,121.33
2011,Chennai,Tamil Nadu,Winter,Cooum,Manufacturing,O3,174.15,1.53,12461.0,47188.0,7002.0,13487717.0,No,Moderate,Acceptable,80.64,107.57,75.03,46.63,0.36,130.99,163.7
2011,Chennai,Tamil Nadu,Winter,Cooum,Manufacturing,PM10,162.2,1.06,31253.0,47188.0,7002.0,13487717.0,No,Moderate,Acceptable,62.77,100.88,37.56,62.08,2.44,39.95,152.47
2011,Coimbatore,Tamil Nadu,Monsoon,Noyyal,Manufacturing,O3,126.13,1.05,20984.67,42483.0,4556.0,4325439.0,No,Moderate,Acceptable,68.72,80.51,47.12,41.94,2.11,120.63,118.56
2011,Coimbatore,Tamil Nadu,Monsoon,Noyyal,Manufacturing,PM10,126.52,0.69,51372.0,42483.0,4556.0,4325439.0,No,Moderate,Good,65.64,86.5,31.82,9.25,0.63,66.51,118.93
2011,Coimbatore,Tamil Nadu,Post-Monsoon,Noyyal,Manufacturing,O3,147.93,1.2,20221.0,42483.0,4556.0,4325439.0,No,Moderate,Acceptable,64.58,85.34,63.19,21.86,1.95,115.3,139.05
2011,Coimbatore,Tamil Nadu,Summer,Noyyal,Manufacturing,O3,124.93,0.94,50135.0,42483.0,4556.0,4325439.0,No,Moderate,Good,69.11,86.06,61.43,10.77,3.87,97.82,117.43
2011,Coimbatore,Tamil Nadu,Summer,Noyyal,Manufacturing,PM10,122.48,1.5,15968.5,42483.0,4556.0,4325439.0,No,Moderate,Acceptable,62.48,90.42,57.86,31.59,2.14,76.3,115.13
2011,Coimbatore,Tamil Nadu,Winter,Noyyal,Manufacturing,O3,163.28,1.25,38138.5,42483.0,4556.0,4325439.0,No,Moderate,Acceptable,70.87,99.34,72.74,49.26,2.16,170.6,153.48
2011,Coimbatore,Tamil Nadu,Winter,Noyyal,Manufacturing,PM10,132.66,1.19,29028.0,42483.0,4556.0,4325439.0,No,Moderate,Acceptable,63.03,86.79,70.22,35.88,3.67,58.25,124.7
2011,Delhi,Delhi,Monsoon,Yamuna,Manufacturing,O3,179.24,1.68,35146.0,230709.0,1393.0,2053788.0,No,Moderate,Acceptable,81.45,125.24,61.63,27.58,3.03,149.96,168.49
2011,Delhi,Delhi,Monsoon,Yamuna,Manufacturing,PM10,188.44,1.18,16072.0,230709.0,1393.0,2053788.0,No,Moderate,Acceptable,86.51,136.24,43.82,65.89,2.34,63.7,177.13
2011,Delhi,Delhi,Post-Monsoon,Yamuna,Manufacturing,O3,209.8,0.87,33447.0,230709.0,1393.0,2053788.0,No,Moderate,Good,89.03,120.35,28.34,58.06,1.07,130.78,197.21
2011,Delhi,Delhi,Summer,Yamuna,Manufacturing,PM10,182.78,1.39,31918.0,230709.0,1393.0,2053788.0,No,Moderate,Acceptable,104.54,127.04,74.31,70.5,3.62,105.89,171.81
2011,Delhi,Delhi,Summer,Yamuna,Manufacturing,PM2.5,183.29,1.14,28047.0,230709.0,1393.0,2053788.0,No,Moderate,Acceptable,110.4,105.22,10.07,42.31,1.07,68.6,172.29
2011,Delhi,Delhi,Winter,Yamuna,Manufacturing,O3,187.97,1.1,36195.0,230709.0,1393.0,2053788.0,No,Moderate,Acceptable,82.55,107.93,115.45,33.88,2.32,156.35,176.69
2011,Delhi,Delhi,Winter,Yamuna,Manufacturing,PM10,241.29,0.95,11808.5,230709.0,1393.0,2053788.0,No,Poor,Acceptable,109.94,163.2,81.13,62.44,1.98,57.24,226.81
2011,Ernakulam,Kerala,Monsoon,Periyar,Shipping/Refinery,O3,195.56,0.73,41114.0,77050.0,7201.0,471464.0,No,Moderate,Good,111.39,112.6,89.73,13.98,0.7,120.12,183.83
2011,Ernakulam,Kerala,Monsoon,Periyar,Shipping/Refinery,PM10,199.33,1.28,30516.0,77050.0,7201.0,471464.0,No,Poor,Acceptable,97.37,140.16,54.6,37.77,2.55,105.97,187.37
2011,Ernakulam,Kerala,Monsoon,Periyar,Shipping/Refinery,PM2.5,198.36,1.53,12636.0,77050.0,7201.0,471464.0,No,Moderate,Acceptable,113.38,109.25,66.06,43.15,3.24,41.35,186.46
2011,Ernakulam,Kerala,Post-Monsoon,Periyar,Shipping/Refinery,PM10,229.12,1.42,13774.0,77050.0,7201.0,471464.0,No,Moderate,Acceptable,120.64,141.07,74.26,49.08,1.31,103.32,215.37
2011,Ernakulam,Kerala,Summer,Periyar,Shipping/Refinery,PM10,195.14,1.44,30918.0,77050.0,7201.0,471464.0,No,Poor,Good,90.07,140.8,88.72,33.19,1.05,113.21,183.43
2011,Ernakulam,Kerala,Winter,Periyar,Shipping/Refinery,PM10,223.15,1.26,27243.5,77050.0,7201.0,471464.0,No,Moderate,Acceptable,107.7,153.98,16.87,21.94,1.61,38.15,209.76
2011,Ernakulam,Kerala,Winter,Periyar,Shipping/Refinery,PM2.5,259.6,0.7,17543.0,77050.0,7201.0,471464.0,No,Poor,Good,148.43,139.31,34.3,13.54,3.57,95.86,244.02
2011,Gurugram,Haryana,Monsoon,Sahibi,Automobile,NO2,123.34,1.54,14746.5,17590.0,5014.0,2158077.0,No,Moderate,Acceptable,59.6,73.58,109.84,77.56,3.18,38.74,115.94
2011,Gurugram,Haryana,Monsoon,Sahibi,Automobile,O3,122.56,1.6,30794.5,17590.0,5014.0,2158077.0,No,Moderate,Acceptable,51.98,76.04,78.14,55.68,3.28,103.94,115.21
2011,Gurugram,Haryana,Post-Monsoon,Sahibi,Automobile,O3,153.98,0.94,33592.0,17590.0,5014.0,2158077.0,No,Moderate,Good,90.34,116.93,28.89,8.76,2.99,178.22,144.74
2011,Gurugram,Haryana,Post-Monsoon,Sahibi,Automobile,PM10,122.85,1.57,22610.0,17590.0,5014.0,2158077.0,No,Moderate,Acceptable,68.05,77.12,27.76,70.5,4.49,74.2,115.48
2011,Gurugram,Haryana,Summer,Sahibi,Automobile,NO2,125.02,1.86,30008.0,17590.0,5014.0,2158077.0,No,Moderate,Acceptable,59.99,84.89,100.71,13.19,3.13,60.71,117.52
2011,Gurugram,Haryana,Summer,Sahibi,Automobile,O3,124.18,0.94,32774.0,17590.0,5014.0,2158077.0,No,Moderate,Acceptable,52.81,66.97,58.48,46.02,3.42,126.18,116.73
2011,Gurugram,Haryana,Winter,Sahibi,Automobile,NO2,122.74,1.87,26265.0,17590.0,5014.0,2158077.0,No,Moderate,Acceptable,63.55,77.04,112.5,67.39,2.91,91.97,115.38
2011,Gurugram,Haryana,Winter,Sahibi,Automobile,PM10,159.05,1.38,27165.5,17590.0,5014.0,2158077.0,No,Moderate,Acceptable,86.26,102.57,81.34,46.14,3.92,86.83,149.51
2011,Guwahati,Assam,Monsoon,Brahmaputra,Agro-Industry,O3,171.62,1.08,46563.0,225718.0,3205.0,157935.0,No,Moderate,Acceptable,103.15,120.44,14.95,51.63,4.51,154.76,161.32
2011,Guwahati,Assam,Monsoon,Brahmaputra,Agro-Industry,PM10,178.27,1.37,25910.67,225718.0,3205.0,157935.0,No,Moderate,Acceptable,94.06,115.05,39.37,30.5,2.87,76.84,167.57
2011,Guwahati,Assam,Post-Monsoon,Brahmaputra,Agro-Industry,NO2,183.12,1.42,19451.0,225718.0,3205.0,157935.0,No,Moderate,Acceptable,89.32,102.55,113.83,75.44,1.73,106.67,172.13
2011,Guwahati,Assam,Post-Monsoon,Brahmaputra,Agro-Industry,O3,243.61,1.33,22982.0,225718.0,3205.0,157935.0,No,Poor,Acceptable,98.06,129.89,12.44,53.86,3.86,167.41,228.99
2011,Guwahati,Assam,Summer,Brahmaputra,Agro-Industry,O3,174.22,0.88,27135.5,225718.0,3205.0,157935.0,No,Moderate,Acceptable,89.0,105.28,60.53,28.44,3.27,118.2,163.77
2011,Guwahati,Assam,Summer,Brahmaputra,Agro-Industry,PM10,179.26,1.72,44006.0,225718.0,3205.0,157935.0,No,Moderate,Acceptable,93.82,121.5,75.93,30.11,4.44,91.22,168.5
2011,Guwahati,Assam,Winter,Brahmaputra,Agro-Industry,PM10,216.23,1.09,16971.67,225718.0,3205.0,157935.0,No,Poor,Good,106.51,155.37,84.34,52.63,1.81,73.84,203.26
2011,Hyderabad,Telangana,Monsoon,Musi,Manufacturing,NO2,180.5,1.05,9331.0,118862.0,2276.0,6045492.0,No,Moderate,Acceptable,77.39,110.97,119.62,45.79,2.88,15.25,169.67
2011,Hyderabad,Telangana,Monsoon,Musi,Manufacturing,O3,173.88,1.42,22565.0,118862.0,2276.0,6045492.0,No,Moderate,Acceptable,68.63,103.69,47.37,32.71,0.51,150.06,163.45
2011,Hyderabad,Telangana,Monsoon,Musi,Manufacturing,PM10,176.53,1.14,40890.5,118862.0,2276.0,6045492.0,No,Moderate,Acceptable,93.35,110.89,72.8,39.08,1.2,79.33,165.94
2011,Hyderabad,Telangana,Post-Monsoon,Musi,Manufacturing,O3,173.48,0.87,32914.0,118862.0,2276.0,6045492.0,No,Moderate,Good,83.67,111.44,83.69,74.83,0.55,142.13,163.07
2011,Hyderabad,Telangana,Post-Monsoon,Musi,Manufacturing,PM10,247.99,1.61,39023.0,118862.0,2276.0,6045492.0,No,Poor,Acceptable,128.76,156.47,119.55,29.02,3.05,29.88,233.11
2011,Hyderabad,Telangana,Summer,Musi,Manufacturing,O3,172.76,1.48,26218.0,118862.0,2276.0,6045492.0,No,Moderate,Acceptable,82.86,107.1,82.94,42.14,3.16,121.32,162.39
2011,Hyderabad,Telangana,Summer,Musi,Manufacturing,PM10,175.91,1.19,19266.0,118862.0,2276.0,6045492.0,No,Moderate,Acceptable,80.15,124.59,64.15,60.84,4.31,20.01,165.36
2011,Hyderabad,Telangana,Winter,Musi,Manufacturing,O3,173.97,1.06,27574.0,118862.0,2276.0,6045492.0,No,Moderate,Acceptable,97.22,104.57,48.91,51.38,2.19,116.79,163.53
2011,Hyderabad,Telangana,Winter,Musi,Manufacturing,PM10,226.98,0.96,36562.0,118862.0,2276.0,6045492.0,No,Poor,Good,121.54,147.36,26.21,19.84,3.54,107.72,213.36
2011,Jaipur,Rajasthan,Monsoon,Banas,Manufacturing,O3,143.48,1.17,16583.0,145294.0,11581.0,1759714.0,No,Moderate,Acceptable,63.6,104.29,21.06,17.67,0.94,110.25,134.87
2011,Jaipur,Rajasthan,Monsoon,Banas,Manufacturing,PM10,139.65,1.15,17438.0,145294.0,11581.0,1759714.0,No,Moderate,Good,73.79,89.42,55.12,16.47,3.13,32.84,131.27
2011,Jaipur,Rajasthan,Post-Monsoon,Banas,Manufacturing,NO2,133.61,1.58,26251.0,145294.0,11581.0,1759714.0,No,Moderate,Acceptable,67.66,91.81,109.0,31.06,1.31,53.57,125.59
2011,Jaipur,Rajasthan,Post-Monsoon,Banas,Manufacturing,O3,181.16,2.24,33577.0,145294.0,11581.0,1759714.0,No,Moderate,Polluted,95.02,100.94,94.96,52.03,1.13,112.12,170.29
2011,Jaipur,Rajasthan,Summer,Banas,Manufacturing,NO2,143.48,1.68,26546.0,145294.0,11581.0,1759714.0,No,Moderate,Acceptable,84.85,91.99,102.76,18.07,3.78,41.01,134.87
2011,Jaipur,Rajasthan,Summer,Banas,Manufacturing,O3,142.89,1.1,16364.0,145294.0,11581.0,1759714.0,No,Moderate,Acceptable,70.99,86.65,85.9,38.65,2.54,100.92,134.32
2011,Jaipur,Rajasthan,Winter,Banas,Manufacturing,NO2,141.85,0.33,27087.0,145294.0,11581.0,1759714.0,No,Moderate,Good,67.62,82.86,83.91,14.0,3.13,56.87,133.34
2011,Jaipur,Rajasthan,Winter,Banas,Manufacturing,O3,175.99,1.16,14788.0,145294.0,11581.0,1759714.0,No,Moderate,Acceptable,82.77,107.47,84.48,21.26,2.03,130.99,165.43
2011,Jaipur,Rajasthan,Winter,Banas,Manufacturing,PM10,187.39,1.6,15580.0,145294.0,11581.0,1759714.0,No,Moderate,Acceptable,92.98,113.59,64.32,32.05,1.35,110.37,176.15
2011,Jorapokhar,Jharkhand,Monsoon,Damodar,Mining/Coal,NO2,147.75,0.57,32495.0,62258.0,879.0,50984.0,No,Moderate,Good,72.64,95.51,111.31,42.84,2.1,50.71,138.88
2011,Jorapokhar,Jharkhand,Monsoon,Damodar,Mining/Coal,O3,143.19,1.5,38952.0,62258.0,879.0,50984.0,No,Moderate,Acceptable,70.41,102.82,20.74,14.45,1.36,170.72,134.6
2011,Jorapokhar,Jharkhand,Monsoon,Damodar,Mining/Coal,PM10,145.53,1.17,15640.5,62258.0,879.0,50984.0,No,Moderate,Acceptable,64.41,93.57,37.13,24.74,1.91,31.47,136.8
2011,Jorapokhar,Jharkhand,Post-Monsoon,Damodar,Mining/Coal,PM10,170.38,1.16,26726.0,62258.0,879.0,50984.0,No,Moderate,Acceptable,75.54,116.35,18.11,29.94,3.23,105.41,160.16
2011,Jorapokhar,Jharkhand,Summer,Damodar,Mining/Coal,NO2,150.18,1.5,19979.0,62258.0,879.0,50984.0,No,Moderate,Acceptable,80.75,91.37,125.81,76.18,2.34,90.77,141.17
2011,Jorapokhar,Jharkhand,Summer,Damodar,Mining/Coal,O3,154.43,0.99,24143.0,62258.0,879.0,50984.0,No,Moderate,Good,68.09,100.84,81.78,44.33,1.35,179.82,145.16
2011,Jorapokhar,Jharkhand,Summer,Damodar,Mining/Coal,PM10,148.55,1.53,36056.0,62258.0,879.0,50984.0,No,Moderate,Acceptable,86.51,105.81,97.28,61.25,4.12,56.09,139.64
2011,Jorapokhar,Jharkhand,Winter,Damodar,Mining/Coal,NO2,198.17,1.28,50594.0,62258.0,879.0,50984.0,No,Moderate,Acceptable,96.59,119.74,134.93,71.28,2.09,65.4,186.28
2011,Jorapokhar,Jharkhand,Winter,Damodar,Mining/Coal,PM10,174.72,1.53,26155.5,62258.0,879.0,50984.0,No,Moderate,Acceptable,93.24,117.25,88.02,29.25,3.07,89.02,164.24
2011,Kochi,Kerala,Monsoon,Periyar,Shipping/Refinery,PM10,214.97,1.26,30516.0,77050.0,7201.0,569774.0,No,Poor,Acceptable,107.65,153.81,59.14,42.59,2.92,121.43,202.07
2011,Kochi,Kerala,Monsoon,Periyar,Shipping/Refinery,PM2.5,215.88,1.14,26875.0,77050.0,7201.0,569774.0,No,Poor,Good,127.96,119.34,87.04,31.54,2.31,83.3,202.93
2011,Kochi,Kerala,Post-Monsoon,Periyar,Shipping/Refinery,PM10,254.64,1.42,13774.0,77050.0,7201.0,569774.0,No,Poor,Acceptable,130.15,158.44,80.71,57.92,1.49,110.24,239.36
2011,Kochi,Kerala,Summer,Periyar,Shipping/Refinery,O3,212.91,1.32,26633.5,77050.0,7201.0,569774.0,No,Poor,Good,109.95,147.2,92.44,51.04,1.19,160.86,200.14
2011,Kochi,Kerala,Summer,Periyar,Shipping/Refinery,PM10,214.48,1.65,39487.0,77050.0,7201.0,569774.0,No,Poor,Acceptable,92.74,153.17,115.31,10.62,1.22,76.86,201.61
2011,Kochi,Kerala,Winter,Periyar,Shipping/Refinery,PM10,270.43,1.13,30317.0,77050.0,7201.0,569774.0,No,Poor,Acceptable,126.8,197.94,23.28,32.05,0.43,56.38,254.2
2011,Kochi,Kerala,Winter,Periyar,Shipping/Refinery,PM2.5,257.7,1.05,20856.5,77050.0,7201.0,569774.0,No,Poor,Good,147.95,139.54,25.99,16.2,3.5,68.1,242.24
2011,Kolkata,West Bengal,Monsoon,Hooghly,Manufacturing,O3,216.21,1.3,48326.0,38375.0,6509.0,9524855.0,No,Poor,Acceptable,102.86,150.82,71.09,44.35,3.02,168.47,203.24
2011,Kolkata,West Bengal,Monsoon,Hooghly,Manufacturing,PM10,205.88,1.09,32746.33,38375.0,6509.0,9524855.0,No,Poor,Good,99.37,141.47,55.93,65.39,2.8,103.75,193.53
2011,Kolkata,West Bengal,Post-Monsoon,Hooghly,Manufacturing,PM10,238.7,1.2,28827.5,38375.0,6509.0,9524855.0,No,Poor,Acceptable,127.65,165.68,77.09,44.86,2.22,106.65,224.38
2011,Kolkata,West Bengal,Summer,Hooghly,Manufacturing,PM10,211.4,1.09,25863.0,38375.0,6509.0,9524855.0,No,Poor,Good,103.55,123.81,105.65,51.76,2.72,87.43,198.72
2011,Kolkata,West Bengal,Summer,Hooghly,Manufacturing,PM2.5,211.12,1.02,48636.0,38375.0,6509.0,9524855.0,No,Poor,Acceptable,112.45,110.78,74.47,9.27,4.01,56.97,198.45
2011,Kolkata,West Bengal,Winter,Hooghly,Manufacturing,O3,196.56,1.04,30141.0,38375.0,6509.0,9524855.0,No,Moderate,Acceptable,115.54,120.3,49.33,6.72,4.5,139.19,184.77
2011,Kolkata,West Bengal,Winter,Hooghly,Manufacturing,PM10,283.39,1.35,31224.0,38375.0,6509.0,9524855.0,No,Poor,Acceptable,138.06,158.62,60.0,69.98,3.49,73.16,266.39
2011,Lucknow,Uttar Pradesh,Monsoon,Gomti,Agro-Industry,O3,200.92,0.93,46946.0,245274.0,5651.0,753573.0,No,Poor,Good,107.44,123.42,16.54,57.85,0.38,152.35,188.86
2011,Lucknow,Uttar Pradesh,Monsoon,Gomti,Agro-Industry,PM10,189.36,1.48,32360.0,245274.0,5651.0,753573.0,No,Moderate,Acceptable,101.31,132.43,18.39,41.73,2.35,75.7,178.0
2011,Lucknow,Uttar Pradesh,Post-Monsoon,Gomti,Agro-Industry,O3,206.75,1.5,39370.0,245274.0,5651.0,753573.0,No,Poor,Acceptable,105.7,116.17,46.97,46.39,2.15,134.46,194.34
2011,Lucknow,Uttar Pradesh,Post-Monsoon,Gomti,Agro-Industry,PM10,247.56,0.74,41817.0,245274.0,5651.0,753573.0,No,Poor,Good,123.02,151.42,79.62,25.77,3.32,142.99,232.71
2011,Lucknow,Uttar Pradesh,Summer,Gomti,Agro-Industry,O3,196.38,0.92,42948.0,245274.0,5651.0,753573.0,No,Moderate,Good,86.0,128.43,104.05,28.0,1.46,144.76,184.6
2011,Lucknow,Uttar Pradesh,Summer,Gomti,Agro-Industry,PM10,200.89,1.4,4151.0,245274.0,5651.0,753573.0,No,Poor,Acceptable,85.78,127.77,50.51,35.24,2.59,19.15,188.84
2011,Lucknow,Uttar Pradesh,Winter,Gomti,Agro-Industry,O3,252.09,1.27,15425.0,245274.0,5651.0,753573.0,No,Poor,Acceptable,116.3,142.64,75.26,64.46,2.17,158.3,236.96
2011,Lucknow,Uttar Pradesh,Winter,Gomti,Agro-Industry,PM10,196.74,1.61,40762.0,245274.0,5651.0,753573.0,No,Moderate,Acceptable,110.97,140.35,116.51,22.51,3.23,19.21,184.94
2011,Mumbai,Maharashtra,Monsoon,Ulhas,Manufacturing,NO2,122.43,1.4,4916.0,95028.0,8717.0,16170233.0,No,Moderate,Acceptable,56.8,64.75,67.9,55.31,0.66,55.15,115.08
2011,Mumbai,Maharashtra,Monsoon,Ulhas,Manufacturing,O3,115.37,1.26,34163.0,95028.0,8717.0,16170233.0,No,Moderate,Acceptable,51.9,68.54,58.48,43.47,3.57,139.37,108.45
2011,Mumbai,Maharashtra,Post-Monsoon,Ulhas,Manufacturing,O3,117.69,2.21,50775.0,95028.0,8717.0,16170233.0,No,Moderate,Polluted,57.33,63.77,59.29,47.88,0.61,117.37,110.63
2011,Mumbai,Maharashtra,Post-Monsoon,Ulhas,Manufacturing,PM10,149.23,1.1,39966.0,95028.0,8717.0,16170233.0,No,Moderate,Acceptable,87.17,98.55,26.93,38.35,3.26,51.2,140.28
2011,Mumbai,Maharashtra,Summer,Ulhas,Manufacturing,PM10,110.8,2.05,29925.0,95028.0,8717.0,16170233.0,No,Moderate,Polluted,47.66,67.29,65.04,60.53,2.24,19.17,104.15
2011,Mumbai,Maharashtra,Summer,Ulhas,Manufacturing,PM2.5,109.4,1.39,28286.0,95028.0,8717.0,16170233.0,No,Moderate,Acceptable,65.5,59.46,11.25,60.96,3.64,30.53,102.84
2011,Mumbai,Maharashtra,Summer,Ulhas,Manufacturing,SO2,108.26,1.63,21432.0,95028.0,8717.0,16170233.0,No,Moderate,Acceptable,45.55,66.55,79.18,80.69,3.94,13.71,101.76
2011,Mumbai,Maharashtra,Winter,Ulhas,Manufacturing,NO2,149.52,0.87,23606.0,95028.0,8717.0,16170233.0,No,Moderate,Good,58.22,90.33,102.53,22.5,3.02,46.99,140.55
2011,Mumbai,Maharashtra,Winter,Ulhas,Manufacturing,O3,111.76,1.51,42093.0,95028.0,8717.0,16170233.0,No,Moderate,Acceptable,53.71,70.27,68.31,52.45,0.33,85.78,105.05
2011,Mumbai,Maharashtra,Winter,Ulhas,Manufacturing,PM10,149.28,1.64,3538.0,95028.0,8717.0,16170233.0,No,Moderate,Acceptable,64.84,93.09,15.81,13.65,2.41,54.13,140.32
2011,Patna,Bihar,Monsoon,Ganga,Agro-Industry,NO2,125.28,1.33,35186.5,151160.0,625.0,320103.0,No,Moderate,Acceptable,55.27,69.74,91.16,58.79,2.56,55.93,117.76
2011,Patna,Bihar,Monsoon,Ganga,Agro-Industry,O3,123.88,1.25,28937.5,151160.0,625.0,320103.0,No,Moderate,Acceptable,65.39,85.88,60.6,34.62,1.72,111.36,116.45
2011,Patna,Bihar,Post-Monsoon,Ganga,Agro-Industry,O3,126.34,0.67,44733.0,151160.0,625.0,320103.0,No,Moderate,Good,67.57,74.85,22.45,44.33,0.65,148.03,118.76
2011,Patna,Bihar,Post-Monsoon,Ganga,Agro-Industry,PM10,168.79,0.93,15737.0,151160.0,625.0,320103.0,No,Moderate,Good,68.98,111.65,66.68,43.1,1.32,34.31,158.66
2011,Patna,Bihar,Summer,Ganga,Agro-Industry,O3,126.07,1.49,40391.5,151160.0,625.0,320103.0,No,Moderate,Acceptable,61.92,73.02,55.09,29.48,2.22,134.06,118.51
2011,Patna,Bihar,Summer,Ganga,Agro-Industry,PM10,125.14,1.25,48001.0,151160.0,625.0,320103.0,No,Moderate,Acceptable,55.1,81.68,47.6,62.87,4.06,77.06,117.63
2011,Patna,Bihar,Winter,Ganga,Agro-Industry,NO2,166.48,1.22,19545.0,151160.0,625.0,320103.0,No,Moderate,Acceptable,82.32,104.06,117.14,31.75,4.31,66.98,156.49
2011,Patna,Bihar,Winter,Ganga,Agro-Industry,O3,125.1,1.42,45404.0,151160.0,625.0,320103.0,No,Moderate,Acceptable,54.69,77.76,18.11,66.44,2.27,114.28,117.59
2011,Shillong,Meghalaya,Monsoon,Umiam,Handicrafts,O3,89.91,1.05,46563.0,225718.0,3205.0,93808.0,No,Satisfactory,Acceptable,53.78,62.35,7.71,25.79,2.26,76.97,84.52
2011,Shillong,Meghalaya,Monsoon,Umiam,Handicrafts,PM10,88.42,1.36,25910.67,225718.0,3205.0,93808.0,No,Satisfactory,Acceptable,44.25,55.09,20.25,15.16,1.4,40.25,83.11
2011,Shillong,Meghalaya,Post-Monsoon,Umiam,Handicrafts,NO2,94.13,1.43,19451.0,225718.0,3205.0,93808.0,No,Satisfactory,Acceptable,38.05,53.03,59.11,34.78,0.81,51.11,88.48
2011,Shillong,Meghalaya,Post-Monsoon,Umiam,Handicrafts,O3,123.56,1.29,22982.0,225718.0,3205.0,93808.0,No,Moderate,Acceptable,46.46,65.31,5.48,28.99,1.77,80.28,116.15
2011,Shillong,Meghalaya,Summer,Umiam,Handicrafts,O3,90.62,0.88,27135.5,225718.0,3205.0,93808.0,No,Satisfactory,Acceptable,47.5,54.18,29.45,14.62,1.65,62.26,85.18
2011,Shillong,Meghalaya,Summer,Umiam,Handicrafts,PM10,92.21,1.78,44006.0,225718.0,3205.0,93808.0,No,Satisfactory,Acceptable,42.63,62.26,37.35,14.53,2.12,46.01,86.68
2011,Shillong,Meghalaya,Winter,Umiam,Handicrafts,PM10,111.9,1.07,16971.67,225718.0,3205.0,93808.0,No,Moderate,Good,58.37,69.81,45.31,26.26,0.9,34.52,105.19
2011,Talcher,Odisha,Monsoon,Brahmani,Thermal Power,NO2,176.7,1.02,45197.0,64724.0,9954.0,137474.0,No,Moderate,Acceptable,100.22,93.05,131.11,10.55,1.07,35.8,166.1
2011,Talcher,Odisha,Monsoon,Brahmani,Thermal Power,O3,180.02,0.72,18357.0,64724.0,9954.0,137474.0,No,Moderate,Good,88.32,102.95,30.97,74.13,0.78,150.04,169.22
2011,Talcher,Odisha,Monsoon,Brahmani,Thermal Power,PM10,170.49,1.37,38573.0,64724.0,9954.0,137474.0,No,Moderate,Acceptable,80.92,99.51,93.15,18.72,3.83,65.37,160.26
2011,Talcher,Odisha,Post-Monsoon,Brahmani,Thermal Power,O3,169.88,1.4,39609.0,64724.0,9954.0,137474.0,No,Moderate,Acceptable,71.99,129.61,25.88,87.13,0.57,139.3,159.69
2011,Talcher,Odisha,Post-Monsoon,Brahmani,Thermal Power,PM10,220.16,1.29,30042.0,64724.0,9954.0,137474.0,No,Poor,Acceptable,108.65,160.14,63.62,53.64,4.55,158.45,206.95
2011,Talcher,Odisha,Summer,Brahmani,Thermal Power,O3,172.35,1.04,20946.67,64724.0,9954.0,137474.0,No,Moderate,Acceptable,91.33,113.02,42.97,51.02,1.19,176.05,162.01
2011,Talcher,Odisha,Winter,Brahmani,Thermal Power,PM10,226.27,0.77,23361.5,64724.0,9954.0,137474.0,No,Poor,Good,129.46,144.68,42.6,51.53,3.26,103.49,212.69
2011,Talcher,Odisha,Winter,Brahmani,Thermal Power,PM2.5,168.2,1.72,17580.0,64724.0,9954.0,137474.0,No,Moderate,Acceptable,104.61,101.54,20.19,15.65,1.0,20.67,158.11
2011,Thiruvananthapuram,Kerala,Monsoon,Karamana,IT/Electronics,NO2,122.23,1.07,3144.0,198830.0,12507.0,662662.0,No,Moderate,Acceptable,50.23,67.8,79.2,17.65,4.63,66.85,114.9
2011,Thiruvananthapuram,Kerala,Monsoon,Karamana,IT/Electronics,O3,125.98,1.5,24220.5,198830.0,12507.0,662662.0,No,Moderate,Acceptable,61.26,79.63,61.07,37.65,2.95,154.54,118.42
2011,Thiruvananthapuram,Kerala,Monsoon,Karamana,IT/Electronics,PM10,123.05,1.2,18074.0,198830.0,12507.0,662662.0,No,Moderate,Acceptable,50.4,72.95,43.72,24.04,3.52,21.32,115.67
2011,Thiruvananthapuram,Kerala,Post-Monsoon,Karamana,IT/Electronics,PM10,145.72,1.1,14185.5,198830.0,12507.0,662662.0,No,Moderate,Acceptable,82.32,95.01,34.89,66.94,3.82,48.41,136.98
2011,Thiruvananthapuram,Kerala,Summer,Karamana,IT/Electronics,O3,125.28,1.34,35433.0,198830.0,12507.0,662662.0,No,Moderate,Acceptable,64.16,77.27,31.94,36.97,3.23,143.1,117.76
2011,Thiruvananthapuram,Kerala,Summer,Karamana,IT/Electronics,PM10,128.5,1.52,31843.0,198830.0,12507.0,662662.0,No,Moderate,Acceptable,56.33,82.22,79.01,33.34,2.24,60.19,120.79
2011,Thiruvananthapuram,Kerala,Winter,Karamana,IT/Electronics,O3,126.9,1.36,48103.0,198830.0,12507.0,662662.0,No,Moderate,Acceptable,72.62,85.12,38.94,37.3,4.37,111.35,119.29
2011,Thiruvananthapuram,Kerala,Winter,Karamana,IT/Electronics,PM10,159.21,1.28,38084.5,198830.0,12507.0,662662.0,No,Moderate,Acceptable,74.28,112.32,75.52,14.36,1.67,64.82,149.66
2011,Visakhapatnam,Andhra Pradesh,Monsoon,Gosthani,Mining,O3,168.49,1.42,22565.0,118862.0,2276.0,124547.0,No,Moderate,Acceptable,65.59,93.76,43.31,31.27,0.46,147.0,158.38
2011,Visakhapatnam,Andhra Pradesh,Monsoon,Gosthani,Mining,PM10,164.56,1.13,30370.67,118862.0,2276.0,124547.0,No,Moderate,Acceptable,82.62,109.68,82.98,38.75,1.66,54.21,154.69
2011,Visakhapatnam,Andhra Pradesh,Post-Monsoon,Gosthani,Mining,O3,157.66,0.87,32914.0,118862.0,2276.0,124547.0,No,Moderate,Good,80.1,105.63,79.72,71.61,0.51,133.91,148.2
2011,Visakhapatnam,Andhra Pradesh,Post-Monsoon,Gosthani,Mining,PM10,224.72,1.57,39023.0,118862.0,2276.0,124547.0,No,Poor,Acceptable,120.72,149.26,112.64,27.69,2.73,27.69,211.24
2011,Visakhapatnam,Andhra Pradesh,Summer,Gosthani,Mining,O3,160.37,1.06,3054.0,118862.0,2276.0,124547.0,No,Moderate,Acceptable,75.3,92.3,79.34,7.8,2.11,110.96,150.75
2011,Visakhapatnam,Andhra Pradesh,Summer,Gosthani,Mining,PM10,168.54,1.5,34324.0,118862.0,2276.0,124547.0,No,Moderate,Acceptable,81.41,112.78,69.73,68.64,3.74,64.27,158.43
2011,Visakhapatnam,Andhra Pradesh,Winter,Gosthani,Mining,O3,167.65,1.01,27574.0,118862.0,2276.0,124547.0,No,Moderate,Acceptable,85.75,98.49,46.49,52.25,2.14,114.96,157.59
2011,Visakhapatnam,Andhra Pradesh,Winter,Gosthani,Mining,PM10,218.3,0.96,36562.0,118862.0,2276.0,124547.0,No,Poor,Good,114.74,153.3,25.9,20.7,3.38,101.24,205.2
2012,Ahmedabad,Gujarat,Monsoon,Sabarmati,Chemical,O3,133.77,1.27,35482.0,144598.0,3496.0,4700463.0,No,Moderate,Good,60.75,88.12,65.87,35.18,1.29,125.88,125.74
2012,Ahmedabad,Gujarat,Monsoon,Sabarmati,Chemical,PM10,142.8,0.76,46689.0,144598.0,3496.0,4700463.0,No,Moderate,Good,60.5,78.96,36.33,62.73,2.17,60.59,134.23
2012,Ahmedabad,Gujarat,Post-Monsoon,Sabarmati,Chemical,PM10,159.85,1.26,13312.0,144598.0,3496.0,4700463.0,No,Moderate,Acceptable,84.34,102.41,53.75,38.38,3.34,83.28,150.26
2012,Ahmedabad,Gujarat,Summer,Sabarmati,Chemical,O3,136.27,1.4,32016.0,144598.0,3496.0,4700463.0,No,Moderate,Acceptable,70.31,92.76,114.49,24.45,2.11,142.26,128.09
2012,Ahmedabad,Gujarat,Winter,Sabarmati,Chemical,O3,154.54,1.04,6053.0,144598.0,3496.0,4700463.0,No,Moderate,Good,82.03,92.7,80.03,57.71,4.01,123.72,145.27
2012,Ahmedabad,Gujarat,Winter,Sabarmati,Chemical,PM10,174.71,0.84,12312.0,144598.0,3496.0,4700463.0,No,Moderate,Good,66.6,113.7,88.4,27.54,2.29,25.27,164.23
2012,Aizawl,Mizoram,Monsoon,Tlawng,Handicrafts,O3,82.36,0.88,29534.5,226216.0,3213.0,58710.0,No,Satisfactory,Acceptable,46.07,45.15,21.84,7.06,1.44,79.36,77.42
2012,Aizawl,Mizoram,Monsoon,Tlawng,Handicrafts,PM10,81.5,1.36,8261.5,226216.0,3213.0,58710.0,No,Satisfactory,Acceptable,40.53,53.66,22.02,14.58,0.92,27.74,76.61
2012,Aizawl,Mizoram,Post-Monsoon,Tlawng,Handicrafts,O3,75.75,2.02,47646.0,226216.0,3213.0,58710.0,No,Satisfactory,Polluted,43.31,45.28,26.17,35.42,1.49,72.18,71.2
2012,Aizawl,Mizoram,Post-Monsoon,Tlawng,Handicrafts,PM10,110.6,1.19,18073.0,226216.0,3213.0,58710.0,No,Moderate,Acceptable,57.11,65.08,28.75,23.29,1.2,13.26,103.96
2012,Aizawl,Mizoram,Summer,Tlawng,Handicrafts,O3,79.55,1.18,29324.0,226216.0,3213.0,58710.0,No,Satisfactory,Good,33.24,45.06,19.88,27.56,1.83,77.75,74.78
2012,Aizawl,Mizoram,Summer,Tlawng,Handicrafts,PM10,80.42,0.4,25221.0,226216.0,3213.0,58710.0,No,Satisfactory,Good,42.17,53.18,5.74,18.64,1.54,39.15,75.59
2012,Aizawl,Mizoram,Winter,Tlawng,Handicrafts,PM10,92.82,0.99,34449.0,226216.0,3213.0,58710.0,No,Satisfactory,Acceptable,47.67,66.43,30.44,31.34,0.62,45.28,87.25
2012,Aizawl,Mizoram,Winter,Tlawng,Handicrafts,PM2.5,86.21,0.83,36040.0,226216.0,3213.0,58710.0,No,Satisfactory,Good,53.34,50.8,23.77,22.01,1.59,44.7,81.04
2012,Amaravati,Andhra Pradesh,Monsoon,Krishna,Agro-processing,PM10,149.18,0.99,31074.0,120613.0,2307.0,268086.0,No,Moderate,Acceptable,75.96,109.14,53.29,32.48,1.14,78.72,140.23
2012,Amaravati,Andhra Pradesh,Post-Monsoon,Krishna,Agro-processing,PM10,179.96,1.5,29461.5,120613.0,2307.0,268086.0,No,Moderate,Acceptable,93.26,115.3,45.12,4.29,1.8,68.76,169.16
2012,Amaravati,Andhra Pradesh,Summer,Krishna,Agro-processing,O3,152.85,1.02,49824.0,120613.0,2307.0,268086.0,No,Moderate,Acceptable,64.79,83.27,37.75,16.92,1.64,101.16,143.68
2012,Amaravati,Andhra Pradesh,Summer,Krishna,Agro-processing,PM10,141.46,1.44,26896.0,120613.0,2307.0,268086.0,No,Moderate,Acceptable,79.79,108.2,30.48,17.87,2.62,100.03,132.97
2012,Amaravati,Andhra Pradesh,Summer,Krishna,Agro-processing,PM2.5,152.42,1.72,45156.0,120613.0,2307.0,268086.0,No,Moderate,Acceptable,89.99,88.11,66.82,5.81,3.66,75.75,143.27
2012,Amaravati,Andhra Pradesh,Winter,Krishna,Agro-processing,O3,154.08,1.39,36654.0,120613.0,2307.0,268086.0,No,Moderate,Acceptable,85.83,96.08,40.14,54.33,2.83,129.77,144.84
2012,Amaravati,Andhra Pradesh,Winter,Krishna,Agro-processing,PM10,191.54,1.43,15833.5,120613.0,2307.0,268086.0,No,Moderate,Acceptable,89.45,148.8,20.79,33.75,0.64,64.31,180.05
2012,Amritsar,Punjab,Monsoon,Beas,Agro-Industry,O3,132.7,1.2,36611.0,250705.0,3213.0,646396.0,No,Moderate,Acceptable,62.01,81.99,74.95,44.66,2.0,145.93,124.74
2012,Amritsar,Punjab,Monsoon,Beas,Agro-Industry,PM10,129.99,1.55,31458.0,250705.0,3213.0,646396.0,No,Moderate,Acceptable,60.42,92.34,68.36,65.53,1.99,33.86,122.19
2012,Amritsar,Punjab,Post-Monsoon,Beas,Agro-Industry,PM10,135.33,0.5,31070.0,250705.0,3213.0,646396.0,No,Moderate,Good,73.55,86.65,24.6,78.18,2.64,19.7,127.21
2012,Amritsar,Punjab,Post-Monsoon,Beas,Agro-Industry,PM2.5,163.75,1.5,45764.0,250705.0,3213.0,646396.0,No,Moderate,Acceptable,104.18,97.32,73.81,43.17,3.52,61.46,153.92
2012,Amritsar,Punjab,Summer,Beas,Agro-Industry,NO2,134.96,1.17,47648.0,250705.0,3213.0,646396.0,No,Moderate,Acceptable,82.01,89.81,103.78,57.9,2.8,96.92,126.86
2012,Amritsar,Punjab,Summer,Beas,Agro-Industry,O3,133.21,1.23,32152.0,250705.0,3213.0,646396.0,No,Moderate,Good,62.66,84.22,50.56,20.52,2.67,121.26,125.22
2012,Amritsar,Punjab,Winter,Beas,Agro-Industry,O3,154.65,1.39,27315.67,250705.0,3213.0,646396.0,No,Moderate,Acceptable,74.35,103.72,39.88,45.15,1.49,153.92,145.37
2012,Bengaluru,Karnataka,Monsoon,Arkavathi,Agro-Industry,NO2,92.44,1.06,25583.5,106169.0,12441.0,2222916.0,No,Satisfactory,Acceptable,50.08,56.65,80.96,36.08,1.92,59.04,86.89
2012,Bengaluru,Karnataka,Monsoon,Arkavathi,Agro-Industry,O3,93.46,0.8,17453.5,106169.0,12441.0,2222916.0,No,Satisfactory,Acceptable,47.84,55.5,71.54,50.5,2.24,127.77,87.85
2012,Bengaluru,Karnataka,Post-Monsoon,Arkavathi,Agro-Industry,O3,108.6,1.32,29333.0,106169.0,12441.0,2222916.0,No,Satisfactory,Acceptable,61.43,63.82,101.34,26.62,2.02,139.82,102.08
2012,Bengaluru,Karnataka,Summer,Arkavathi,Agro-Industry,O3,92.15,1.02,36226.33,106169.0,12441.0,2222916.0,No,Satisfactory,Good,44.23,60.78,71.83,36.29,2.52,119.07,86.62
2012,Bengaluru,Karnataka,Winter,Arkavathi,Agro-Industry,NO2,91.89,1.08,49293.0,106169.0,12441.0,2222916.0,No,Satisfactory,Acceptable,52.25,53.73,105.29,27.19,0.29,46.42,86.38
2012,Bengaluru,Karnataka,Winter,Arkavathi,Agro-Industry,O3,123.05,1.16,45023.0,106169.0,12441.0,2222916.0,No,Moderate,Acceptable,58.07,82.01,96.22,69.34,0.71,105.52,115.67
2012,Bengaluru,Karnataka,Winter,Arkavathi,Agro-Industry,PM10,123.29,0.81,24946.0,106169.0,12441.0,2222916.0,No,Moderate,Good,64.05,92.27,71.86,63.4,3.46,52.72,115.89
2012,Bhopal,Madhya Pradesh,Monsoon,Betwa,Manufacturing,NO2,117.66,1.46,25607.0,21857.0,11297.0,334284.0,No,Moderate,Acceptable,54.81,71.43,109.71,35.18,2.14,19.08,110.6
2012,Bhopal,Madhya Pradesh,Monsoon,Betwa,Manufacturing,O3,114.06,1.05,23336.0,21857.0,11297.0,334284.0,No,Moderate,Good,64.12,78.6,58.74,40.83,2.98,114.15,107.22
2012,Bhopal,Madhya Pradesh,Monsoon,Betwa,Manufacturing,PM10,110.77,0.88,21974.0,21857.0,11297.0,334284.0,No,Moderate,Good,61.26,70.55,53.51,52.38,3.75,65.32,104.12
2012,Bhopal,Madhya Pradesh,Post-Monsoon,Betwa,Manufacturing,PM10,131.96,1.48,25765.0,21857.0,11297.0,334284.0,No,Moderate,Acceptable,55.22,93.1,61.53,34.47,3.01,25.44,124.04
2012,Bhopal,Madhya Pradesh,Summer,Betwa,Manufacturing,NO2,122.47,0.6,9775.0,21857.0,11297.0,334284.0,No,Moderate,Good,60.76,69.09,86.13,70.71,0.52,74.99,115.12
2012,Bhopal,Madhya Pradesh,Summer,Betwa,Manufacturing,O3,117.36,1.18,39309.5,21857.0,11297.0,334284.0,No,Moderate,Acceptable,58.19,76.22,61.89,34.19,3.22,158.78,110.32
2012,Bhopal,Madhya Pradesh,Winter,Betwa,Manufacturing,NO2,115.94,1.78,34470.0,21857.0,11297.0,334284.0,No,Moderate,Acceptable,56.61,80.04,111.41,61.11,2.93,51.59,108.98
2012,Bhopal,Madhya Pradesh,Winter,Betwa,Manufacturing,O3,157.05,0.92,47752.0,21857.0,11297.0,334284.0,No,Moderate,Good,68.31,108.48,105.44,16.22,1.41,123.73,147.63
2012,Bhopal,Madhya Pradesh,Winter,Betwa,Manufacturing,PM10,150.19,0.51,5866.0,21857.0,11297.0,334284.0,No,Moderate,Good,81.47,114.29,88.88,14.61,3.85,11.32,141.18
2012,Brajrajnagar,Odisha,Monsoon,Ib,Coal/Power,O3,96.89,1.09,22970.75,230048.0,7695.0,56647.0,No,Satisfactory,Good,49.65,57.86,66.38,50.05,3.54,163.25,91.08
2012,Brajrajnagar,Odisha,Post-Monsoon,Ib,Coal/Power,O3,96.31,1.2,18277.0,230048.0,7695.0,56647.0,No,Satisfactory,Acceptable,49.02,69.89,82.42,9.55,4.19,174.98,90.53
2012,Brajrajnagar,Odisha,Post-Monsoon,Ib,Coal/Power,PM10,126.79,1.67,4562.0,230048.0,7695.0,56647.0,No,Moderate,Acceptable,67.22,92.57,70.08,17.3,0.7,28.71,119.18
2012,Brajrajnagar,Odisha,Summer,Ib,Coal/Power,O3,92.29,0.77,27025.0,230048.0,7695.0,56647.0,No,Satisfactory,Good,43.79,59.89,64.78,46.99,2.57,151.44,86.75
2012,Brajrajnagar,Odisha,Winter,Ib,Coal/Power,NO2,115.56,1.3,20444.0,230048.0,7695.0,56647.0,No,Moderate,Acceptable,63.15,92.95,109.13,60.28,3.54,67.92,108.63
2012,Brajrajnagar,Odisha,Winter,Ib,Coal/Power,O3,111.46,1.27,13748.0,230048.0,7695.0,56647.0,No,Satisfactory,Acceptable,54.43,68.16,47.4,60.41,4.9,168.62,104.77
2012,Chandigarh,Chandigarh,Monsoon,Sukhna,Manufacturing,O3,105.5,1.18,36611.0,250705.0,3213.0,921081.0,No,Moderate,Acceptable,49.72,64.12,63.62,33.65,1.67,114.28,99.17
2012,Chandigarh,Chandigarh,Monsoon,Sukhna,Manufacturing,PM10,106.9,1.58,31458.0,250705.0,3213.0,921081.0,No,Moderate,Acceptable,48.45,74.28,55.74,49.11,1.58,25.72,100.49
2012,Chandigarh,Chandigarh,Post-Monsoon,Sukhna,Manufacturing,PM10,100.91,0.5,31070.0,250705.0,3213.0,921081.0,No,Moderate,Good,55.62,64.53,19.84,58.63,2.14,16.49,94.86
2012,Chandigarh,Chandigarh,Post-Monsoon,Sukhna,Manufacturing,PM2.5,140.23,1.5,45764.0,250705.0,3213.0,921081.0,No,Moderate,Acceptable,81.03,75.8,55.55,35.31,3.0,47.24,131.82
2012,Chandigarh,Chandigarh,Summer,Sukhna,Manufacturing,O3,107.08,1.18,37317.33,250705.0,3213.0,921081.0,No,Moderate,Good,54.61,66.62,54.27,28.69,2.09,93.79,100.66
2012,Chandigarh,Chandigarh,Winter,Sukhna,Manufacturing,O3,123.65,1.39,20665.5,250705.0,3213.0,921081.0,No,Moderate,Acceptable,59.38,83.82,34.81,43.88,0.99,136.89,116.23
2012,Chandigarh,Chandigarh,Winter,Sukhna,Manufacturing,PM10,136.29,1.29,40616.0,250705.0,3213.0,921081.0,No,Moderate,Acceptable,60.93,86.98,19.03,19.14,1.78,85.28,128.11
2012,Chennai,Tamil Nadu,Monsoon,Cooum,Manufacturing,NO2,137.84,1.48,9135.0,48292.0,7021.0,14296980.0,No,Moderate,Acceptable,78.08,82.55,104.38,9.8,3.68,38.58,129.57
2012,Chennai,Tamil Nadu,Monsoon,Cooum,Manufacturing,O3,137.75,1.32,10773.0,48292.0,7021.0,14296980.0,No,Moderate,Acceptable,64.39,75.21,57.17,70.37,4.04,123.46,129.48
2012,Chennai,Tamil Nadu,Monsoon,Cooum,Manufacturing,PM10,139.9,1.2,24717.5,48292.0,7021.0,14296980.0,No,Moderate,Acceptable,64.21,95.18,35.68,47.28,2.54,59.61,131.51
2012,Chennai,Tamil Nadu,Post-Monsoon,Cooum,Manufacturing,O3,179.34,1.11,51822.0,48292.0,7021.0,14296980.0,No,Moderate,Acceptable,74.06,121.19,66.15,35.84,2.24,167.72,168.58
2012,Chennai,Tamil Nadu,Post-Monsoon,Cooum,Manufacturing,PM10,131.88,1.62,13930.0,48292.0,7021.0,14296980.0,No,Moderate,Acceptable,58.39,101.29,73.8,60.65,0.49,26.12,123.97
2012,Chennai,Tamil Nadu,Summer,Cooum,Manufacturing,O3,137.2,1.28,47318.0,48292.0,7021.0,14296980.0,No,Moderate,Acceptable,59.99,95.11,48.16,38.17,2.08,168.3,128.97
2012,Chennai,Tamil Nadu,Summer,Cooum,Manufacturing,PM10,138.58,1.13,31813.5,48292.0,7021.0,14296980.0,No,Moderate,Acceptable,60.65,101.54,65.92,66.12,2.52,24.83,130.27
2012,Chennai,Tamil Nadu,Winter,Cooum,Manufacturing,O3,160.98,1.6,39363.5,48292.0,7021.0,14296980.0,No,Moderate,Acceptable,78.03,104.16,27.54,25.55,1.88,127.19,151.32
2012,Chennai,Tamil Nadu,Winter,Cooum,Manufacturing,PM10,179.88,0.93,7789.0,48292.0,7021.0,14296980.0,No,Moderate,Good,73.84,111.06,43.54,67.59,4.3,78.87,169.09
2012,Coimbatore,Tamil Nadu,Monsoon,Noyyal,Manufacturing,NO2,124.23,1.97,26355.0,44541.0,4592.0,4584965.0,No,Moderate,Acceptable,66.73,86.72,111.47,54.45,2.36,27.85,116.78
2012,Coimbatore,Tamil Nadu,Monsoon,Noyyal,Manufacturing,O3,123.83,1.15,36081.0,44541.0,4592.0,4584965.0,No,Moderate,Acceptable,73.03,78.5,65.32,48.19,3.75,80.08,116.4
2012,Coimbatore,Tamil Nadu,Monsoon,Noyyal,Manufacturing,PM10,128.86,1.16,25257.0,44541.0,4592.0,4584965.0,No,Moderate,Good,66.06,87.02,65.88,61.79,2.14,41.76,121.13
2012,Coimbatore,Tamil Nadu,Post-Monsoon,Noyyal,Manufacturing,NO2,126.37,2.13,40416.0,44541.0,4592.0,4584965.0,No,Moderate,Polluted,76.66,94.99,116.29,48.98,1.19,97.11,118.79
2012,Coimbatore,Tamil Nadu,Post-Monsoon,Noyyal,Manufacturing,PM10,168.43,1.3,34495.0,44541.0,4592.0,4584965.0,No,Moderate,Acceptable,70.71,105.61,65.11,45.9,3.97,17.79,158.32
2012,Coimbatore,Tamil Nadu,Summer,Noyyal,Manufacturing,PM10,129.25,1.19,41381.0,44541.0,4592.0,4584965.0,No,Moderate,Good,57.42,82.26,31.9,46.66,2.4,70.24,121.49
2012,Coimbatore,Tamil Nadu,Summer,Noyyal,Manufacturing,SO2,126.08,1.31,45548.0,44541.0,4592.0,4584965.0,No,Moderate,Acceptable,65.53,73.9,36.22,77.63,3.55,23.75,118.52
2012,Coimbatore,Tamil Nadu,Winter,Noyyal,Manufacturing,O3,168.05,1.3,15788.0,44541.0,4592.0,4584965.0,No,Moderate,Acceptable,68.46,97.16,77.05,74.36,2.37,152.29,157.97
2012,Coimbatore,Tamil Nadu,Winter,Noyyal,Manufacturing,PM10,137.86,1.09,12646.5,44541.0,4592.0,4584965.0,No,Moderate,Acceptable,81.5,90.24,49.98,33.11,3.64,21.72,129.59
2012,Delhi,Delhi,Monsoon,Yamuna,Manufacturing,NO2,184.3,1.23,15683.0,230970.0,1398.0,2177015.0,No,Moderate,Acceptable,101.53,109.49,117.99,55.99,2.4,90.3,173.24
2012,Delhi,Delhi,Monsoon,Yamuna,Manufacturing,O3,179.64,1.59,46282.0,230970.0,1398.0,2177015.0,No,Moderate,Acceptable,75.74,132.9,117.35,80.22,0.55,133.15,168.86
2012,Delhi,Delhi,Monsoon,Yamuna,Manufacturing,PM10,181.54,1.01,12989.0,230970.0,1398.0,2177015.0,No,Moderate,Acceptable,97.82,106.2,70.24,68.13,1.86,79.73,170.65
2012,Delhi,Delhi,Post-Monsoon,Yamuna,Manufacturing,PM10,217.4,1.06,24526.5,230970.0,1398.0,2177015.0,No,Moderate,Acceptable,102.6,140.0,57.72,53.4,2.05,72.9,204.36
2012,Delhi,Delhi,Summer,Yamuna,Manufacturing,NO2,182.14,1.59,35904.0,230970.0,1398.0,2177015.0,No,Moderate,Acceptable,102.45,99.27,113.72,70.04,1.38,12.43,171.21
2012,Delhi,Delhi,Summer,Yamuna,Manufacturing,O3,175.07,0.72,27816.0,230970.0,1398.0,2177015.0,No,Moderate,Good,77.48,110.14,14.29,52.34,1.75,125.02,164.57
2012,Delhi,Delhi,Summer,Yamuna,Manufacturing,PM10,190.72,1.68,34269.0,230970.0,1398.0,2177015.0,No,Moderate,Acceptable,100.21,122.7,97.79,50.59,2.62,30.24,179.28
2012,Delhi,Delhi,Winter,Yamuna,Manufacturing,O3,241.71,1.28,38655.0,230970.0,1398.0,2177015.0,No,Poor,Acceptable,140.45,153.29,34.99,12.29,1.02,164.7,227.21
2012,Delhi,Delhi,Winter,Yamuna,Manufacturing,PM10,210.5,1.35,46898.0,230970.0,1398.0,2177015.0,No,Moderate,Acceptable,104.8,132.03,64.72,16.39,1.37,74.04,197.87
2012,Ernakulam,Kerala,Monsoon,Periyar,Shipping/Refinery,O3,193.96,1.08,23057.0,79331.0,7241.0,499751.0,No,Moderate,Good,95.8,114.1,73.2,38.19,1.78,136.24,182.32
2012,Ernakulam,Kerala,Monsoon,Periyar,Shipping/Refinery,PM10,207.2,1.49,27030.5,79331.0,7241.0,499751.0,No,Poor,Acceptable,109.4,141.55,68.34,34.57,2.14,78.52,194.77
2012,Ernakulam,Kerala,Post-Monsoon,Periyar,Shipping/Refinery,O3,188.43,1.28,18906.0,79331.0,7241.0,499751.0,No,Moderate,Acceptable,107.33,127.35,69.46,16.65,2.27,141.25,177.12
2012,Ernakulam,Kerala,Post-Monsoon,Periyar,Shipping/Refinery,PM10,248.36,0.57,24991.0,79331.0,7241.0,499751.0,No,Poor,Good,125.58,186.4,99.99,66.15,0.5,160.35,233.46
2012,Ernakulam,Kerala,Summer,Periyar,Shipping/Refinery,O3,202.83,1.52,17636.0,79331.0,7241.0,499751.0,No,Poor,Acceptable,97.5,122.8,79.22,39.02,2.68,143.57,190.66
2012,Ernakulam,Kerala,Summer,Periyar,Shipping/Refinery,PM10,220.83,1.15,11364.0,79331.0,7241.0,499751.0,No,Poor,Acceptable,112.31,129.92,46.25,10.49,1.02,54.08,207.58
2012,Ernakulam,Kerala,Winter,Periyar,Shipping/Refinery,PM10,231.67,1.53,28189.33,79331.0,7241.0,499751.0,No,Poor,Acceptable,105.91,147.77,53.47,37.05,1.45,80.96,217.77
2012,Gurugram,Haryana,Monsoon,Sahibi,Automobile,O3,124.18,0.9,10169.0,19753.0,5052.0,2287561.0,No,Moderate,Good,64.56,91.32,109.68,57.14,2.72,145.33,116.73
2012,Gurugram,Haryana,Monsoon,Sahibi,Automobile,PM10,124.34,0.84,23078.0,19753.0,5052.0,2287561.0,No,Moderate,Good,60.04,86.1,50.36,18.66,0.56,28.36,116.88
2012,Gurugram,Haryana,Post-Monsoon,Sahibi,Automobile,O3,121.61,1.36,49233.0,19753.0,5052.0,2287561.0,No,Moderate,Acceptable,68.26,84.4,62.73,85.57,3.5,99.68,114.31
2012,Gurugram,Haryana,Post-Monsoon,Sahibi,Automobile,PM10,163.48,1.26,9117.0,19753.0,5052.0,2287561.0,No,Moderate,Acceptable,92.42,101.43,40.95,66.66,4.48,35.5,153.67
2012,Gurugram,Haryana,Summer,Sahibi,Automobile,NO2,121.6,1.52,39147.0,19753.0,5052.0,2287561.0,No,Moderate,Acceptable,70.46,84.56,112.55,44.3,2.52,52.64,114.3
2012,Gurugram,Haryana,Summer,Sahibi,Automobile,O3,122.04,1.61,22187.0,19753.0,5052.0,2287561.0,No,Moderate,Acceptable,52.99,77.15,90.77,83.26,0.49,153.39,114.72
2012,Gurugram,Haryana,Winter,Sahibi,Automobile,O3,151.87,1.08,27539.33,19753.0,5052.0,2287561.0,No,Moderate,Acceptable,77.98,89.34,39.09,55.4,1.35,137.44,142.76
2012,Guwahati,Assam,Monsoon,Brahmaputra,Agro-Industry,O3,175.62,0.86,29534.5,226216.0,3213.0,167411.0,No,Moderate,Acceptable,90.31,116.86,44.74,15.44,3.12,159.93,165.08
2012,Guwahati,Assam,Monsoon,Brahmaputra,Agro-Industry,PM10,176.66,1.34,8261.5,226216.0,3213.0,167411.0,No,Moderate,Acceptable,92.32,116.14,46.28,37.02,1.97,59.7,166.06
2012,Guwahati,Assam,Post-Monsoon,Brahmaputra,Agro-Industry,O3,174.33,1.96,47646.0,226216.0,3213.0,167411.0,No,Moderate,Acceptable,105.48,104.43,55.14,76.48,3.12,159.66,163.87
2012,Guwahati,Assam,Post-Monsoon,Brahmaputra,Agro-Industry,PM10,237.66,1.2,18073.0,226216.0,3213.0,167411.0,No,Poor,Acceptable,125.6,131.21,64.88,55.47,2.68,31.8,223.4
2012,Guwahati,Assam,Summer,Brahmaputra,Agro-Industry,O3,183.75,1.17,29324.0,226216.0,3213.0,167411.0,No,Moderate,Good,79.68,105.28,48.62,53.53,4.24,170.94,172.72
2012,Guwahati,Assam,Summer,Brahmaputra,Agro-Industry,PM10,191.28,0.41,25221.0,226216.0,3213.0,167411.0,No,Moderate,Good,89.99,132.67,13.8,46.06,3.41,77.35,179.8
2012,Guwahati,Assam,Winter,Brahmaputra,Agro-Industry,PM10,219.61,0.94,34979.33,226216.0,3213.0,167411.0,No,Poor,Acceptable,105.41,142.41,66.45,60.89,2.05,106.96,206.43
2012,Hyderabad,Telangana,Monsoon,Musi,Manufacturing,O3,175.45,0.24,49987.0,120613.0,2307.0,6408221.0,No,Moderate,Good,107.06,121.2,70.3,22.52,1.17,128.59,164.92
2012,Hyderabad,Telangana,Monsoon,Musi,Manufacturing,PM10,177.61,1.22,24769.67,120613.0,2307.0,6408221.0,No,Moderate,Acceptable,84.8,132.74,58.0,43.16,1.4,85.46,166.95
2012,Hyderabad,Telangana,Post-Monsoon,Musi,Manufacturing,PM10,200.25,1.56,29461.5,120613.0,2307.0,6408221.0,No,Moderate,Acceptable,104.55,141.08,53.18,5.49,2.24,80.57,188.24
2012,Hyderabad,Telangana,Summer,Musi,Manufacturing,O3,178.31,1.03,49824.0,120613.0,2307.0,6408221.0,No,Moderate,Acceptable,81.57,98.27,43.73,19.95,1.97,125.35,167.61
2012,Hyderabad,Telangana,Summer,Musi,Manufacturing,PM10,177.74,1.42,26896.0,120613.0,2307.0,6408221.0,No,Moderate,Acceptable,94.37,123.5,33.55,21.13,3.31,121.76,167.08
2012,Hyderabad,Telangana,Summer,Musi,Manufacturing,PM2.5,167.99,1.71,45156.0,120613.0,2307.0,6408221.0,No,Moderate,Acceptable,102.94,101.5,78.21,6.21,4.39,94.99,157.91
2012,Hyderabad,Telangana,Winter,Musi,Manufacturing,O3,175.48,1.35,36654.0,120613.0,2307.0,6408221.0,No,Moderate,Acceptable,105.38,116.7,50.7,58.38,3.38,159.71,164.95
2012,Hyderabad,Telangana,Winter,Musi,Manufacturing,PM10,233.1,1.42,15833.5,120613.0,2307.0,6408221.0,No,Poor,Acceptable,105.76,168.0,24.98,40.83,0.76,78.03,219.11
2012,Jaipur,Rajasthan,Monsoon,Banas,Manufacturing,O3,142.54,1.44,44153.5,145608.0,11587.0,1865297.0,No,Moderate,Acceptable,65.26,85.59,60.34,34.36,1.02,139.19,133.99
2012,Jaipur,Rajasthan,Monsoon,Banas,Manufacturing,PM10,137.16,1.18,13073.0,145608.0,11587.0,1865297.0,No,Moderate,Acceptable,60.75,92.27,42.64,69.18,0.73,56.24,128.93
2012,Jaipur,Rajasthan,Post-Monsoon,Banas,Manufacturing,O3,170.49,1.8,35495.5,145608.0,11587.0,1865297.0,No,Moderate,Acceptable,89.34,107.99,32.74,23.06,3.9,141.35,160.26
2012,Jaipur,Rajasthan,Summer,Banas,Manufacturing,NO2,145.5,1.0,23807.0,145608.0,11587.0,1865297.0,No,Moderate,Acceptable,63.62,87.86,111.8,38.1,3.0,53.49,136.77
2012,Jaipur,Rajasthan,Summer,Banas,Manufacturing,PM10,142.91,0.9,32777.0,145608.0,11587.0,1865297.0,No,Moderate,Good,59.92,102.9,65.64,76.31,2.64,73.76,134.34
2012,Jaipur,Rajasthan,Winter,Banas,Manufacturing,O3,161.2,1.07,22515.0,145608.0,11587.0,1865297.0,No,Moderate,Acceptable,78.34,105.76,66.13,60.04,2.14,118.14,151.53
2012,Jaipur,Rajasthan,Winter,Banas,Manufacturing,PM2.5,177.93,1.69,30237.0,145608.0,11587.0,1865297.0,No,Moderate,Acceptable,106.1,104.34,29.17,56.5,1.49,19.28,167.25
2012,Jorapokhar,Jharkhand,Monsoon,Damodar,Mining/Coal,O3,150.41,1.44,30654.5,64276.0,914.0,54043.0,No,Moderate,Acceptable,75.31,98.0,60.92,56.49,2.79,163.58,141.39
2012,Jorapokhar,Jharkhand,Post-Monsoon,Damodar,Mining/Coal,NO2,149.75,1.91,7637.0,64276.0,914.0,54043.0,No,Moderate,Acceptable,81.37,84.3,105.54,68.72,5.11,44.56,140.76
2012,Jorapokhar,Jharkhand,Post-Monsoon,Damodar,Mining/Coal,O3,188.65,0.52,43150.0,64276.0,914.0,54043.0,No,Moderate,Good,75.77,113.24,111.24,12.38,3.29,197.17,177.33
2012,Jorapokhar,Jharkhand,Summer,Damodar,Mining/Coal,O3,153.1,0.84,27188.5,64276.0,914.0,54043.0,No,Moderate,Acceptable,80.88,85.9,58.78,31.72,2.48,174.97,143.91
2012,Jorapokhar,Jharkhand,Summer,Damodar,Mining/Coal,PM10,152.56,1.05,52012.0,64276.0,914.0,54043.0,No,Moderate,Acceptable,82.63,95.17,53.12,8.09,0.86,85.6,143.41
2012,Jorapokhar,Jharkhand,Winter,Damodar,Mining/Coal,O3,194.98,0.99,28577.5,64276.0,914.0,54043.0,No,Moderate,Good,108.1,126.14,62.16,31.42,1.88,149.05,183.28
2012,Jorapokhar,Jharkhand,Winter,Damodar,Mining/Coal,PM10,156.53,0.77,47093.0,64276.0,914.0,54043.0,No,Moderate,Good,66.45,104.65,19.39,43.44,1.88,16.16,147.14
2012,Kochi,Kerala,Monsoon,Periyar,Shipping/Refinery,O3,228.02,0.78,30849.0,79331.0,7241.0,603960.0,No,Poor,Good,124.42,126.85,59.41,27.18,2.07,165.45,214.34
2012,Kochi,Kerala,Monsoon,Periyar,Shipping/Refinery,PM10,223.45,1.45,23108.67,79331.0,7241.0,603960.0,No,Poor,Acceptable,114.25,150.58,84.93,46.58,2.27,98.1,210.04
2012,Kochi,Kerala,Post-Monsoon,Periyar,Shipping/Refinery,O3,219.7,1.21,18906.0,79331.0,7241.0,603960.0,No,Poor,Acceptable,122.42,136.49,79.62,20.57,2.44,148.55,206.52
2012,Kochi,Kerala,Post-Monsoon,Periyar,Shipping/Refinery,PM10,273.09,0.59,24991.0,79331.0,7241.0,603960.0,No,Poor,Good,139.89,220.43,104.93,76.46,0.51,171.76,256.7
2012,Kochi,Kerala,Summer,Periyar,Shipping/Refinery,O3,219.36,1.52,17636.0,79331.0,7241.0,603960.0,No,Poor,Acceptable,106.0,134.2,89.58,42.3,3.08,154.89,206.2
2012,Kochi,Kerala,Summer,Periyar,Shipping/Refinery,PM10,217.05,1.22,11364.0,79331.0,7241.0,603960.0,No,Poor,Acceptable,120.88,144.03,53.35,11.97,1.11,58.67,204.03
2012,Kochi,Kerala,Winter,Periyar,Shipping/Refinery,PM10,267.19,1.51,28189.33,79331.0,7241.0,603960.0,No,Poor,Acceptable,116.23,158.96,57.89,39.83,1.56,92.61,251.16
2012,Kolkata,West Bengal,Monsoon,Hooghly,Manufacturing,O3,199.25,1.89,46235.0,39215.0,6524.0,10096347.0,No,Moderate,Acceptable,90.78,134.46,104.03,74.3,2.46,172.46,187.3
2012,Kolkata,West Bengal,Monsoon,Hooghly,Manufacturing,PM10,212.82,1.09,20237.0,39215.0,6524.0,10096347.0,No,Poor,Good,111.79,135.26,64.78,58.3,1.27,61.11,200.05
2012,Kolkata,West Bengal,Post-Monsoon,Hooghly,Manufacturing,PM10,233.17,1.46,26843.5,39215.0,6524.0,10096347.0,No,Poor,Acceptable,133.65,172.31,65.96,47.16,2.28,101.96,219.18
2012,Kolkata,West Bengal,Summer,Hooghly,Manufacturing,PM10,215.14,1.44,32782.33,39215.0,6524.0,10096347.0,No,Poor,Acceptable,94.77,132.88,39.78,25.05,2.77,64.84,202.23
2012,Kolkata,West Bengal,Winter,Hooghly,Manufacturing,PM10,252.67,1.03,36130.67,39215.0,6524.0,10096347.0,No,Poor,Acceptable,129.73,170.56,88.93,48.32,2.7,143.6,237.51
2012,Lucknow,Uttar Pradesh,Monsoon,Gomti,Agro-Industry,O3,200.67,1.4,24637.0,246638.0,5675.0,798787.0,No,Poor,Acceptable,85.3,114.35,67.53,44.26,2.31,119.51,188.63
2012,Lucknow,Uttar Pradesh,Monsoon,Gomti,Agro-Industry,PM10,198.29,1.49,22092.0,246638.0,5675.0,798787.0,No,Poor,Acceptable,97.75,123.9,46.13,48.07,1.71,63.28,186.39
2012,Lucknow,Uttar Pradesh,Post-Monsoon,Gomti,Agro-Industry,PM10,225.72,0.84,27168.5,246638.0,5675.0,798787.0,No,Moderate,Good,107.06,161.02,95.78,33.11,2.2,52.68,212.18
2012,Lucknow,Uttar Pradesh,Summer,Gomti,Agro-Industry,O3,188.84,1.52,21807.0,246638.0,5675.0,798787.0,No,Moderate,Acceptable,82.66,134.52,69.46,54.79,1.46,148.97,177.51
2012,Lucknow,Uttar Pradesh,Summer,Gomti,Agro-Industry,PM10,198.69,1.32,27927.0,246638.0,5675.0,798787.0,No,Moderate,Acceptable,99.96,133.02,67.56,31.42,3.06,96.78,186.77
2012,Lucknow,Uttar Pradesh,Winter,Gomti,Agro-Industry,PM10,237.7,1.64,31423.0,246638.0,5675.0,798787.0,No,Poor,Acceptable,119.92,145.65,73.63,45.71,1.82,126.53,223.44
2012,Mumbai,Maharashtra,Monsoon,Ulhas,Manufacturing,NO2,114.41,0.88,28390.0,96529.0,8743.0,17140446.0,No,Moderate,Good,62.63,76.56,117.12,7.02,1.38,111.77,107.55
2012,Mumbai,Maharashtra,Monsoon,Ulhas,Manufacturing,O3,116.4,1.0,25272.0,96529.0,8743.0,17140446.0,No,Moderate,Acceptable,49.14,64.35,99.5,72.44,2.74,132.06,109.42
2012,Mumbai,Maharashtra,Monsoon,Ulhas,Manufacturing,PM10,116.89,1.3,13704.0,96529.0,8743.0,17140446.0,No,Moderate,Acceptable,50.72,69.89,13.86,12.91,3.52,9.8,109.88
2012,Mumbai,Maharashtra,Post-Monsoon,Ulhas,Manufacturing,NO2,151.45,1.17,42220.0,96529.0,8743.0,17140446.0,No,Moderate,Acceptable,73.0,106.25,106.3,55.61,3.46,105.21,142.36
2012,Mumbai,Maharashtra,Post-Monsoon,Ulhas,Manufacturing,O3,113.08,1.43,42077.0,96529.0,8743.0,17140446.0,No,Moderate,Acceptable,65.61,83.47,86.73,55.61,2.38,161.07,106.3
2012,Mumbai,Maharashtra,Summer,Ulhas,Manufacturing,O3,114.33,1.02,24591.67,96529.0,8743.0,17140446.0,No,Moderate,Acceptable,53.05,77.46,75.68,41.49,3.3,120.43,107.47
2012,Mumbai,Maharashtra,Winter,Ulhas,Manufacturing,O3,112.0,1.11,26483.0,96529.0,8743.0,17140446.0,No,Moderate,Acceptable,51.53,71.77,37.82,44.69,1.76,122.06,105.28
2012,Mumbai,Maharashtra,Winter,Ulhas,Manufacturing,PM10,146.38,1.27,49888.0,96529.0,8743.0,17140446.0,No,Moderate,Acceptable,59.02,95.96,31.94,64.21,4.46,52.06,137.6
2012,Patna,Bihar,Monsoon,Ganga,Agro-Industry,O3,130.3,1.37,33891.67,151770.0,636.0,339309.0,No,Moderate,Acceptable,60.8,90.53,81.13,52.25,2.07,129.78,122.48
2012,Patna,Bihar,Monsoon,Ganga,Agro-Industry,PM10,126.28,1.38,34744.0,151770.0,636.0,339309.0,No,Moderate,Acceptable,53.27,92.83,57.18,60.54,1.62,83.26,118.7
2012,Patna,Bihar,Post-Monsoon,Ganga,Agro-Industry,NO2,120.87,1.66,11892.0,151770.0,636.0,339309.0,No,Moderate,Acceptable,65.15,74.89,100.48,69.48,1.83,73.7,113.62
2012,Patna,Bihar,Post-Monsoon,Ganga,Agro-Industry,PM10,162.62,1.5,13372.0,151770.0,636.0,339309.0,No,Moderate,Acceptable,64.71,113.4,41.84,49.27,2.85,101.02,152.86
2012,Patna,Bihar,Summer,Ganga,Agro-Industry,O3,124.89,1.01,29109.0,151770.0,636.0,339309.0,No,Moderate,Acceptable,57.96,92.74,61.69,21.15,2.28,159.7,117.4
2012,Patna,Bihar,Summer,Ganga,Agro-Industry,PM10,126.88,1.4,28243.0,151770.0,636.0,339309.0,No,Moderate,Acceptable,64.2,83.37,28.52,62.77,1.9,72.94,119.27
2012,Patna,Bihar,Winter,Ganga,Agro-Industry,O3,161.95,1.05,23510.0,151770.0,636.0,339309.0,No,Moderate,Acceptable,78.49,103.83,56.39,63.36,3.04,121.07,152.23
2012,Patna,Bihar,Winter,Ganga,Agro-Industry,PM10,124.78,1.91,46757.0,151770.0,636.0,339309.0,No,Moderate,Acceptable,59.4,95.45,48.66,30.52,1.63,26.32,117.29
2012,Shillong,Meghalaya,Monsoon,Umiam,Handicrafts,O3,86.44,0.92,29534.5,226216.0,3213.0,99437.0,No,Satisfactory,Acceptable,44.5,55.33,22.78,8.27,1.6,80.81,81.25
2012,Shillong,Meghalaya,Monsoon,Umiam,Handicrafts,PM10,92.99,1.17,11185.0,226216.0,3213.0,99437.0,No,Satisfactory,Acceptable,35.28,58.34,31.27,8.63,1.82,8.69,87.41
2012,Shillong,Meghalaya,Monsoon,Umiam,Handicrafts,PM2.5,91.35,1.5,5338.0,226216.0,3213.0,99437.0,No,Satisfactory,Acceptable,51.89,50.64,11.31,29.13,0.32,50.13,85.87
2012,Shillong,Meghalaya,Post-Monsoon,Umiam,Handicrafts,O3,92.34,2.01,47646.0,226216.0,3213.0,99437.0,No,Satisfactory,Polluted,53.76,52.69,28.38,34.17,1.41,81.96,86.8
2012,Shillong,Meghalaya,Post-Monsoon,Umiam,Handicrafts,PM10,119.01,1.21,18073.0,226216.0,3213.0,99437.0,No,Moderate,Acceptable,55.52,69.01,34.85,28.02,1.36,15.21,111.87
2012,Shillong,Meghalaya,Summer,Umiam,Handicrafts,O3,102.14,1.19,29324.0,226216.0,3213.0,99437.0,No,Moderate,Good,41.1,51.0,24.58,28.62,2.02,88.02,96.01
2012,Shillong,Meghalaya,Summer,Umiam,Handicrafts,PM10,85.83,0.39,25221.0,226216.0,3213.0,99437.0,No,Satisfactory,Good,47.96,70.86,6.87,23.13,1.78,35.84,80.68
2012,Shillong,Meghalaya,Winter,Umiam,Handicrafts,O3,118.63,0.86,43220.0,226216.0,3213.0,99437.0,No,Moderate,Good,53.96,82.71,26.27,34.06,0.32,84.27,111.51
2012,Shillong,Meghalaya,Winter,Umiam,Handicrafts,PM10,99.64,0.99,30859.0,226216.0,3213.0,99437.0,No,Moderate,Acceptable,55.54,67.96,38.14,26.83,1.42,41.04,93.66
2012,Talcher,Odisha,Monsoon,Brahmani,Thermal Power,NO2,176.74,1.7,27745.0,65603.0,9970.0,145723.0,No,Moderate,Acceptable,85.18,110.43,131.43,47.4,3.3,88.9,166.14
2012,Talcher,Odisha,Monsoon,Brahmani,Thermal Power,PM10,175.02,0.94,17798.0,65603.0,9970.0,145723.0,No,Moderate,Good,97.16,113.77,69.96,52.8,3.26,39.17,164.52
2012,Talcher,Odisha,Post-Monsoon,Brahmani,Thermal Power,NO2,172.11,0.8,37960.0,65603.0,9970.0,145723.0,No,Moderate,Good,93.44,101.38,113.29,40.6,4.39,111.49,161.78
2012,Talcher,Odisha,Post-Monsoon,Brahmani,Thermal Power,O3,231.02,0.75,50465.0,65603.0,9970.0,145723.0,No,Poor,Good,101.23,137.98,81.19,13.67,2.14,164.18,217.16
2012,Talcher,Odisha,Summer,Brahmani,Thermal Power,O3,168.01,1.56,12023.5,65603.0,9970.0,145723.0,No,Moderate,Acceptable,84.98,113.16,96.45,69.18,0.96,142.8,157.93
2012,Talcher,Odisha,Summer,Brahmani,Thermal Power,PM10,176.88,0.84,29722.0,65603.0,9970.0,145723.0,No,Moderate,Good,78.99,101.4,21.61,19.45,2.2,90.55,166.27
2012,Talcher,Odisha,Winter,Brahmani,Thermal Power,O3,220.3,1.31,30458.0,65603.0,9970.0,145723.0,No,Poor,Acceptable,120.62,146.98,119.73,6.65,3.19,196.84,207.08
2012,Talcher,Odisha,Winter,Brahmani,Thermal Power,PM10,205.15,1.3,43415.5,65603.0,9970.0,145723.0,No,Moderate,Acceptable,95.07,146.74,54.85,42.15,2.95,86.55,192.84
2012,Thiruvananthapuram,Kerala,Monsoon,Karamana,IT/Electronics,O3,125.76,0.73,36821.0,201379.0,12552.0,702422.0,No,Moderate,Good,54.4,81.81,113.54,53.92,1.5,136.98,118.21
2012,Thiruvananthapuram,Kerala,Monsoon,Karamana,IT/Electronics,PM10,125.17,1.1,15197.5,201379.0,12552.0,702422.0,No,Moderate,Acceptable,62.1,79.74,59.98,46.71,3.08,36.83,117.66
2012,Thiruvananthapuram,Kerala,Post-Monsoon,Karamana,IT/Electronics,O3,150.56,0.87,30376.0,201379.0,12552.0,702422.0,No,Moderate,Acceptable,79.4,106.42,68.14,54.24,2.44,151.84,141.53
2012,Thiruvananthapuram,Kerala,Summer,Karamana,IT/Electronics,O3,127.01,1.73,16543.0,201379.0,12552.0,702422.0,No,Moderate,Acceptable,66.63,73.65,39.41,61.94,3.52,125.51,119.39
2012,Thiruvananthapuram,Kerala,Summer,Karamana,IT/Electronics,PM10,125.58,1.05,42937.0,201379.0,12552.0,702422.0,No,Moderate,Acceptable,63.48,92.9,53.71,31.62,2.91,63.81,118.05
2012,Thiruvananthapuram,Kerala,Winter,Karamana,IT/Electronics,O3,169.04,1.32,12828.0,201379.0,12552.0,702422.0,No,Moderate,Acceptable,84.76,108.17,26.53,81.03,2.3,156.62,158.9
2012,Thiruvananthapuram,Kerala,Winter,Karamana,IT/Electronics,PM10,150.74,1.06,27829.5,201379.0,12552.0,702422.0,No,Moderate,Good,75.41,97.95,39.72,39.61,2.98,63.68,141.7
2012,Visakhapatnam,Andhra Pradesh,Monsoon,Gosthani,Mining,O3,170.73,0.24,49987.0,120613.0,2307.0,132020.0,No,Moderate,Good,94.54,115.49,68.47,20.44,1.15,124.16,160.49
2012,Visakhapatnam,Andhra Pradesh,Monsoon,Gosthani,Mining,PM10,174.68,1.23,24769.67,120613.0,2307.0,132020.0,No,Moderate,Acceptable,78.12,122.28,57.61,41.38,1.41,79.21,164.2
2012,Visakhapatnam,Andhra Pradesh,Post-Monsoon,Gosthani,Mining,PM10,187.82,1.56,29461.5,120613.0,2307.0,132020.0,No,Moderate,Acceptable,102.55,140.98,50.42,4.25,2.07,82.84,176.55
2012,Visakhapatnam,Andhra Pradesh,Summer,Gosthani,Mining,O3,173.11,1.06,49824.0,120613.0,2307.0,132020.0,No,Moderate,Acceptable,76.09,98.48,40.22,18.77,1.9,115.67,162.72
2012,Visakhapatnam,Andhra Pradesh,Summer,Gosthani,Mining,PM10,165.11,1.4,26896.0,120613.0,2307.0,132020.0,No,Moderate,Acceptable,90.03,121.22,34.41,21.38,3.02,119.81,155.2
2012,Visakhapatnam,Andhra Pradesh,Summer,Gosthani,Mining,PM2.5,176.59,1.74,45156.0,120613.0,2307.0,132020.0,No,Moderate,Acceptable,95.66,95.57,73.18,6.21,4.04,88.79,165.99
2012,Visakhapatnam,Andhra Pradesh,Winter,Gosthani,Mining,O3,172.29,1.39,36654.0,120613.0,2307.0,132020.0,No,Moderate,Acceptable,103.69,108.71,46.54,54.95,3.06,142.55,161.95
2012,Visakhapatnam,Andhra Pradesh,Winter,Gosthani,Mining,PM10,221.74,1.4,15833.5,120613.0,2307.0,132020.0,No,Poor,Acceptable,101.68,151.77,23.62,39.44,0.76,75.82,208.44
2013,Ahmedabad,Gujarat,Monsoon,Sabarmati,Chemical,NO2,139.08,1.02,31235.0,146055.0,3522.0,4982491.0,No,Moderate,Acceptable,73.22,98.16,101.64,11.27,3.33,26.45,130.74
2013,Ahmedabad,Gujarat,Monsoon,Sabarmati,Chemical,O3,136.31,1.25,21470.0,146055.0,3522.0,4982491.0,No,Moderate,Acceptable,58.19,91.47,59.65,36.4,2.42,145.82,128.13
2013,Ahmedabad,Gujarat,Monsoon,Sabarmati,Chemical,PM10,131.39,1.42,38531.0,146055.0,3522.0,4982491.0,No,Moderate,Acceptable,69.44,97.61,35.61,16.9,3.85,72.66,123.51
2013,Ahmedabad,Gujarat,Post-Monsoon,Sabarmati,Chemical,PM10,131.89,1.47,25739.0,146055.0,3522.0,4982491.0,No,Moderate,Acceptable,58.03,106.08,55.54,71.53,2.06,92.43,123.98
2013,Ahmedabad,Gujarat,Post-Monsoon,Sabarmati,Chemical,PM2.5,180.36,1.5,46390.0,146055.0,3522.0,4982491.0,No,Moderate,Acceptable,108.95,107.58,25.19,57.2,4.31,51.25,169.54
2013,Ahmedabad,Gujarat,Summer,Sabarmati,Chemical,O3,137.7,1.42,35355.5,146055.0,3522.0,4982491.0,No,Moderate,Acceptable,65.22,75.92,60.7,33.44,0.57,131.28,129.44
2013,Ahmedabad,Gujarat,Summer,Sabarmati,Chemical,PM10,135.48,1.4,26595.0,146055.0,3522.0,4982491.0,No,Moderate,Acceptable,78.68,87.57,42.26,53.75,1.4,32.36,127.35
2013,Ahmedabad,Gujarat,Winter,Sabarmati,Chemical,NO2,135.1,1.6,4240.0,146055.0,3522.0,4982491.0,No,Moderate,Acceptable,70.85,75.67,116.03,22.34,0.73,75.99,126.99
2013,Ahmedabad,Gujarat,Winter,Sabarmati,Chemical,O3,174.18,0.52,14122.0,146055.0,3522.0,4982491.0,No,Moderate,Good,77.12,97.69,114.34,8.72,2.23,163.08,163.73
2013,Ahmedabad,Gujarat,Winter,Sabarmati,Chemical,PM2.5,178.77,0.49,20123.0,146055.0,3522.0,4982491.0,No,Moderate,Good,97.21,95.12,32.56,7.19,0.85,38.89,168.04
2013,Aizawl,Mizoram,Monsoon,Tlawng,Handicrafts,O3,80.55,1.4,12997.0,228611.0,3256.0,62232.0,No,Satisfactory,Acceptable,43.06,51.17,15.58,24.37,0.68,68.47,75.72
2013,Aizawl,Mizoram,Monsoon,Tlawng,Handicrafts,PM10,77.27,1.22,20921.67,228611.0,3256.0,62232.0,No,Satisfactory,Acceptable,36.42,50.82,15.77,12.64,0.99,29.5,72.63
2013,Aizawl,Mizoram,Post-Monsoon,Tlawng,Handicrafts,O3,97.44,1.58,26268.0,228611.0,3256.0,62232.0,No,Satisfactory,Acceptable,48.02,56.25,36.2,16.88,1.32,59.98,91.59
2013,Aizawl,Mizoram,Summer,Tlawng,Handicrafts,O3,81.61,0.82,45529.0,228611.0,3256.0,62232.0,No,Satisfactory,Good,42.63,56.99,43.91,24.62,0.19,66.52,76.71
2013,Aizawl,Mizoram,Summer,Tlawng,Handicrafts,PM10,79.92,1.29,41215.5,228611.0,3256.0,62232.0,No,Satisfactory,Acceptable,43.04,52.84,49.38,17.76,1.48,31.06,75.12
2013,Aizawl,Mizoram,Winter,Tlawng,Handicrafts,O3,110.98,1.68,32878.5,228611.0,3256.0,62232.0,No,Moderate,Acceptable,50.08,55.78,49.76,9.02,0.88,65.82,104.32
2013,Aizawl,Mizoram,Winter,Tlawng,Handicrafts,PM10,86.78,1.28,36371.0,228611.0,3256.0,62232.0,No,Satisfactory,Acceptable,37.87,63.14,29.77,9.15,1.61,44.33,81.57
2013,Amaravati,Andhra Pradesh,Monsoon,Krishna,Agro-processing,O3,155.91,1.04,26110.5,121145.0,2317.0,284171.0,No,Moderate,Acceptable,80.54,92.56,61.14,27.72,2.21,137.0,146.56
2013,Amaravati,Andhra Pradesh,Monsoon,Krishna,Agro-processing,PM10,153.74,1.17,8132.0,121145.0,2317.0,284171.0,No,Moderate,Acceptable,65.71,97.89,11.32,28.35,0.73,11.31,144.52
2013,Amaravati,Andhra Pradesh,Monsoon,Krishna,Agro-processing,PM2.5,147.62,1.05,37730.0,121145.0,2317.0,284171.0,No,Moderate,Acceptable,82.84,79.09,64.26,11.62,3.08,60.09,138.76
2013,Amaravati,Andhra Pradesh,Post-Monsoon,Krishna,Agro-processing,PM10,175.07,1.16,19792.0,121145.0,2317.0,284171.0,No,Moderate,Acceptable,90.66,105.9,62.96,54.49,1.92,76.96,164.57
2013,Amaravati,Andhra Pradesh,Summer,Krishna,Agro-processing,O3,153.56,1.08,23916.0,121145.0,2317.0,284171.0,No,Moderate,Acceptable,68.07,105.77,7.39,62.38,2.18,110.96,144.35
2013,Amaravati,Andhra Pradesh,Summer,Krishna,Agro-processing,PM10,153.95,0.8,16098.0,121145.0,2317.0,284171.0,No,Moderate,Good,78.91,105.91,31.9,37.8,1.96,40.5,144.71
2013,Amaravati,Andhra Pradesh,Winter,Krishna,Agro-processing,O3,194.38,1.44,10243.0,121145.0,2317.0,284171.0,No,Moderate,Acceptable,95.31,112.03,83.1,18.35,0.43,128.31,182.72
2013,Amaravati,Andhra Pradesh,Winter,Krishna,Agro-processing,PM10,182.03,1.24,25084.0,121145.0,2317.0,284171.0,No,Moderate,Acceptable,96.3,104.11,85.36,17.45,2.94,67.46,171.11
2013,Amritsar,Punjab,Monsoon,Beas,Agro-Industry,NO2,130.15,1.85,51696.0,251325.0,3224.0,685180.0,No,Moderate,Acceptable,73.59,69.11,103.2,42.23,2.51,20.79,122.34
2013,Amritsar,Punjab,Monsoon,Beas,Agro-Industry,O3,133.95,1.37,49019.0,251325.0,3224.0,685180.0,No,Moderate,Acceptable,71.51,81.13,109.24,30.13,1.18,155.39,125.91
2013,Amritsar,Punjab,Monsoon,Beas,Agro-Industry,PM10,128.04,1.42,17067.5,251325.0,3224.0,685180.0,No,Moderate,Acceptable,61.22,89.86,74.72,47.96,4.1,54.78,120.36
2013,Amritsar,Punjab,Post-Monsoon,Beas,Agro-Industry,O3,128.64,1.16,48921.0,251325.0,3224.0,685180.0,No,Moderate,Acceptable,68.0,82.29,96.05,71.08,2.45,124.48,120.92
2013,Amritsar,Punjab,Post-Monsoon,Beas,Agro-Industry,PM10,167.3,1.34,12990.0,251325.0,3224.0,685180.0,No,Moderate,Acceptable,101.06,114.58,33.1,73.26,2.56,97.82,157.26
2013,Amritsar,Punjab,Summer,Beas,Agro-Industry,O3,130.65,1.5,32935.0,251325.0,3224.0,685180.0,No,Moderate,Acceptable,65.14,86.18,98.08,49.81,3.06,155.39,122.81
2013,Amritsar,Punjab,Winter,Beas,Agro-Industry,O3,166.64,0.73,8484.0,251325.0,3224.0,685180.0,No,Moderate,Good,90.02,123.12,89.41,15.23,0.58,128.93,156.64
2013,Amritsar,Punjab,Winter,Beas,Agro-Industry,PM10,153.98,1.08,15888.5,251325.0,3224.0,685180.0,No,Moderate,Good,62.27,100.11,38.68,52.58,3.26,40.24,144.74
2013,Bengaluru,Karnataka,Monsoon,Arkavathi,Agro-Industry,NO2,97.46,1.79,17059.0,108331.0,12480.0,2356291.0,No,Satisfactory,Acceptable,45.02,59.66,84.07,24.38,0.5,68.6,91.61
2013,Bengaluru,Karnataka,Monsoon,Arkavathi,Agro-Industry,O3,97.58,1.05,7430.0,108331.0,12480.0,2356291.0,No,Satisfactory,Acceptable,45.77,57.84,60.08,38.55,1.14,151.67,91.73
2013,Bengaluru,Karnataka,Monsoon,Arkavathi,Agro-Industry,PM10,98.66,1.35,29676.0,108331.0,12480.0,2356291.0,No,Satisfactory,Acceptable,56.72,64.46,26.65,25.72,1.0,30.17,92.74
2013,Bengaluru,Karnataka,Post-Monsoon,Arkavathi,Agro-Industry,O3,110.36,0.8,12037.5,108331.0,12480.0,2356291.0,No,Satisfactory,Good,52.92,73.28,74.55,73.5,0.93,154.74,103.74
2013,Bengaluru,Karnataka,Summer,Arkavathi,Agro-Industry,O3,93.54,1.77,37009.0,108331.0,12480.0,2356291.0,No,Satisfactory,Polluted,47.92,63.24,37.14,41.36,3.13,76.09,87.93
2013,Bengaluru,Karnataka,Summer,Arkavathi,Agro-Industry,SO2,97.94,1.07,15009.0,108331.0,12480.0,2356291.0,No,Satisfactory,Acceptable,37.18,65.27,64.57,65.53,3.56,51.81,92.06
2013,Bengaluru,Karnataka,Winter,Arkavathi,Agro-Industry,O3,109.96,0.92,20554.0,108331.0,12480.0,2356291.0,No,Satisfactory,Good,51.84,69.37,83.78,54.6,2.14,163.94,103.36
2013,Bengaluru,Karnataka,Winter,Arkavathi,Agro-Industry,PM10,122.51,0.93,37507.0,108331.0,12480.0,2356291.0,No,Moderate,Good,66.18,85.21,66.05,38.77,1.92,43.8,115.16
2013,Bhopal,Madhya Pradesh,Monsoon,Betwa,Manufacturing,O3,118.72,1.06,32774.5,23134.0,11319.0,354341.0,No,Moderate,Acceptable,53.27,78.56,58.74,11.44,1.38,134.22,111.6
2013,Bhopal,Madhya Pradesh,Monsoon,Betwa,Manufacturing,PM10,121.06,1.23,25384.5,23134.0,11319.0,354341.0,No,Moderate,Acceptable,61.86,81.44,38.16,13.19,2.14,66.48,113.8
2013,Bhopal,Madhya Pradesh,Post-Monsoon,Betwa,Manufacturing,O3,149.05,1.7,52461.0,23134.0,11319.0,354341.0,No,Moderate,Acceptable,61.52,103.09,88.37,37.72,2.63,139.93,140.11
2013,Bhopal,Madhya Pradesh,Post-Monsoon,Betwa,Manufacturing,PM10,112.64,0.42,50188.0,23134.0,11319.0,354341.0,No,Moderate,Good,50.7,89.36,34.89,39.27,3.13,73.81,105.88
2013,Bhopal,Madhya Pradesh,Summer,Betwa,Manufacturing,O3,117.85,1.36,23164.0,23134.0,11319.0,354341.0,No,Moderate,Acceptable,56.39,78.33,70.27,35.51,2.17,155.34,110.78
2013,Bhopal,Madhya Pradesh,Summer,Betwa,Manufacturing,PM2.5,117.89,1.33,27806.0,23134.0,11319.0,354341.0,No,Moderate,Acceptable,70.12,65.5,49.52,8.7,1.39,57.96,110.82
2013,Bhopal,Madhya Pradesh,Winter,Betwa,Manufacturing,O3,146.46,1.46,37591.33,23134.0,11319.0,354341.0,No,Moderate,Acceptable,69.53,88.23,75.65,49.61,1.94,150.78,137.67
2013,Brajrajnagar,Odisha,Monsoon,Ib,Coal/Power,NO2,98.42,1.3,41804.0,231544.0,7721.0,60045.0,No,Satisfactory,Acceptable,46.96,71.45,137.49,20.34,1.55,137.19,92.51
2013,Brajrajnagar,Odisha,Monsoon,Ib,Coal/Power,O3,96.83,1.36,33115.0,231544.0,7721.0,60045.0,No,Satisfactory,Acceptable,46.65,60.6,65.57,27.09,4.16,121.59,91.02
2013,Brajrajnagar,Odisha,Post-Monsoon,Ib,Coal/Power,NO2,125.24,2.01,3709.0,231544.0,7721.0,60045.0,No,Moderate,Polluted,55.09,89.53,121.4,72.54,0.61,63.12,117.73
2013,Brajrajnagar,Odisha,Post-Monsoon,Ib,Coal/Power,PM10,97.88,0.96,18201.0,231544.0,7721.0,60045.0,No,Satisfactory,Good,57.69,59.5,38.92,43.6,1.54,47.54,92.01
2013,Brajrajnagar,Odisha,Summer,Ib,Coal/Power,O3,97.08,1.22,35392.0,231544.0,7721.0,60045.0,No,Satisfactory,Acceptable,49.18,63.93,39.21,57.39,0.77,137.46,91.26
2013,Brajrajnagar,Odisha,Summer,Ib,Coal/Power,SO2,95.5,1.38,19246.0,231544.0,7721.0,60045.0,No,Satisfactory,Acceptable,46.5,60.23,57.8,69.58,3.11,51.36,89.77
2013,Brajrajnagar,Odisha,Winter,Ib,Coal/Power,NO2,96.91,1.68,36948.0,231544.0,7721.0,60045.0,No,Satisfactory,Acceptable,45.69,55.44,135.08,34.94,2.57,15.32,91.1
2013,Brajrajnagar,Odisha,Winter,Ib,Coal/Power,O3,128.72,0.9,35680.0,231544.0,7721.0,60045.0,No,Moderate,Good,67.11,73.13,103.42,43.82,4.34,199.86,121.0
2013,Chandigarh,Chandigarh,Monsoon,Sukhna,Manufacturing,NO2,103.67,1.86,51696.0,251325.0,3224.0,976346.0,No,Moderate,Acceptable,59.58,58.63,87.41,35.82,2.03,16.69,97.45
2013,Chandigarh,Chandigarh,Monsoon,Sukhna,Manufacturing,O3,103.81,1.25,49019.0,251325.0,3224.0,976346.0,No,Moderate,Acceptable,62.11,63.94,94.5,24.26,1.01,118.87,97.58
2013,Chandigarh,Chandigarh,Monsoon,Sukhna,Manufacturing,PM10,102.8,1.45,17067.5,251325.0,3224.0,976346.0,No,Moderate,Acceptable,48.22,71.02,60.6,39.98,3.38,44.86,96.63
2013,Chandigarh,Chandigarh,Post-Monsoon,Sukhna,Manufacturing,O3,108.76,1.2,48921.0,251325.0,3224.0,976346.0,No,Moderate,Acceptable,57.11,67.04,80.02,54.37,2.1,105.91,102.23
2013,Chandigarh,Chandigarh,Post-Monsoon,Sukhna,Manufacturing,PM10,136.56,1.29,12990.0,251325.0,3224.0,976346.0,No,Moderate,Acceptable,80.84,100.26,27.56,58.6,2.08,72.98,128.37
2013,Chandigarh,Chandigarh,Summer,Sukhna,Manufacturing,O3,104.16,1.5,32935.0,251325.0,3224.0,976346.0,No,Moderate,Acceptable,53.3,70.69,78.5,38.34,2.58,123.39,97.91
2013,Chandigarh,Chandigarh,Winter,Sukhna,Manufacturing,O3,149.35,0.7,8484.0,251325.0,3224.0,976346.0,No,Moderate,Good,82.04,100.94,70.07,11.69,0.48,106.1,140.39
2013,Chandigarh,Chandigarh,Winter,Sukhna,Manufacturing,PM10,124.45,1.1,15888.5,251325.0,3224.0,976346.0,No,Moderate,Good,52.5,83.95,30.28,40.81,2.6,33.38,116.98
2013,Chennai,Tamil Nadu,Monsoon,Cooum,Manufacturing,O3,142.02,1.36,23617.75,51626.0,7080.0,15154798.0,No,Moderate,Acceptable,62.07,84.06,71.06,48.3,3.05,141.27,133.5
2013,Chennai,Tamil Nadu,Post-Monsoon,Cooum,Manufacturing,O3,159.67,1.46,26641.5,51626.0,7080.0,15154798.0,No,Moderate,Acceptable,91.54,94.71,76.82,42.78,2.04,122.28,150.09
2013,Chennai,Tamil Nadu,Summer,Cooum,Manufacturing,NO2,135.47,1.22,46192.0,51626.0,7080.0,15154798.0,No,Moderate,Acceptable,74.35,95.73,117.45,56.19,1.73,70.16,127.34
2013,Chennai,Tamil Nadu,Summer,Cooum,Manufacturing,O3,137.89,1.0,14174.0,51626.0,7080.0,15154798.0,No,Moderate,Acceptable,62.73,85.78,30.13,30.47,4.29,171.88,129.62
2013,Chennai,Tamil Nadu,Summer,Cooum,Manufacturing,PM10,139.64,1.11,31488.0,51626.0,7080.0,15154798.0,No,Moderate,Acceptable,58.18,105.99,33.9,80.68,0.76,11.2,131.26
2013,Chennai,Tamil Nadu,Winter,Cooum,Manufacturing,O3,180.23,0.94,36892.5,51626.0,7080.0,15154798.0,No,Moderate,Good,91.02,120.68,40.22,53.72,1.9,157.48,169.42
2013,Chennai,Tamil Nadu,Winter,Cooum,Manufacturing,PM10,141.66,1.44,7104.0,51626.0,7080.0,15154798.0,No,Moderate,Acceptable,79.2,90.4,84.97,70.58,3.85,77.41,133.16
2013,Coimbatore,Tamil Nadu,Monsoon,Noyyal,Manufacturing,O3,130.81,1.15,20620.67,44973.0,4600.0,4860063.0,No,Moderate,Acceptable,73.01,85.56,86.65,30.32,3.46,122.54,122.96
2013,Coimbatore,Tamil Nadu,Monsoon,Noyyal,Manufacturing,PM10,126.17,1.37,45933.0,44973.0,4600.0,4860063.0,No,Moderate,Acceptable,72.92,81.8,27.29,12.73,3.89,29.63,118.6
2013,Coimbatore,Tamil Nadu,Post-Monsoon,Noyyal,Manufacturing,NO2,128.01,1.43,14604.0,44973.0,4600.0,4860063.0,No,Moderate,Acceptable,71.41,81.15,101.85,21.18,2.34,14.9,120.33
2013,Coimbatore,Tamil Nadu,Post-Monsoon,Noyyal,Manufacturing,O3,161.88,1.15,6920.0,44973.0,4600.0,4860063.0,No,Moderate,Acceptable,95.34,104.79,47.28,73.03,3.89,117.36,152.17
2013,Coimbatore,Tamil Nadu,Summer,Noyyal,Manufacturing,NO2,130.97,1.18,23862.0,44973.0,4600.0,4860063.0,No,Moderate,Acceptable,59.22,87.14,105.9,46.54,3.63,19.81,123.11
2013,Coimbatore,Tamil Nadu,Summer,Noyyal,Manufacturing,O3,121.9,1.31,24111.0,44973.0,4600.0,4860063.0,No,Moderate,Acceptable,69.63,69.63,75.69,56.89,1.96,167.42,114.59
2013,Coimbatore,Tamil Nadu,Summer,Noyyal,Manufacturing,PM10,129.63,1.4,13218.0,44973.0,4600.0,4860063.0,No,Moderate,Acceptable,74.06,75.96,13.74,40.67,0.71,51.56,121.85
2013,Coimbatore,Tamil Nadu,Winter,Noyyal,Manufacturing,O3,145.44,0.94,10318.5,44973.0,4600.0,4860063.0,No,Moderate,Good,73.02,106.61,73.8,23.93,3.39,141.76,136.71
2013,Coimbatore,Tamil Nadu,Winter,Noyyal,Manufacturing,PM2.5,169.67,1.11,13492.0,44973.0,4600.0,4860063.0,No,Moderate,Acceptable,101.09,97.5,45.49,41.9,4.05,65.96,159.49
2013,Delhi,Delhi,Monsoon,Yamuna,Manufacturing,PM10,184.01,1.38,40324.67,232005.0,1416.0,2307636.0,No,Moderate,Acceptable,93.76,112.72,22.16,61.05,2.61,48.5,172.97
2013,Delhi,Delhi,Monsoon,Yamuna,Manufacturing,PM2.5,190.0,1.85,35069.0,232005.0,1416.0,2307636.0,No,Moderate,Acceptable,108.69,100.91,94.89,44.3,2.29,81.09,178.6
2013,Delhi,Delhi,Post-Monsoon,Yamuna,Manufacturing,O3,175.08,1.51,19836.0,232005.0,1416.0,2307636.0,No,Moderate,Acceptable,77.85,124.33,54.58,69.4,2.44,179.33,164.58
2013,Delhi,Delhi,Post-Monsoon,Yamuna,Manufacturing,PM10,236.15,0.89,9583.0,232005.0,1416.0,2307636.0,No,Poor,Good,118.02,149.95,105.52,13.74,1.7,63.37,221.98
2013,Delhi,Delhi,Summer,Yamuna,Manufacturing,O3,188.34,1.44,24995.5,232005.0,1416.0,2307636.0,No,Moderate,Acceptable,83.41,105.12,35.71,58.38,2.49,150.84,177.04
2013,Delhi,Delhi,Summer,Yamuna,Manufacturing,PM10,184.67,0.67,48892.0,232005.0,1416.0,2307636.0,No,Moderate,Good,71.7,114.2,56.48,51.12,1.45,32.74,173.59
2013,Delhi,Delhi,Winter,Yamuna,Manufacturing,O3,234.1,1.05,4878.0,232005.0,1416.0,2307636.0,No,Poor,Acceptable,139.72,140.23,75.78,77.47,2.5,172.58,220.05
2013,Delhi,Delhi,Winter,Yamuna,Manufacturing,PM10,228.45,1.46,24066.0,232005.0,1416.0,2307636.0,No,Poor,Acceptable,146.94,181.88,36.28,55.17,0.62,37.88,214.74
2013,Delhi,Delhi,Winter,Yamuna,Manufacturing,PM2.5,183.97,0.89,20626.0,232005.0,1416.0,2307636.0,No,Moderate,Good,106.33,103.18,53.14,13.13,1.8,37.85,172.93
2013,Ernakulam,Kerala,Monsoon,Periyar,Shipping/Refinery,PM10,201.4,1.17,26265.25,79777.0,7249.0,529737.0,No,Moderate,Acceptable,101.3,127.71,21.16,35.36,1.89,66.96,189.32
2013,Ernakulam,Kerala,Post-Monsoon,Periyar,Shipping/Refinery,PM10,225.11,1.38,8436.0,79777.0,7249.0,529737.0,No,Moderate,Acceptable,109.56,145.13,42.14,46.64,2.15,82.11,211.6
2013,Ernakulam,Kerala,Summer,Periyar,Shipping/Refinery,O3,198.41,0.81,24914.0,79777.0,7249.0,529737.0,No,Moderate,Good,117.76,129.47,37.72,17.99,1.2,141.42,186.51
2013,Ernakulam,Kerala,Summer,Periyar,Shipping/Refinery,PM10,198.76,1.01,25481.5,79777.0,7249.0,529737.0,No,Poor,Acceptable,106.52,146.79,52.37,13.18,3.94,58.31,186.83
2013,Ernakulam,Kerala,Winter,Periyar,Shipping/Refinery,PM10,235.86,1.2,40992.67,79777.0,7249.0,529737.0,No,Poor,Acceptable,120.36,153.68,50.31,53.61,2.89,112.14,221.71
2013,Gurugram,Haryana,Monsoon,Sahibi,Automobile,NO2,132.55,0.8,27822.0,22129.0,5094.0,2424815.0,No,Moderate,Good,72.38,91.73,99.94,59.51,3.17,98.91,124.6
2013,Gurugram,Haryana,Monsoon,Sahibi,Automobile,O3,133.04,0.96,18533.0,22129.0,5094.0,2424815.0,No,Moderate,Good,64.63,72.25,63.82,18.62,3.6,152.49,125.06
2013,Gurugram,Haryana,Monsoon,Sahibi,Automobile,PM10,129.86,1.34,30729.5,22129.0,5094.0,2424815.0,No,Moderate,Acceptable,57.32,88.11,33.0,21.61,3.59,26.52,122.07
2013,Gurugram,Haryana,Post-Monsoon,Sahibi,Automobile,O3,172.58,1.44,28337.0,22129.0,5094.0,2424815.0,No,Moderate,Acceptable,90.54,95.87,124.12,10.26,2.52,187.78,162.23
2013,Gurugram,Haryana,Post-Monsoon,Sahibi,Automobile,PM10,124.0,1.44,43975.0,22129.0,5094.0,2424815.0,No,Moderate,Acceptable,66.66,83.68,11.63,79.17,3.53,70.07,116.56
2013,Gurugram,Haryana,Summer,Sahibi,Automobile,O3,132.19,1.74,26339.0,22129.0,5094.0,2424815.0,No,Moderate,Acceptable,53.87,89.2,85.63,52.87,4.24,108.46,124.26
2013,Gurugram,Haryana,Summer,Sahibi,Automobile,PM10,128.23,0.97,26559.5,22129.0,5094.0,2424815.0,No,Moderate,Acceptable,72.1,80.71,33.78,33.11,2.48,47.84,120.54
2013,Gurugram,Haryana,Winter,Sahibi,Automobile,O3,151.03,1.11,16798.0,22129.0,5094.0,2424815.0,No,Moderate,Acceptable,73.09,84.62,101.73,48.79,2.05,147.41,141.97
2013,Guwahati,Assam,Monsoon,Brahmaputra,Agro-Industry,O3,182.04,1.42,12997.0,228611.0,3256.0,177456.0,No,Moderate,Acceptable,93.86,114.42,36.52,52.12,1.68,142.61,171.12
2013,Guwahati,Assam,Monsoon,Brahmaputra,Agro-Industry,PM10,183.61,1.22,20921.67,228611.0,3256.0,177456.0,No,Moderate,Acceptable,82.14,119.52,37.37,26.76,2.16,67.78,172.59
2013,Guwahati,Assam,Post-Monsoon,Brahmaputra,Agro-Industry,O3,185.84,1.78,45659.0,228611.0,3256.0,177456.0,No,Moderate,Acceptable,86.24,107.82,67.07,16.72,2.28,126.64,174.69
2013,Guwahati,Assam,Post-Monsoon,Brahmaputra,Agro-Industry,PM10,240.7,1.36,6877.0,228611.0,3256.0,177456.0,No,Poor,Acceptable,140.57,147.98,108.18,64.02,3.53,128.46,226.26
2013,Guwahati,Assam,Summer,Brahmaputra,Agro-Industry,NO2,183.61,1.37,45429.0,228611.0,3256.0,177456.0,No,Moderate,Acceptable,102.07,98.71,103.26,43.46,3.35,93.4,172.59
2013,Guwahati,Assam,Summer,Brahmaputra,Agro-Industry,O3,175.36,0.79,45529.0,228611.0,3256.0,177456.0,No,Moderate,Good,85.56,115.69,102.6,53.05,0.46,150.41,164.84
2013,Guwahati,Assam,Summer,Brahmaputra,Agro-Industry,PM10,185.99,1.28,37002.0,228611.0,3256.0,177456.0,No,Moderate,Acceptable,89.08,124.97,115.4,34.55,3.44,41.55,174.83
2013,Guwahati,Assam,Winter,Brahmaputra,Agro-Industry,O3,233.67,1.39,52463.0,228611.0,3256.0,177456.0,No,Poor,Acceptable,97.27,134.06,108.13,9.15,0.32,157.93,219.65
2013,Guwahati,Assam,Winter,Brahmaputra,Agro-Industry,PM10,214.14,1.69,24832.5,228611.0,3256.0,177456.0,No,Poor,Polluted,104.63,141.27,88.22,24.43,3.12,110.71,201.29
2013,Hyderabad,Telangana,Monsoon,Musi,Manufacturing,O3,180.4,1.0,26110.5,121145.0,2317.0,6792714.0,No,Moderate,Acceptable,94.2,108.57,68.81,32.62,2.56,156.06,169.58
2013,Hyderabad,Telangana,Monsoon,Musi,Manufacturing,PM10,184.1,1.17,8132.0,121145.0,2317.0,6792714.0,No,Moderate,Acceptable,75.83,114.31,14.73,34.92,0.87,12.22,173.05
2013,Hyderabad,Telangana,Monsoon,Musi,Manufacturing,PM2.5,178.26,1.06,37730.0,121145.0,2317.0,6792714.0,No,Moderate,Acceptable,102.63,98.91,78.31,14.27,3.76,68.19,167.56
2013,Hyderabad,Telangana,Post-Monsoon,Musi,Manufacturing,PM10,203.6,1.16,19792.0,121145.0,2317.0,6792714.0,No,Moderate,Acceptable,108.91,124.31,71.72,63.16,2.32,98.61,191.38
2013,Hyderabad,Telangana,Summer,Musi,Manufacturing,O3,179.1,1.1,23916.0,121145.0,2317.0,6792714.0,No,Moderate,Acceptable,89.06,120.56,10.06,68.78,2.8,122.86,168.35
2013,Hyderabad,Telangana,Summer,Musi,Manufacturing,PM10,182.22,0.84,16098.0,121145.0,2317.0,6792714.0,No,Moderate,Good,96.1,123.74,38.03,45.25,2.36,45.62,171.29
2013,Hyderabad,Telangana,Winter,Musi,Manufacturing,O3,231.45,1.54,10243.0,121145.0,2317.0,6792714.0,No,Poor,Acceptable,111.16,125.17,95.47,23.49,0.52,150.95,217.56
2013,Hyderabad,Telangana,Winter,Musi,Manufacturing,PM10,231.39,1.11,26734.0,121145.0,2317.0,6792714.0,No,Poor,Acceptable,126.37,141.17,120.96,22.39,4.47,100.42,217.51
2013,Hyderabad,Telangana,Winter,Musi,Manufacturing,PM2.5,173.34,1.37,23434.0,121145.0,2317.0,6792714.0,No,Moderate,Acceptable,99.4,97.29,77.99,19.3,2.69,62.06,162.94
2013,Jaipur,Rajasthan,Monsoon,Banas,Manufacturing,NO2,140.35,1.04,52779.0,147307.0,11617.0,1977214.0,No,Moderate,Acceptable,85.93,99.34,109.47,67.64,3.2,41.18,131.93
2013,Jaipur,Rajasthan,Monsoon,Banas,Manufacturing,O3,144.88,1.25,35708.0,147307.0,11617.0,1977214.0,No,Moderate,Acceptable,65.17,101.18,57.39,49.56,2.22,135.41,136.19
2013,Jaipur,Rajasthan,Monsoon,Banas,Manufacturing,PM10,144.61,1.21,30817.0,147307.0,11617.0,1977214.0,No,Moderate,Acceptable,56.64,78.98,56.48,37.15,4.1,65.71,135.93
2013,Jaipur,Rajasthan,Post-Monsoon,Banas,Manufacturing,PM10,165.48,1.36,24677.0,147307.0,11617.0,1977214.0,No,Moderate,Good,78.72,104.2,91.97,25.66,3.14,37.83,155.55
2013,Jaipur,Rajasthan,Summer,Banas,Manufacturing,O3,152.74,1.27,32241.5,147307.0,11617.0,1977214.0,No,Moderate,Acceptable,71.65,87.66,65.95,51.14,2.15,140.32,143.58
2013,Jaipur,Rajasthan,Summer,Banas,Manufacturing,PM10,137.54,0.99,37680.0,147307.0,11617.0,1977214.0,No,Moderate,Good,76.81,83.89,77.07,20.49,4.38,46.56,129.29
2013,Jaipur,Rajasthan,Winter,Banas,Manufacturing,PM10,162.32,1.58,23203.5,147307.0,11617.0,1977214.0,No,Moderate,Acceptable,84.62,106.44,20.17,68.53,2.54,67.72,152.58
2013,Jaipur,Rajasthan,Winter,Banas,Manufacturing,PM2.5,178.61,0.88,5002.0,147307.0,11617.0,1977214.0,No,Moderate,Good,107.47,103.69,81.08,40.22,1.94,21.49,167.89
2013,Jorapokhar,Jharkhand,Monsoon,Damodar,Mining/Coal,O3,155.16,1.47,33970.25,65390.0,934.0,57286.0,No,Moderate,Acceptable,81.14,92.7,73.97,47.34,2.56,152.03,145.85
2013,Jorapokhar,Jharkhand,Post-Monsoon,Damodar,Mining/Coal,NO2,144.25,2.02,5319.0,65390.0,934.0,57286.0,No,Moderate,Polluted,80.46,94.62,125.46,73.57,0.8,29.2,135.6
2013,Jorapokhar,Jharkhand,Post-Monsoon,Damodar,Mining/Coal,PM10,201.74,0.49,32638.0,65390.0,934.0,57286.0,No,Poor,Good,119.99,122.36,120.96,83.09,2.04,63.96,189.64
2013,Jorapokhar,Jharkhand,Summer,Damodar,Mining/Coal,O3,150.66,1.22,23081.0,65390.0,934.0,57286.0,No,Moderate,Acceptable,86.8,88.68,66.12,13.87,3.7,183.4,141.62
2013,Jorapokhar,Jharkhand,Summer,Damodar,Mining/Coal,PM10,151.69,1.69,11740.0,65390.0,934.0,57286.0,No,Moderate,Acceptable,68.45,86.66,81.4,11.02,4.32,77.33,142.59
2013,Jorapokhar,Jharkhand,Winter,Damodar,Mining/Coal,O3,176.98,1.27,10895.5,65390.0,934.0,57286.0,No,Poor,Acceptable,86.67,111.47,113.9,58.05,3.06,140.05,166.36
2013,Jorapokhar,Jharkhand,Winter,Damodar,Mining/Coal,PM10,199.66,0.88,33275.0,65390.0,934.0,57286.0,No,Moderate,Good,113.08,130.84,34.7,44.25,1.43,98.44,187.68
2013,Kochi,Kerala,Monsoon,Periyar,Shipping/Refinery,PM10,218.06,1.18,26265.25,79777.0,7249.0,640198.0,No,Poor,Acceptable,111.42,139.8,24.32,38.51,2.09,69.2,204.98
2013,Kochi,Kerala,Post-Monsoon,Periyar,Shipping/Refinery,PM10,249.2,1.39,8436.0,79777.0,7249.0,640198.0,No,Poor,Acceptable,121.47,159.18,45.94,55.66,2.5,93.24,234.25
2013,Kochi,Kerala,Summer,Periyar,Shipping/Refinery,O3,215.01,0.83,24914.0,79777.0,7249.0,640198.0,No,Poor,Good,129.6,142.89,43.18,21.31,1.36,152.98,202.11
2013,Kochi,Kerala,Summer,Periyar,Shipping/Refinery,PM10,213.7,1.01,25481.5,79777.0,7249.0,640198.0,No,Poor,Acceptable,116.24,159.59,59.1,16.26,4.44,62.89,200.88
2013,Kochi,Kerala,Winter,Periyar,Shipping/Refinery,PM10,263.45,1.19,40992.67,79777.0,7249.0,640198.0,No,Poor,Acceptable,133.54,170.12,55.14,57.47,3.26,124.96,247.64
2013,Kolkata,West Bengal,Monsoon,Hooghly,Manufacturing,PM10,214.69,1.23,26218.25,41794.0,6569.0,10702128.0,No,Poor,Acceptable,102.12,131.26,37.88,39.13,2.76,85.83,201.81
2013,Kolkata,West Bengal,Post-Monsoon,Hooghly,Manufacturing,PM10,247.3,1.46,28879.5,41794.0,6569.0,10702128.0,No,Poor,Acceptable,114.26,157.32,66.47,64.37,1.13,118.0,232.46
2013,Kolkata,West Bengal,Summer,Hooghly,Manufacturing,PM10,208.83,1.06,20105.33,41794.0,6569.0,10702128.0,No,Poor,Acceptable,98.04,132.28,59.19,44.01,1.07,80.9,196.3
2013,Kolkata,West Bengal,Winter,Hooghly,Manufacturing,O3,219.78,1.09,54332.0,41794.0,6569.0,10702128.0,No,Poor,Acceptable,95.53,155.65,27.36,14.16,0.89,156.39,206.59
2013,Kolkata,West Bengal,Winter,Hooghly,Manufacturing,PM10,282.53,1.14,29591.0,41794.0,6569.0,10702128.0,No,Poor,Acceptable,158.12,163.36,43.94,37.9,2.0,21.92,265.58
2013,Lucknow,Uttar Pradesh,Monsoon,Gomti,Agro-Industry,O3,197.15,1.09,23398.0,246660.0,5676.0,846715.0,No,Moderate,Acceptable,104.28,134.52,82.98,52.43,0.88,180.53,185.32
2013,Lucknow,Uttar Pradesh,Monsoon,Gomti,Agro-Industry,PM10,194.28,1.57,38721.67,246660.0,5676.0,846715.0,No,Moderate,Acceptable,93.92,140.29,46.48,28.18,1.89,62.66,182.62
2013,Lucknow,Uttar Pradesh,Post-Monsoon,Gomti,Agro-Industry,PM10,224.49,1.36,23287.0,246660.0,5676.0,846715.0,No,Poor,Good,110.34,153.14,58.64,23.58,2.41,97.01,211.02
2013,Lucknow,Uttar Pradesh,Summer,Gomti,Agro-Industry,PM10,199.37,0.88,25662.67,246660.0,5676.0,846715.0,No,Moderate,Good,95.35,137.33,74.55,29.46,2.64,74.64,187.41
2013,Lucknow,Uttar Pradesh,Winter,Gomti,Agro-Industry,O3,247.42,1.6,24195.0,246660.0,5676.0,846715.0,No,Poor,Acceptable,116.06,131.61,88.97,53.4,3.63,171.68,232.57
2013,Lucknow,Uttar Pradesh,Winter,Gomti,Agro-Industry,PM10,222.96,0.96,29310.5,246660.0,5676.0,846715.0,No,Moderate,Good,117.25,137.62,100.7,40.58,1.52,62.83,209.58
2013,Mumbai,Maharashtra,Monsoon,Ulhas,Manufacturing,NO2,113.9,1.68,16779.5,98466.0,8778.0,18168873.0,No,Moderate,Acceptable,63.18,66.9,83.28,67.95,1.78,37.66,107.07
2013,Mumbai,Maharashtra,Monsoon,Ulhas,Manufacturing,O3,115.44,1.43,29863.0,98466.0,8778.0,18168873.0,No,Moderate,Acceptable,61.64,82.26,54.43,28.98,2.0,147.39,108.51
2013,Mumbai,Maharashtra,Post-Monsoon,Ulhas,Manufacturing,NO2,115.21,1.68,38093.0,98466.0,8778.0,18168873.0,No,Moderate,Acceptable,62.44,61.06,74.96,48.23,3.12,51.23,108.3
2013,Mumbai,Maharashtra,Post-Monsoon,Ulhas,Manufacturing,O3,149.23,1.42,46191.0,98466.0,8778.0,18168873.0,No,Moderate,Acceptable,63.39,88.6,37.26,8.92,2.29,128.62,140.28
2013,Mumbai,Maharashtra,Summer,Ulhas,Manufacturing,O3,117.72,0.58,26174.0,98466.0,8778.0,18168873.0,No,Moderate,Good,68.59,67.67,54.82,61.18,3.3,78.55,110.66
2013,Mumbai,Maharashtra,Summer,Ulhas,Manufacturing,PM10,113.5,0.92,14581.0,98466.0,8778.0,18168873.0,No,Moderate,Good,57.7,79.57,43.83,22.83,3.56,42.18,106.69
2013,Mumbai,Maharashtra,Winter,Ulhas,Manufacturing,NO2,148.22,1.42,47470.0,98466.0,8778.0,18168873.0,No,Moderate,Acceptable,89.42,85.83,103.76,46.8,2.0,31.5,139.33
2013,Mumbai,Maharashtra,Winter,Ulhas,Manufacturing,O3,150.58,1.65,31615.0,98466.0,8778.0,18168873.0,No,Moderate,Acceptable,87.65,96.55,31.64,49.44,3.51,139.18,141.55
2013,Mumbai,Maharashtra,Winter,Ulhas,Manufacturing,PM10,117.19,1.55,18671.0,98466.0,8778.0,18168873.0,No,Moderate,Acceptable,53.26,77.35,74.13,67.16,4.05,11.77,110.16
2013,Patna,Bihar,Monsoon,Ganga,Agro-Industry,O3,135.85,1.52,26588.5,153570.0,668.0,359668.0,No,Moderate,Acceptable,63.49,74.53,37.98,73.8,2.82,96.3,127.7
2013,Patna,Bihar,Monsoon,Ganga,Agro-Industry,PM10,129.2,1.7,21609.0,153570.0,668.0,359668.0,No,Moderate,Acceptable,61.22,86.15,37.37,39.49,2.92,71.92,121.45
2013,Patna,Bihar,Post-Monsoon,Ganga,Agro-Industry,PM10,146.8,1.62,20764.5,153570.0,668.0,359668.0,No,Moderate,Acceptable,71.84,92.82,45.0,33.02,1.95,28.3,137.99
2013,Patna,Bihar,Summer,Ganga,Agro-Industry,O3,130.16,1.61,34250.0,153570.0,668.0,359668.0,No,Moderate,Acceptable,71.48,91.0,19.63,10.76,3.21,134.47,122.35
2013,Patna,Bihar,Summer,Ganga,Agro-Industry,PM10,130.62,1.31,33797.0,153570.0,668.0,359668.0,No,Moderate,Acceptable,68.0,86.3,30.7,28.42,3.4,69.14,122.78
2013,Patna,Bihar,Winter,Ganga,Agro-Industry,O3,162.37,1.21,5533.0,153570.0,668.0,359668.0,No,Moderate,Acceptable,94.42,100.06,61.03,35.61,2.14,117.73,152.63
2013,Patna,Bihar,Winter,Ganga,Agro-Industry,PM10,149.21,1.38,46577.5,153570.0,668.0,359668.0,No,Moderate,Acceptable,74.19,94.85,40.67,49.6,0.55,67.36,140.26
2013,Shillong,Meghalaya,Monsoon,Umiam,Handicrafts,O3,92.86,1.44,12997.0,228611.0,3256.0,105403.0,No,Satisfactory,Acceptable,50.06,61.42,15.87,24.4,0.82,75.18,87.29
2013,Shillong,Meghalaya,Monsoon,Umiam,Handicrafts,PM10,93.56,1.23,20921.67,228611.0,3256.0,105403.0,No,Satisfactory,Acceptable,42.33,61.22,17.71,14.23,1.14,32.25,87.95
2013,Shillong,Meghalaya,Post-Monsoon,Umiam,Handicrafts,O3,98.03,1.81,45659.0,228611.0,3256.0,105403.0,No,Satisfactory,Acceptable,41.95,49.48,32.15,8.68,1.05,65.62,92.15
2013,Shillong,Meghalaya,Post-Monsoon,Umiam,Handicrafts,PM2.5,129.4,1.36,6877.0,228611.0,3256.0,105403.0,No,Moderate,Acceptable,78.72,74.66,54.14,33.16,1.72,67.08,121.64
2013,Shillong,Meghalaya,Summer,Umiam,Handicrafts,O3,86.02,0.85,45529.0,228611.0,3256.0,105403.0,No,Satisfactory,Good,42.61,55.03,45.89,24.8,0.19,65.49,80.86
2013,Shillong,Meghalaya,Summer,Umiam,Handicrafts,PM10,88.8,1.23,37002.0,228611.0,3256.0,105403.0,No,Satisfactory,Acceptable,42.22,56.65,54.96,17.19,1.77,20.28,83.47
2013,Shillong,Meghalaya,Summer,Umiam,Handicrafts,PM2.5,86.8,1.36,45429.0,228611.0,3256.0,105403.0,No,Satisfactory,Acceptable,58.72,51.87,45.78,23.35,1.81,51.52,81.59
2013,Shillong,Meghalaya,Winter,Umiam,Handicrafts,O3,114.52,1.39,52463.0,228611.0,3256.0,105403.0,No,Moderate,Acceptable,46.79,69.78,53.23,4.3,0.18,74.09,107.65
2013,Shillong,Meghalaya,Winter,Umiam,Handicrafts,PM10,107.08,1.62,24832.5,228611.0,3256.0,105403.0,No,Moderate,Acceptable,55.36,71.16,46.36,12.67,1.69,59.41,100.66
2013,Talcher,Odisha,Monsoon,Brahmani,Thermal Power,NO2,187.28,1.74,19058.0,66997.0,9994.0,154466.0,No,Moderate,Acceptable,88.43,119.55,134.24,49.58,4.26,76.16,176.04
2013,Talcher,Odisha,Monsoon,Brahmani,Thermal Power,O3,175.71,1.0,45177.0,66997.0,9994.0,154466.0,No,Moderate,Acceptable,79.13,114.29,57.95,79.01,1.66,161.84,165.17
2013,Talcher,Odisha,Monsoon,Brahmani,Thermal Power,PM10,180.24,1.62,32452.0,66997.0,9994.0,154466.0,No,Moderate,Acceptable,79.74,113.42,99.84,39.02,3.21,41.09,169.43
2013,Talcher,Odisha,Post-Monsoon,Brahmani,Thermal Power,O3,174.19,1.47,10902.0,66997.0,9994.0,154466.0,No,Moderate,Acceptable,80.04,119.4,69.5,65.45,2.6,179.0,163.74
2013,Talcher,Odisha,Post-Monsoon,Brahmani,Thermal Power,PM10,235.37,1.02,47174.0,66997.0,9994.0,154466.0,No,Poor,Acceptable,105.64,144.02,62.55,48.16,4.41,69.13,221.25
2013,Talcher,Odisha,Summer,Brahmani,Thermal Power,O3,172.63,1.27,30721.0,66997.0,9994.0,154466.0,No,Moderate,Acceptable,96.75,104.89,70.27,61.82,3.3,167.39,162.27
2013,Talcher,Odisha,Summer,Brahmani,Thermal Power,PM10,181.04,1.7,4623.0,66997.0,9994.0,154466.0,No,Moderate,Acceptable,75.6,119.67,72.0,79.32,2.35,83.02,170.18
2013,Talcher,Odisha,Winter,Brahmani,Thermal Power,PM10,205.61,1.54,20496.67,66997.0,9994.0,154466.0,No,Poor,Acceptable,99.32,134.69,83.19,41.37,3.54,87.53,193.27
2013,Thiruvananthapuram,Kerala,Monsoon,Karamana,IT/Electronics,O3,129.43,0.97,27735.0,201674.0,12557.0,744567.0,No,Moderate,Good,62.45,84.22,65.78,68.42,1.98,143.39,121.66
2013,Thiruvananthapuram,Kerala,Monsoon,Karamana,IT/Electronics,PM10,132.44,1.92,13263.0,201674.0,12557.0,744567.0,No,Moderate,Acceptable,68.06,86.76,10.2,31.42,3.33,32.12,124.49
2013,Thiruvananthapuram,Kerala,Post-Monsoon,Karamana,IT/Electronics,O3,121.44,0.47,30714.0,201674.0,12557.0,744567.0,No,Moderate,Good,69.79,88.54,16.05,31.69,2.54,89.07,114.15
2013,Thiruvananthapuram,Kerala,Post-Monsoon,Karamana,IT/Electronics,PM10,161.58,1.63,46049.0,201674.0,12557.0,744567.0,No,Moderate,Acceptable,83.86,111.45,44.79,58.15,3.31,53.68,151.89
2013,Thiruvananthapuram,Kerala,Summer,Karamana,IT/Electronics,NO2,127.09,1.56,26731.0,201674.0,12557.0,744567.0,No,Moderate,Acceptable,72.72,74.06,101.69,49.76,0.62,100.42,119.46
2013,Thiruvananthapuram,Kerala,Summer,Karamana,IT/Electronics,O3,130.28,1.38,41405.0,201674.0,12557.0,744567.0,No,Moderate,Acceptable,68.87,83.3,33.73,50.6,1.48,127.4,122.46
2013,Thiruvananthapuram,Kerala,Winter,Karamana,IT/Electronics,O3,127.3,0.85,9429.0,201674.0,12557.0,744567.0,No,Moderate,Good,55.42,93.75,102.97,70.31,3.93,161.74,119.66
2013,Thiruvananthapuram,Kerala,Winter,Karamana,IT/Electronics,PM10,166.9,1.62,14800.5,201674.0,12557.0,744567.0,No,Moderate,Acceptable,83.82,119.94,93.52,13.84,3.58,67.37,156.89
2013,Visakhapatnam,Andhra Pradesh,Monsoon,Gosthani,Mining,O3,165.76,1.0,26110.5,121145.0,2317.0,139941.0,No,Moderate,Acceptable,91.3,110.7,69.59,31.48,2.5,149.18,155.81
2013,Visakhapatnam,Andhra Pradesh,Monsoon,Gosthani,Mining,PM10,167.22,1.16,8132.0,121145.0,2317.0,139941.0,No,Moderate,Acceptable,69.93,105.34,13.7,33.4,0.86,12.29,157.19
2013,Visakhapatnam,Andhra Pradesh,Monsoon,Gosthani,Mining,PM2.5,165.49,1.04,37730.0,121145.0,2317.0,139941.0,No,Moderate,Acceptable,99.5,92.6,67.38,13.38,3.47,63.7,155.56
2013,Visakhapatnam,Andhra Pradesh,Post-Monsoon,Gosthani,Mining,PM10,174.09,1.02,22985.0,121145.0,2317.0,139941.0,No,Moderate,Acceptable,72.37,107.39,82.89,60.72,2.79,85.89,163.64
2013,Visakhapatnam,Andhra Pradesh,Post-Monsoon,Gosthani,Mining,PM2.5,216.74,1.34,16599.0,121145.0,2317.0,139941.0,No,Poor,Acceptable,128.79,127.25,64.06,63.67,1.43,89.57,203.74
2013,Visakhapatnam,Andhra Pradesh,Summer,Gosthani,Mining,O3,168.7,1.05,23916.0,121145.0,2317.0,139941.0,No,Moderate,Acceptable,85.07,115.52,9.14,68.74,2.51,126.02,158.58
2013,Visakhapatnam,Andhra Pradesh,Summer,Gosthani,Mining,PM10,168.09,0.8,16098.0,121145.0,2317.0,139941.0,No,Moderate,Good,90.65,116.4,38.24,41.94,2.16,43.56,158.0
2013,Visakhapatnam,Andhra Pradesh,Winter,Gosthani,Mining,O3,230.46,1.48,10243.0,121145.0,2317.0,139941.0,No,Poor,Acceptable,109.74,135.67,98.06,21.96,0.52,151.15,216.63
2013,Visakhapatnam,Andhra Pradesh,Winter,Gosthani,Mining,PM10,198.21,1.23,25084.0,121145.0,2317.0,139941.0,No,Moderate,Acceptable,102.61,117.74,93.74,19.56,3.49,72.53,186.32
2014,Ahmedabad,Gujarat,Monsoon,Sabarmati,Chemical,NO2,138.69,1.27,30996.0,150634.0,3603.0,5281441.0,No,Moderate,Acceptable,73.87,81.91,110.54,32.11,3.21,83.08,130.37
2014,Ahmedabad,Gujarat,Monsoon,Sabarmati,Chemical,O3,133.97,0.83,35687.5,150634.0,3603.0,5281441.0,No,Moderate,Good,70.54,91.53,67.43,46.07,2.72,115.74,125.93
2014,Ahmedabad,Gujarat,Monsoon,Sabarmati,Chemical,PM10,139.98,0.87,17371.0,150634.0,3603.0,5281441.0,No,Moderate,Good,67.24,86.81,27.36,34.62,1.55,83.21,131.58
2014,Ahmedabad,Gujarat,Post-Monsoon,Sabarmati,Chemical,O3,144.14,1.68,19443.0,150634.0,3603.0,5281441.0,No,Moderate,Acceptable,66.04,89.93,78.7,10.61,1.63,163.07,135.49
2014,Ahmedabad,Gujarat,Post-Monsoon,Sabarmati,Chemical,PM10,185.41,1.14,46078.0,150634.0,3603.0,5281441.0,No,Moderate,Acceptable,80.3,140.7,49.46,20.79,1.34,56.91,174.29
2014,Ahmedabad,Gujarat,Summer,Sabarmati,Chemical,NO2,138.57,1.56,42096.0,150634.0,3603.0,5281441.0,No,Moderate,Acceptable,73.77,89.91,96.4,49.91,2.04,83.36,130.26
2014,Ahmedabad,Gujarat,Summer,Sabarmati,Chemical,O3,139.85,0.85,50757.0,150634.0,3603.0,5281441.0,No,Moderate,Good,63.56,85.75,120.32,50.66,0.41,159.52,131.46
2014,Ahmedabad,Gujarat,Summer,Sabarmati,Chemical,PM10,136.72,0.59,12366.0,150634.0,3603.0,5281441.0,No,Moderate,Good,78.88,92.22,79.17,25.96,4.31,83.15,128.52
2014,Ahmedabad,Gujarat,Winter,Sabarmati,Chemical,NO2,141.95,1.73,42487.0,150634.0,3603.0,5281441.0,No,Moderate,Acceptable,67.61,80.11,86.97,41.36,1.14,38.85,133.43
2014,Ahmedabad,Gujarat,Winter,Sabarmati,Chemical,PM10,177.0,1.17,46521.5,150634.0,3603.0,5281441.0,No,Moderate,Acceptable,99.51,114.76,102.9,47.72,3.7,59.82,166.38
2014,Aizawl,Mizoram,Monsoon,Tlawng,Handicrafts,O3,80.18,1.18,10935.5,230414.0,3287.0,65966.0,No,Satisfactory,Good,47.82,55.84,23.46,19.55,0.63,75.6,75.37
2014,Aizawl,Mizoram,Monsoon,Tlawng,Handicrafts,PM10,75.8,1.32,27815.0,230414.0,3287.0,65966.0,No,Satisfactory,Acceptable,41.06,58.29,33.17,15.62,0.98,44.11,71.25
2014,Aizawl,Mizoram,Post-Monsoon,Tlawng,Handicrafts,PM10,96.45,1.52,19632.5,230414.0,3287.0,65966.0,No,Satisfactory,Polluted,44.38,59.05,14.25,15.6,1.4,37.34,90.66
2014,Aizawl,Mizoram,Summer,Tlawng,Handicrafts,NO2,81.51,0.9,13807.0,230414.0,3287.0,65966.0,No,Satisfactory,Good,45.0,49.09,51.03,35.74,1.88,27.46,76.62
2014,Aizawl,Mizoram,Summer,Tlawng,Handicrafts,PM10,80.73,1.3,18483.0,230414.0,3287.0,65966.0,No,Satisfactory,Good,48.83,55.97,16.94,22.86,0.56,27.46,75.89
2014,Aizawl,Mizoram,Winter,Tlawng,Handicrafts,O3,108.98,1.1,31729.5,230414.0,3287.0,65966.0,No,Moderate,Acceptable,54.48,76.34,17.08,14.99,0.44,80.01,102.44
2014,Aizawl,Mizoram,Winter,Tlawng,Handicrafts,PM10,70.97,1.2,18424.0,230414.0,3287.0,65966.0,No,Satisfactory,Acceptable,48.61,49.69,11.05,30.16,1.71,8.04,66.71
2014,Amaravati,Andhra Pradesh,Monsoon,Krishna,Agro-processing,O3,161.44,1.41,31114.0,124761.0,2381.0,301222.0,No,Moderate,Acceptable,80.6,96.0,76.27,24.29,0.6,124.5,151.75
2014,Amaravati,Andhra Pradesh,Monsoon,Krishna,Agro-processing,PM10,157.0,1.65,16361.5,124761.0,2381.0,301222.0,No,Moderate,Acceptable,77.91,100.28,64.53,32.49,1.48,28.46,147.58
2014,Amaravati,Andhra Pradesh,Post-Monsoon,Krishna,Agro-processing,PM10,182.37,0.88,43285.0,124761.0,2381.0,301222.0,No,Moderate,Good,101.61,115.48,88.0,32.57,2.47,65.64,171.43
2014,Amaravati,Andhra Pradesh,Summer,Krishna,Agro-processing,O3,155.74,1.14,20018.5,124761.0,2381.0,301222.0,No,Moderate,Acceptable,88.92,96.19,85.06,47.66,2.06,134.05,146.4
2014,Amaravati,Andhra Pradesh,Summer,Krishna,Agro-processing,PM10,163.52,0.95,6767.0,124761.0,2381.0,301222.0,No,Moderate,Good,64.63,104.01,26.91,34.1,1.74,15.72,153.71
2014,Amaravati,Andhra Pradesh,Winter,Krishna,Agro-processing,O3,178.66,1.3,19831.0,124761.0,2381.0,301222.0,No,Poor,Acceptable,73.22,101.74,36.82,40.4,2.46,137.95,167.94
2014,Amaravati,Andhra Pradesh,Winter,Krishna,Agro-processing,PM10,217.69,1.01,49755.0,124761.0,2381.0,301222.0,No,Poor,Acceptable,102.03,144.54,96.6,41.23,0.7,116.18,204.63
2014,Amritsar,Punjab,Monsoon,Beas,Agro-Industry,O3,138.32,1.35,19036.5,255737.0,3302.0,726291.0,No,Moderate,Acceptable,72.33,90.11,49.62,53.81,1.18,135.07,130.02
2014,Amritsar,Punjab,Monsoon,Beas,Agro-Industry,PM10,136.33,1.3,20952.0,255737.0,3302.0,726291.0,No,Moderate,Acceptable,69.98,93.86,70.66,68.93,1.9,48.89,128.15
2014,Amritsar,Punjab,Post-Monsoon,Beas,Agro-Industry,O3,131.09,1.57,14796.0,255737.0,3302.0,726291.0,No,Moderate,Acceptable,54.63,86.36,41.24,54.59,0.56,122.55,123.22
2014,Amritsar,Punjab,Post-Monsoon,Beas,Agro-Industry,PM10,180.35,1.29,48298.0,255737.0,3302.0,726291.0,No,Moderate,Acceptable,100.8,119.21,14.62,58.3,1.55,68.21,169.53
2014,Amritsar,Punjab,Summer,Beas,Agro-Industry,NO2,136.83,1.29,10705.0,255737.0,3302.0,726291.0,No,Moderate,Acceptable,65.11,78.06,107.76,17.64,4.4,64.55,128.62
2014,Amritsar,Punjab,Summer,Beas,Agro-Industry,O3,129.8,1.28,23082.0,255737.0,3302.0,726291.0,No,Moderate,Acceptable,62.66,75.19,73.18,60.97,3.64,95.1,122.01
2014,Amritsar,Punjab,Summer,Beas,Agro-Industry,PM10,133.93,0.92,31348.0,255737.0,3302.0,726291.0,No,Moderate,Good,80.74,98.17,73.48,21.88,3.91,58.26,125.89
2014,Amritsar,Punjab,Winter,Beas,Agro-Industry,PM10,162.47,1.65,38953.0,255737.0,3302.0,726291.0,No,Moderate,Polluted,78.83,111.24,43.82,37.0,2.48,50.79,152.72
2014,Bengaluru,Karnataka,Monsoon,Arkavathi,Agro-Industry,O3,94.86,1.05,28689.0,107970.0,12473.0,2497669.0,No,Satisfactory,Good,47.71,63.26,70.94,26.58,3.1,140.66,89.17
2014,Bengaluru,Karnataka,Post-Monsoon,Arkavathi,Agro-Industry,NO2,91.38,0.9,3328.0,107970.0,12473.0,2497669.0,No,Satisfactory,Good,52.97,50.03,112.69,32.77,3.97,15.76,85.9
2014,Bengaluru,Karnataka,Post-Monsoon,Arkavathi,Agro-Industry,PM10,123.78,1.48,34157.0,107970.0,12473.0,2497669.0,No,Moderate,Acceptable,67.17,82.28,64.92,20.83,3.07,36.77,116.35
2014,Bengaluru,Karnataka,Summer,Arkavathi,Agro-Industry,NO2,94.6,1.54,29746.5,107970.0,12473.0,2497669.0,No,Satisfactory,Acceptable,43.18,58.96,61.73,46.06,4.36,34.9,88.92
2014,Bengaluru,Karnataka,Summer,Arkavathi,Agro-Industry,PM10,91.76,1.16,30299.0,107970.0,12473.0,2497669.0,No,Satisfactory,Acceptable,46.89,64.54,24.98,61.34,2.54,56.1,86.25
2014,Bengaluru,Karnataka,Winter,Arkavathi,Agro-Industry,NO2,123.89,0.78,31923.0,107970.0,12473.0,2497669.0,No,Moderate,Good,66.89,74.34,101.7,26.2,1.95,84.2,116.46
2014,Bengaluru,Karnataka,Winter,Arkavathi,Agro-Industry,O3,92.37,0.61,43736.0,107970.0,12473.0,2497669.0,No,Satisfactory,Good,41.36,66.87,64.18,31.47,3.03,68.59,86.83
2014,Bhopal,Madhya Pradesh,Monsoon,Betwa,Manufacturing,NO2,118.65,0.84,47189.0,24564.0,11345.0,375602.0,No,Moderate,Good,48.43,66.28,99.15,35.3,3.56,51.9,111.53
2014,Bhopal,Madhya Pradesh,Monsoon,Betwa,Manufacturing,O3,118.32,1.25,34555.0,24564.0,11345.0,375602.0,No,Moderate,Acceptable,68.24,72.39,51.8,33.3,2.1,104.33,111.22
2014,Bhopal,Madhya Pradesh,Post-Monsoon,Betwa,Manufacturing,O3,120.72,0.72,21781.0,24564.0,11345.0,375602.0,No,Moderate,Good,58.09,79.36,103.27,47.21,4.26,126.59,113.48
2014,Bhopal,Madhya Pradesh,Post-Monsoon,Betwa,Manufacturing,PM10,154.68,1.29,7950.0,24564.0,11345.0,375602.0,No,Moderate,Acceptable,74.27,106.4,86.11,72.33,0.83,15.05,145.4
2014,Bhopal,Madhya Pradesh,Summer,Betwa,Manufacturing,O3,121.23,0.94,15826.5,24564.0,11345.0,375602.0,No,Moderate,Good,67.07,72.36,75.97,48.8,1.46,152.7,113.96
2014,Bhopal,Madhya Pradesh,Summer,Betwa,Manufacturing,PM10,115.26,0.81,49350.0,24564.0,11345.0,375602.0,No,Moderate,Good,63.11,83.0,39.05,67.75,2.23,50.88,108.34
2014,Bhopal,Madhya Pradesh,Winter,Betwa,Manufacturing,O3,136.43,0.72,19851.0,24564.0,11345.0,375602.0,No,Moderate,Good,63.36,91.94,19.29,42.27,2.0,151.73,128.24
2014,Bhopal,Madhya Pradesh,Winter,Betwa,Manufacturing,PM10,154.26,0.73,44628.0,24564.0,11345.0,375602.0,No,Moderate,Good,74.79,107.73,89.87,44.85,4.23,79.55,145.0
2014,Brajrajnagar,Odisha,Monsoon,Ib,Coal/Power,O3,99.01,1.46,13976.25,232539.0,7739.0,63648.0,No,Moderate,Acceptable,42.94,66.06,75.88,66.13,2.7,165.96,93.07
2014,Brajrajnagar,Odisha,Post-Monsoon,Ib,Coal/Power,O3,116.1,1.08,30254.0,232539.0,7739.0,63648.0,No,Moderate,Good,62.43,80.94,55.43,56.73,1.78,180.26,109.13
2014,Brajrajnagar,Odisha,Summer,Ib,Coal/Power,O3,97.86,1.4,32239.5,232539.0,7739.0,63648.0,No,Satisfactory,Acceptable,51.48,68.88,72.35,60.18,1.98,146.96,91.99
2014,Brajrajnagar,Odisha,Summer,Ib,Coal/Power,SO2,101.81,1.26,6211.0,232539.0,7739.0,63648.0,No,Moderate,Acceptable,45.53,61.33,14.44,66.1,4.39,46.19,95.7
2014,Brajrajnagar,Odisha,Winter,Ib,Coal/Power,NO2,133.29,1.49,14619.0,232539.0,7739.0,63648.0,No,Moderate,Acceptable,55.21,83.56,120.25,83.04,1.51,89.92,125.29
2014,Brajrajnagar,Odisha,Winter,Ib,Coal/Power,O3,126.42,0.98,4199.0,232539.0,7739.0,63648.0,No,Moderate,Good,65.77,85.34,102.29,56.23,4.12,187.01,118.83
2014,Brajrajnagar,Odisha,Winter,Ib,Coal/Power,SO2,96.62,1.41,43634.0,232539.0,7739.0,63648.0,No,Satisfactory,Acceptable,46.2,65.36,67.0,85.89,2.91,42.77,90.82
2014,Chandigarh,Chandigarh,Monsoon,Sukhna,Manufacturing,O3,111.31,1.38,19036.5,255737.0,3302.0,1034927.0,No,Moderate,Acceptable,56.42,66.4,39.06,43.34,0.88,108.74,104.63
2014,Chandigarh,Chandigarh,Monsoon,Sukhna,Manufacturing,PM10,109.57,1.25,20952.0,255737.0,3302.0,1034927.0,No,Moderate,Acceptable,55.83,77.64,55.42,58.6,1.54,40.42,103.0
2014,Chandigarh,Chandigarh,Post-Monsoon,Sukhna,Manufacturing,O3,112.69,1.58,14796.0,255737.0,3302.0,1034927.0,No,Moderate,Acceptable,45.29,72.78,35.2,43.63,0.46,99.6,105.93
2014,Chandigarh,Chandigarh,Post-Monsoon,Sukhna,Manufacturing,PM10,143.76,1.27,48298.0,255737.0,3302.0,1034927.0,No,Moderate,Acceptable,81.92,95.31,11.45,49.33,1.2,57.09,135.13
2014,Chandigarh,Chandigarh,Summer,Sukhna,Manufacturing,NO2,115.45,1.33,10705.0,255737.0,3302.0,1034927.0,No,Moderate,Acceptable,50.47,56.94,84.23,13.73,3.57,52.82,108.52
2014,Chandigarh,Chandigarh,Summer,Sukhna,Manufacturing,O3,108.17,1.26,23082.0,255737.0,3302.0,1034927.0,No,Moderate,Acceptable,48.74,63.79,64.55,51.48,2.9,79.36,101.68
2014,Chandigarh,Chandigarh,Summer,Sukhna,Manufacturing,PM10,108.45,0.94,31348.0,255737.0,3302.0,1034927.0,No,Moderate,Good,64.87,74.23,56.8,16.65,3.26,44.55,101.94
2014,Chandigarh,Chandigarh,Winter,Sukhna,Manufacturing,PM10,130.55,1.65,38953.0,255737.0,3302.0,1034927.0,No,Moderate,Polluted,61.38,90.65,34.53,29.02,2.06,41.09,122.72
2014,Chennai,Tamil Nadu,Monsoon,Cooum,Manufacturing,O3,143.26,1.01,19042.5,53409.0,7111.0,16064086.0,No,Moderate,Good,69.1,86.21,30.31,51.0,0.9,136.68,134.66
2014,Chennai,Tamil Nadu,Monsoon,Cooum,Manufacturing,PM10,142.38,1.2,14682.0,53409.0,7111.0,16064086.0,No,Moderate,Acceptable,74.69,108.83,65.3,68.22,3.62,37.87,133.84
2014,Chennai,Tamil Nadu,Monsoon,Cooum,Manufacturing,PM2.5,141.03,1.05,34981.0,53409.0,7111.0,16064086.0,No,Moderate,Acceptable,81.09,78.05,57.27,73.22,1.37,35.51,132.57
2014,Chennai,Tamil Nadu,Post-Monsoon,Cooum,Manufacturing,O3,192.19,2.24,24197.0,53409.0,7111.0,16064086.0,No,Moderate,Polluted,79.52,137.79,53.63,42.38,0.99,174.26,180.66
2014,Chennai,Tamil Nadu,Post-Monsoon,Cooum,Manufacturing,PM10,137.7,1.54,39769.0,53409.0,7111.0,16064086.0,No,Moderate,Acceptable,75.57,79.49,12.67,37.61,3.14,32.54,129.44
2014,Chennai,Tamil Nadu,Summer,Cooum,Manufacturing,O3,144.94,1.51,44360.67,53409.0,7111.0,16064086.0,No,Moderate,Polluted,72.36,95.71,105.7,33.88,2.72,128.23,136.24
2014,Chennai,Tamil Nadu,Winter,Cooum,Manufacturing,NO2,150.82,1.12,26804.0,53409.0,7111.0,16064086.0,No,Moderate,Acceptable,80.84,78.49,102.17,22.0,3.23,75.94,141.77
2014,Chennai,Tamil Nadu,Winter,Cooum,Manufacturing,O3,179.92,1.47,41452.0,53409.0,7111.0,16064086.0,No,Moderate,Acceptable,78.06,128.92,60.75,44.26,1.42,147.98,169.12
2014,Chennai,Tamil Nadu,Winter,Cooum,Manufacturing,PM10,187.73,0.82,21346.0,53409.0,7111.0,16064086.0,No,Moderate,Good,79.32,105.32,22.14,4.96,3.09,56.02,176.47
2014,Coimbatore,Tamil Nadu,Monsoon,Noyyal,Manufacturing,O3,128.55,1.09,17436.0,45234.0,4605.0,5151667.0,No,Moderate,Acceptable,68.99,79.34,66.7,72.15,0.86,101.96,120.84
2014,Coimbatore,Tamil Nadu,Monsoon,Noyyal,Manufacturing,PM10,129.17,1.59,23004.33,45234.0,4605.0,5151667.0,No,Moderate,Acceptable,69.51,85.45,44.21,42.75,1.54,26.57,121.42
2014,Coimbatore,Tamil Nadu,Post-Monsoon,Noyyal,Manufacturing,O3,154.3,1.35,24531.5,45234.0,4605.0,5151667.0,No,Moderate,Acceptable,77.28,95.4,53.1,44.86,2.74,143.63,145.04
2014,Coimbatore,Tamil Nadu,Summer,Noyyal,Manufacturing,NO2,129.2,1.14,47212.0,45234.0,4605.0,5151667.0,No,Moderate,Acceptable,66.59,82.19,109.16,30.4,3.59,97.34,121.45
2014,Coimbatore,Tamil Nadu,Summer,Noyyal,Manufacturing,PM10,127.83,1.38,26750.0,45234.0,4605.0,5151667.0,No,Moderate,Good,58.84,82.27,26.84,39.6,2.96,29.36,120.16
2014,Coimbatore,Tamil Nadu,Winter,Noyyal,Manufacturing,PM10,155.73,1.08,27291.67,45234.0,4605.0,5151667.0,No,Moderate,Good,72.49,104.2,50.59,44.93,3.06,59.57,146.39
2014,Delhi,Delhi,Monsoon,Yamuna,Manufacturing,O3,185.33,1.05,34890.0,235918.0,1485.0,2446094.0,No,Moderate,Acceptable,113.01,128.32,15.6,67.43,3.85,143.14,174.21
2014,Delhi,Delhi,Monsoon,Yamuna,Manufacturing,PM10,187.55,1.18,36010.67,235918.0,1485.0,2446094.0,No,Moderate,Good,83.28,120.01,79.62,46.03,3.56,71.28,176.3
2014,Delhi,Delhi,Post-Monsoon,Yamuna,Manufacturing,O3,181.51,0.95,33360.0,235918.0,1485.0,2446094.0,No,Moderate,Good,84.0,121.15,57.69,29.42,3.25,130.69,170.62
2014,Delhi,Delhi,Post-Monsoon,Yamuna,Manufacturing,PM10,245.45,1.64,26176.0,235918.0,1485.0,2446094.0,No,Poor,Acceptable,128.46,164.14,25.16,20.01,3.24,89.42,230.72
2014,Delhi,Delhi,Summer,Yamuna,Manufacturing,O3,195.86,1.1,48664.0,235918.0,1485.0,2446094.0,No,Moderate,Good,92.19,130.5,25.1,24.38,2.43,171.26,184.11
2014,Delhi,Delhi,Summer,Yamuna,Manufacturing,PM10,199.04,1.52,30717.0,235918.0,1485.0,2446094.0,No,Moderate,Acceptable,109.08,139.4,69.45,39.05,3.7,42.74,187.1
2014,Delhi,Delhi,Winter,Yamuna,Manufacturing,PM10,226.1,1.1,41354.33,235918.0,1485.0,2446094.0,No,Poor,Good,118.08,147.84,42.7,52.91,1.74,93.94,212.53
2014,Ernakulam,Kerala,Monsoon,Periyar,Shipping/Refinery,PM10,193.72,0.92,19279.33,80254.0,7257.0,561521.0,No,Poor,Good,98.4,128.99,27.16,34.84,1.66,80.64,182.1
2014,Ernakulam,Kerala,Monsoon,Periyar,Shipping/Refinery,PM2.5,203.14,1.58,43648.0,80254.0,7257.0,561521.0,No,Poor,Acceptable,113.3,109.07,85.3,67.08,1.12,52.2,190.95
2014,Ernakulam,Kerala,Post-Monsoon,Periyar,Shipping/Refinery,PM10,219.97,1.24,37685.5,80254.0,7257.0,561521.0,No,Moderate,Good,109.36,153.7,78.16,39.18,0.48,150.07,206.77
2014,Ernakulam,Kerala,Summer,Periyar,Shipping/Refinery,PM10,202.43,1.65,35172.67,80254.0,7257.0,561521.0,No,Poor,Acceptable,90.58,131.87,54.93,37.48,2.3,76.74,190.28
2014,Ernakulam,Kerala,Winter,Periyar,Shipping/Refinery,PM10,238.53,1.18,18789.67,80254.0,7257.0,561521.0,No,Poor,Acceptable,110.92,166.49,41.44,51.72,3.53,67.36,224.22
2014,Gurugram,Haryana,Monsoon,Sahibi,Automobile,NO2,123.78,0.84,18612.5,23243.0,5114.0,2570304.0,No,Moderate,Good,57.72,78.54,96.9,50.76,1.12,14.88,116.35
2014,Gurugram,Haryana,Monsoon,Sahibi,Automobile,O3,128.75,1.24,11041.0,23243.0,5114.0,2570304.0,No,Moderate,Acceptable,69.69,78.68,67.97,14.09,4.12,109.61,121.02
2014,Gurugram,Haryana,Monsoon,Sahibi,Automobile,PM10,126.34,0.66,14738.0,23243.0,5114.0,2570304.0,No,Moderate,Good,57.55,87.91,68.92,65.02,4.53,43.87,118.76
2014,Gurugram,Haryana,Post-Monsoon,Sahibi,Automobile,O3,132.73,1.09,15140.0,23243.0,5114.0,2570304.0,No,Moderate,Acceptable,76.58,89.56,70.73,9.78,1.14,157.8,124.77
2014,Gurugram,Haryana,Post-Monsoon,Sahibi,Automobile,PM10,167.45,1.23,23935.0,23243.0,5114.0,2570304.0,No,Moderate,Acceptable,69.59,119.04,76.72,36.65,2.26,91.11,157.4
2014,Gurugram,Haryana,Summer,Sahibi,Automobile,NO2,125.44,0.82,23865.5,23243.0,5114.0,2570304.0,No,Moderate,Acceptable,61.2,88.58,95.34,52.7,1.96,58.3,117.91
2014,Gurugram,Haryana,Summer,Sahibi,Automobile,O3,135.66,0.82,21348.0,23243.0,5114.0,2570304.0,No,Moderate,Good,50.1,73.64,40.63,75.38,0.39,83.8,127.52
2014,Gurugram,Haryana,Winter,Sahibi,Automobile,NO2,128.81,0.45,24610.0,23243.0,5114.0,2570304.0,No,Moderate,Good,71.38,83.38,88.55,70.22,4.49,12.63,121.08
2014,Gurugram,Haryana,Winter,Sahibi,Automobile,PM10,168.06,1.28,38002.0,23243.0,5114.0,2570304.0,No,Moderate,Acceptable,87.27,98.72,38.28,60.74,1.76,46.96,157.98
2014,Guwahati,Assam,Monsoon,Brahmaputra,Agro-Industry,O3,184.87,1.18,10935.5,230414.0,3287.0,188103.0,No,Moderate,Good,106.87,119.85,52.22,42.86,1.44,167.22,173.78
2014,Guwahati,Assam,Monsoon,Brahmaputra,Agro-Industry,PM10,190.14,1.36,27815.0,230414.0,3287.0,188103.0,No,Moderate,Acceptable,94.24,130.08,74.24,36.19,2.3,102.04,178.73
2014,Guwahati,Assam,Post-Monsoon,Brahmaputra,Agro-Industry,PM10,212.08,1.52,19632.5,230414.0,3287.0,188103.0,No,Moderate,Polluted,97.53,142.96,31.01,36.3,3.22,76.76,199.36
2014,Guwahati,Assam,Summer,Brahmaputra,Agro-Industry,PM10,186.62,1.17,16924.33,230414.0,3287.0,188103.0,No,Moderate,Good,101.19,121.92,60.91,57.44,2.21,60.78,175.42
2014,Guwahati,Assam,Winter,Brahmaputra,Agro-Industry,O3,237.14,1.1,31729.5,230414.0,3287.0,188103.0,No,Poor,Acceptable,116.88,168.37,36.59,31.28,0.94,175.5,222.91
2014,Guwahati,Assam,Winter,Brahmaputra,Agro-Industry,PM10,179.52,1.23,18424.0,230414.0,3287.0,188103.0,No,Moderate,Acceptable,100.48,126.95,25.04,71.0,3.85,20.16,168.75
2014,Hyderabad,Telangana,Monsoon,Musi,Manufacturing,O3,178.7,1.44,31114.0,124761.0,2381.0,7200277.0,No,Moderate,Acceptable,97.71,110.62,88.91,29.36,0.69,145.46,167.98
2014,Hyderabad,Telangana,Monsoon,Musi,Manufacturing,PM10,178.49,1.58,16361.5,124761.0,2381.0,7200277.0,No,Moderate,Acceptable,98.12,117.83,73.07,38.15,1.69,31.22,167.78
2014,Hyderabad,Telangana,Post-Monsoon,Musi,Manufacturing,NO2,176.77,0.34,39191.0,124761.0,2381.0,7200277.0,No,Moderate,Good,89.61,115.28,125.03,73.42,2.87,65.05,166.16
2014,Hyderabad,Telangana,Post-Monsoon,Musi,Manufacturing,PM10,238.11,1.37,47379.0,124761.0,2381.0,7200277.0,No,Poor,Acceptable,129.45,154.9,88.4,12.66,3.01,98.2,223.82
2014,Hyderabad,Telangana,Summer,Musi,Manufacturing,O3,177.08,1.12,20018.5,124761.0,2381.0,7200277.0,No,Moderate,Acceptable,105.94,115.44,100.93,53.18,2.49,146.11,166.46
2014,Hyderabad,Telangana,Summer,Musi,Manufacturing,PM10,188.03,0.95,6767.0,124761.0,2381.0,7200277.0,No,Moderate,Good,75.86,126.85,29.77,38.55,2.14,19.16,176.75
2014,Hyderabad,Telangana,Winter,Musi,Manufacturing,O3,210.66,1.27,19831.0,124761.0,2381.0,7200277.0,No,Poor,Acceptable,86.12,125.49,40.94,47.89,2.78,159.9,198.02
2014,Hyderabad,Telangana,Winter,Musi,Manufacturing,PM10,244.71,0.99,49755.0,124761.0,2381.0,7200277.0,No,Poor,Good,113.92,164.66,112.3,47.52,0.82,143.13,230.03
2014,Jaipur,Rajasthan,Monsoon,Banas,Manufacturing,O3,147.74,1.14,25401.33,150907.0,11681.0,2095847.0,No,Moderate,Good,63.17,91.41,42.64,20.76,2.9,124.36,138.88
2014,Jaipur,Rajasthan,Monsoon,Banas,Manufacturing,PM10,149.89,1.61,20270.0,150907.0,11681.0,2095847.0,No,Moderate,Acceptable,68.19,106.39,48.33,20.99,3.23,64.08,140.9
2014,Jaipur,Rajasthan,Post-Monsoon,Banas,Manufacturing,PM10,171.21,0.78,21066.5,150907.0,11681.0,2095847.0,No,Moderate,Good,70.99,112.99,37.42,32.26,2.5,74.45,160.94
2014,Jaipur,Rajasthan,Summer,Banas,Manufacturing,O3,143.13,1.21,30183.0,150907.0,11681.0,2095847.0,No,Moderate,Acceptable,81.66,77.16,22.74,21.06,0.75,133.22,134.54
2014,Jaipur,Rajasthan,Summer,Banas,Manufacturing,PM10,142.57,1.22,34018.0,150907.0,11681.0,2095847.0,No,Moderate,Acceptable,76.22,97.4,80.74,50.48,3.32,87.71,134.02
2014,Jaipur,Rajasthan,Winter,Banas,Manufacturing,O3,154.61,1.13,32702.0,150907.0,11681.0,2095847.0,No,Moderate,Acceptable,72.69,112.33,59.07,53.45,0.49,127.76,145.33
2014,Jaipur,Rajasthan,Winter,Banas,Manufacturing,PM10,188.97,1.76,20263.0,150907.0,11681.0,2095847.0,No,Moderate,Acceptable,94.0,131.49,60.83,36.03,2.41,52.26,177.63
2014,Jorapokhar,Jharkhand,Monsoon,Damodar,Mining/Coal,NO2,158.16,0.96,28113.5,69212.0,1002.0,60723.0,No,Moderate,Acceptable,77.88,108.32,115.08,68.04,2.73,74.54,148.67
2014,Jorapokhar,Jharkhand,Monsoon,Damodar,Mining/Coal,O3,158.25,0.9,4626.0,69212.0,1002.0,60723.0,No,Moderate,Good,89.0,98.94,44.55,27.32,3.19,190.23,148.76
2014,Jorapokhar,Jharkhand,Monsoon,Damodar,Mining/Coal,PM10,163.45,1.75,10455.0,69212.0,1002.0,60723.0,No,Moderate,Acceptable,81.53,100.87,32.51,33.28,5.19,53.84,153.64
2014,Jorapokhar,Jharkhand,Post-Monsoon,Damodar,Mining/Coal,PM10,180.42,1.25,34822.0,69212.0,1002.0,60723.0,No,Moderate,Acceptable,94.76,134.02,75.76,41.88,3.84,85.62,169.59
2014,Jorapokhar,Jharkhand,Summer,Damodar,Mining/Coal,NO2,155.86,0.93,5900.0,69212.0,1002.0,60723.0,No,Moderate,Good,80.63,94.01,103.54,20.49,3.17,69.4,146.51
2014,Jorapokhar,Jharkhand,Summer,Damodar,Mining/Coal,O3,153.66,1.25,32048.0,69212.0,1002.0,60723.0,No,Moderate,Acceptable,72.07,110.62,76.09,69.77,4.65,182.02,144.44
2014,Jorapokhar,Jharkhand,Summer,Damodar,Mining/Coal,PM10,161.37,1.1,34310.0,69212.0,1002.0,60723.0,No,Moderate,Acceptable,80.8,115.98,93.79,66.99,2.85,91.68,151.69
2014,Jorapokhar,Jharkhand,Winter,Damodar,Mining/Coal,O3,163.89,0.72,28236.0,69212.0,1002.0,60723.0,No,Moderate,Good,65.29,119.29,33.17,40.31,2.66,161.31,154.06
2014,Jorapokhar,Jharkhand,Winter,Damodar,Mining/Coal,PM10,208.16,1.64,22290.0,69212.0,1002.0,60723.0,No,Poor,Acceptable,112.84,129.85,69.46,36.24,3.43,36.34,195.67
2014,Kochi,Kerala,Monsoon,Periyar,Shipping/Refinery,PM10,222.39,0.9,19279.33,80254.0,7257.0,678609.0,No,Poor,Good,112.6,140.26,30.3,37.82,1.82,95.98,209.05
2014,Kochi,Kerala,Monsoon,Periyar,Shipping/Refinery,PM2.5,215.78,1.57,43648.0,80254.0,7257.0,678609.0,No,Poor,Acceptable,130.66,121.0,98.2,73.44,1.24,61.02,202.83
2014,Kochi,Kerala,Post-Monsoon,Periyar,Shipping/Refinery,O3,220.08,0.78,49880.0,80254.0,7257.0,678609.0,No,Poor,Good,103.37,137.08,101.39,72.11,0.68,147.76,206.88
2014,Kochi,Kerala,Post-Monsoon,Periyar,Shipping/Refinery,PM10,279.83,1.81,25491.0,80254.0,7257.0,678609.0,No,Poor,Acceptable,141.61,198.77,72.22,13.56,0.34,183.01,263.04
2014,Kochi,Kerala,Summer,Periyar,Shipping/Refinery,PM10,222.0,1.62,35172.67,80254.0,7257.0,678609.0,No,Poor,Acceptable,101.54,139.8,62.3,39.26,2.6,84.17,208.68
2014,Kochi,Kerala,Winter,Periyar,Shipping/Refinery,PM10,265.97,1.18,18789.67,80254.0,7257.0,678609.0,No,Poor,Acceptable,124.17,184.22,45.83,56.11,3.93,74.31,250.01
2014,Kolkata,West Bengal,Monsoon,Hooghly,Manufacturing,O3,221.13,1.57,29974.0,44555.0,6618.0,11344255.0,No,Poor,Acceptable,105.46,143.53,73.55,43.07,3.45,174.32,207.86
2014,Kolkata,West Bengal,Monsoon,Hooghly,Manufacturing,PM10,221.06,1.16,31460.0,44555.0,6618.0,11344255.0,No,Poor,Acceptable,105.24,158.41,65.54,34.33,0.86,92.13,207.8
2014,Kolkata,West Bengal,Post-Monsoon,Hooghly,Manufacturing,O3,223.33,0.78,5839.0,44555.0,6618.0,11344255.0,No,Poor,Good,116.82,116.0,35.46,57.96,3.0,119.59,209.93
2014,Kolkata,West Bengal,Post-Monsoon,Hooghly,Manufacturing,PM10,275.74,1.69,11670.0,44555.0,6618.0,11344255.0,No,Poor,Acceptable,121.88,165.27,45.27,75.17,3.74,99.5,259.2
2014,Kolkata,West Bengal,Summer,Hooghly,Manufacturing,PM10,218.0,1.41,47201.0,44555.0,6618.0,11344255.0,No,Poor,Acceptable,103.57,132.41,62.73,66.45,3.44,69.29,204.92
2014,Kolkata,West Bengal,Winter,Hooghly,Manufacturing,PM10,258.13,1.18,27586.33,44555.0,6618.0,11344255.0,No,Poor,Acceptable,125.82,148.99,63.05,29.66,2.22,48.93,242.64
2014,Lucknow,Uttar Pradesh,Monsoon,Gomti,Agro-Industry,O3,203.7,1.43,10844.0,250968.0,5752.0,897517.0,No,Poor,Acceptable,80.22,108.43,55.14,72.79,4.09,168.65,191.48
2014,Lucknow,Uttar Pradesh,Monsoon,Gomti,Agro-Industry,PM10,197.25,1.33,34364.67,250968.0,5752.0,897517.0,No,Moderate,Acceptable,101.23,145.28,39.39,52.82,1.87,87.27,185.42
2014,Lucknow,Uttar Pradesh,Post-Monsoon,Gomti,Agro-Industry,PM10,227.38,0.82,46969.0,250968.0,5752.0,897517.0,No,Poor,Good,100.62,142.85,54.32,52.0,2.78,86.04,213.74
2014,Lucknow,Uttar Pradesh,Summer,Gomti,Agro-Industry,O3,204.54,0.61,31496.0,250968.0,5752.0,897517.0,No,Poor,Good,87.32,113.06,89.78,70.38,1.95,175.67,192.27
2014,Lucknow,Uttar Pradesh,Summer,Gomti,Agro-Industry,PM10,195.82,1.02,24830.0,250968.0,5752.0,897517.0,No,Moderate,Good,88.26,129.68,75.33,53.1,0.74,66.45,184.07
2014,Lucknow,Uttar Pradesh,Winter,Gomti,Agro-Industry,PM10,239.66,1.25,26267.67,250968.0,5752.0,897517.0,No,Poor,Acceptable,124.91,166.86,104.68,62.18,2.27,70.32,225.28
2014,Mumbai,Maharashtra,Monsoon,Ulhas,Manufacturing,NO2,117.27,1.24,11319.5,98733.0,8782.0,19259006.0,No,Moderate,Good,60.59,67.71,80.19,16.8,1.27,37.17,110.23
2014,Mumbai,Maharashtra,Monsoon,Ulhas,Manufacturing,O3,115.85,1.1,24863.0,98733.0,8782.0,19259006.0,No,Moderate,Acceptable,64.87,78.75,70.88,36.17,2.15,101.68,108.9
2014,Mumbai,Maharashtra,Monsoon,Ulhas,Manufacturing,PM10,115.1,0.64,21402.0,98733.0,8782.0,19259006.0,No,Moderate,Good,49.77,86.56,36.3,29.93,0.74,46.24,108.19
2014,Mumbai,Maharashtra,Post-Monsoon,Ulhas,Manufacturing,O3,114.98,1.47,31409.0,98733.0,8782.0,19259006.0,No,Moderate,Acceptable,42.9,83.94,16.85,39.77,2.67,114.56,108.08
2014,Mumbai,Maharashtra,Post-Monsoon,Ulhas,Manufacturing,PM10,150.44,1.08,24334.0,98733.0,8782.0,19259006.0,No,Moderate,Acceptable,85.51,94.58,46.29,65.31,2.21,40.48,141.41
2014,Mumbai,Maharashtra,Summer,Ulhas,Manufacturing,O3,113.14,1.42,21318.0,98733.0,8782.0,19259006.0,No,Moderate,Acceptable,49.58,68.99,44.24,30.15,2.06,150.26,106.35
2014,Mumbai,Maharashtra,Summer,Ulhas,Manufacturing,PM10,110.46,1.21,30302.0,98733.0,8782.0,19259006.0,No,Moderate,Acceptable,57.81,73.85,49.01,70.59,3.55,59.55,103.83
2014,Mumbai,Maharashtra,Winter,Ulhas,Manufacturing,O3,154.9,0.56,44272.0,98733.0,8782.0,19259006.0,No,Moderate,Good,68.64,88.95,103.8,34.26,2.55,182.6,145.61
2014,Mumbai,Maharashtra,Winter,Ulhas,Manufacturing,PM10,136.09,1.23,36398.0,98733.0,8782.0,19259006.0,No,Moderate,Acceptable,69.92,88.09,53.3,33.91,2.65,37.0,127.92
2014,Patna,Bihar,Monsoon,Ganga,Agro-Industry,NO2,135.81,2.1,52690.0,154386.0,682.0,381248.0,No,Moderate,Polluted,61.65,85.69,116.08,16.63,2.93,114.9,127.66
2014,Patna,Bihar,Monsoon,Ganga,Agro-Industry,O3,129.55,1.0,41587.5,154386.0,682.0,381248.0,No,Moderate,Acceptable,62.06,85.2,62.5,54.46,2.39,151.32,121.78
2014,Patna,Bihar,Monsoon,Ganga,Agro-Industry,PM10,134.42,1.06,12356.0,154386.0,682.0,381248.0,No,Moderate,Acceptable,62.62,82.78,55.5,50.96,4.0,74.39,126.35
2014,Patna,Bihar,Post-Monsoon,Ganga,Agro-Industry,O3,124.77,0.67,31948.0,154386.0,682.0,381248.0,No,Moderate,Good,55.7,83.48,97.05,27.24,4.23,131.97,117.28
2014,Patna,Bihar,Post-Monsoon,Ganga,Agro-Industry,PM10,166.44,1.52,23578.0,154386.0,682.0,381248.0,No,Moderate,Acceptable,67.31,118.81,28.14,22.74,3.67,67.99,156.45
2014,Patna,Bihar,Summer,Ganga,Agro-Industry,NO2,127.01,1.92,52063.0,154386.0,682.0,381248.0,No,Moderate,Acceptable,77.27,78.05,94.01,45.82,1.37,42.75,119.39
2014,Patna,Bihar,Summer,Ganga,Agro-Industry,O3,128.02,1.18,25718.0,154386.0,682.0,381248.0,No,Moderate,Acceptable,75.86,74.87,58.61,19.81,2.07,129.52,120.34
2014,Patna,Bihar,Summer,Ganga,Agro-Industry,PM10,127.54,1.77,28026.0,154386.0,682.0,381248.0,No,Moderate,Acceptable,53.72,93.32,14.75,63.72,3.23,72.28,119.89
2014,Patna,Bihar,Winter,Ganga,Agro-Industry,O3,169.56,1.05,34579.5,154386.0,682.0,381248.0,No,Moderate,Acceptable,83.57,100.76,81.74,33.5,2.74,145.49,159.39
2014,Patna,Bihar,Winter,Ganga,Agro-Industry,PM10,137.02,1.32,28643.0,154386.0,682.0,381248.0,No,Moderate,Acceptable,55.87,83.58,80.02,62.84,4.0,37.76,128.8
2014,Shillong,Meghalaya,Monsoon,Umiam,Handicrafts,O3,91.24,1.16,10935.5,230414.0,3287.0,111727.0,No,Satisfactory,Good,46.26,59.26,27.84,21.95,0.76,78.83,85.77
2014,Shillong,Meghalaya,Monsoon,Umiam,Handicrafts,PM10,97.18,1.32,27815.0,230414.0,3287.0,111727.0,No,Satisfactory,Acceptable,49.82,65.6,37.32,17.53,1.14,48.81,91.35
2014,Shillong,Meghalaya,Post-Monsoon,Umiam,Handicrafts,PM10,104.92,1.5,19632.5,230414.0,3287.0,111727.0,No,Satisfactory,Polluted,45.17,65.76,16.95,20.08,1.46,38.22,98.62
2014,Shillong,Meghalaya,Summer,Umiam,Handicrafts,PM10,94.53,1.19,16924.33,230414.0,3287.0,111727.0,No,Satisfactory,Good,53.92,64.94,32.82,27.65,1.16,29.04,88.86
2014,Shillong,Meghalaya,Winter,Umiam,Handicrafts,O3,114.69,1.09,31729.5,230414.0,3287.0,111727.0,No,Moderate,Acceptable,58.4,79.2,19.06,15.18,0.46,87.76,107.81
2014,Shillong,Meghalaya,Winter,Umiam,Handicrafts,PM10,96.82,1.22,18424.0,230414.0,3287.0,111727.0,No,Satisfactory,Acceptable,52.51,61.3,12.38,34.36,1.84,9.45,91.01
2014,Talcher,Odisha,Monsoon,Brahmani,Thermal Power,O3,186.65,1.19,25057.0,71668.0,10077.0,163734.0,No,Moderate,Good,87.01,120.57,45.52,43.11,1.76,167.63,175.45
2014,Talcher,Odisha,Monsoon,Brahmani,Thermal Power,PM10,179.02,1.65,29490.0,71668.0,10077.0,163734.0,No,Moderate,Acceptable,79.04,119.67,88.26,72.13,3.58,68.09,168.28
2014,Talcher,Odisha,Post-Monsoon,Brahmani,Thermal Power,O3,180.47,0.77,51253.0,71668.0,10077.0,163734.0,No,Moderate,Good,98.51,122.89,63.93,30.24,3.27,166.58,169.64
2014,Talcher,Odisha,Post-Monsoon,Brahmani,Thermal Power,PM10,240.42,1.52,6985.0,71668.0,10077.0,163734.0,No,Poor,Acceptable,145.22,175.61,45.85,48.06,1.62,117.59,225.99
2014,Talcher,Odisha,Summer,Brahmani,Thermal Power,O3,175.38,0.67,26574.5,71668.0,10077.0,163734.0,No,Moderate,Acceptable,91.59,118.68,104.74,33.94,3.74,166.06,164.86
2014,Talcher,Odisha,Summer,Brahmani,Thermal Power,PM10,178.95,1.43,23787.0,71668.0,10077.0,163734.0,No,Moderate,Acceptable,78.9,114.5,86.74,18.03,2.3,49.08,168.21
2014,Talcher,Odisha,Winter,Brahmani,Thermal Power,O3,187.81,1.11,7487.0,71668.0,10077.0,163734.0,No,Moderate,Acceptable,96.93,106.35,67.55,36.48,2.43,196.46,176.54
2014,Talcher,Odisha,Winter,Brahmani,Thermal Power,PM10,237.97,0.8,33700.5,71668.0,10077.0,163734.0,No,Poor,Good,127.99,152.83,42.02,40.45,2.74,81.86,223.69
2014,Thiruvananthapuram,Kerala,Monsoon,Karamana,IT/Electronics,NO2,130.8,0.96,10457.0,203555.0,12590.0,789242.0,No,Moderate,Good,71.58,78.96,112.14,64.84,0.89,71.19,122.95
2014,Thiruvananthapuram,Kerala,Monsoon,Karamana,IT/Electronics,O3,130.85,1.54,38530.0,203555.0,12590.0,789242.0,No,Moderate,Acceptable,64.85,88.7,65.26,62.41,3.73,134.52,123.0
2014,Thiruvananthapuram,Kerala,Post-Monsoon,Karamana,IT/Electronics,PM10,152.63,0.8,26580.0,203555.0,12590.0,789242.0,No,Moderate,Acceptable,83.72,102.5,58.66,53.78,0.92,18.53,143.47
2014,Thiruvananthapuram,Kerala,Summer,Karamana,IT/Electronics,NO2,129.82,1.43,25449.0,203555.0,12590.0,789242.0,No,Moderate,Acceptable,74.16,93.63,102.36,46.84,2.3,45.66,122.03
2014,Thiruvananthapuram,Kerala,Summer,Karamana,IT/Electronics,O3,132.98,1.23,31834.0,203555.0,12590.0,789242.0,No,Moderate,Acceptable,70.59,94.47,80.43,27.69,0.4,122.29,125.0
2014,Thiruvananthapuram,Kerala,Winter,Karamana,IT/Electronics,O3,125.22,0.76,14236.0,203555.0,12590.0,789242.0,No,Moderate,Good,56.94,86.81,63.41,15.6,1.01,141.31,117.71
2014,Thiruvananthapuram,Kerala,Winter,Karamana,IT/Electronics,PM10,176.11,1.1,30572.0,203555.0,12590.0,789242.0,No,Moderate,Acceptable,94.34,120.53,55.47,53.34,2.57,21.72,165.54
2014,Visakhapatnam,Andhra Pradesh,Monsoon,Gosthani,Mining,O3,166.34,1.39,31114.0,124761.0,2381.0,148338.0,No,Moderate,Acceptable,95.9,109.31,82.3,27.99,0.66,145.44,156.36
2014,Visakhapatnam,Andhra Pradesh,Monsoon,Gosthani,Mining,PM10,178.28,1.58,16361.5,124761.0,2381.0,148338.0,No,Moderate,Acceptable,92.5,114.38,65.19,35.9,1.57,31.52,167.58
2014,Visakhapatnam,Andhra Pradesh,Post-Monsoon,Gosthani,Mining,PM10,198.7,0.88,43285.0,124761.0,2381.0,148338.0,No,Moderate,Good,111.02,138.18,99.26,41.96,2.71,73.02,186.78
2014,Visakhapatnam,Andhra Pradesh,Summer,Gosthani,Mining,O3,172.96,1.15,20018.5,124761.0,2381.0,148338.0,No,Moderate,Acceptable,100.12,104.44,100.52,52.29,2.38,143.17,162.58
2014,Visakhapatnam,Andhra Pradesh,Summer,Gosthani,Mining,PM10,165.97,0.96,6767.0,124761.0,2381.0,148338.0,No,Moderate,Good,72.0,127.09,31.45,36.11,1.93,17.6,156.01
2014,Visakhapatnam,Andhra Pradesh,Winter,Gosthani,Mining,O3,200.75,1.3,19831.0,124761.0,2381.0,148338.0,No,Poor,Acceptable,79.22,114.8,41.0,45.21,2.66,149.72,188.7
2014,Visakhapatnam,Andhra Pradesh,Winter,Gosthani,Mining,PM10,237.09,0.99,49755.0,124761.0,2381.0,148338.0,No,Poor,Good,111.19,164.91,102.39,46.41,0.79,132.96,222.86
2015,Ahmedabad,Gujarat,Monsoon,Sabarmati,Chemical,PM10,230.85,2.57,274535.37,4046320.6,10343.93,5660232.59,No,Moderate,Acceptable,43.18,110.53,16.1,10.43,10.17,22.38,217.0
2015,Ahmedabad,Gujarat,Monsoon,Sabarmati,Chemical,PM2.5,220.0,2.5,321239.0,4016784.0,10363.0,5683106.0,No,Poor,Acceptable,111.8,110.95,11.51,5.27,9.23,5.99,206.8
2015,Ahmedabad,Gujarat,Monsoon,Sabarmati,Manufacturing,PM10,169.4,2.87,190872.0,3977833.0,10323.0,5683106.0,No,Poor,Moderately Polluted,45.68,113.3,8.0,11.58,5.49,5.63,159.24
2015,Ahmedabad,Gujarat,Monsoon,Sabarmati,Manufacturing,PM2.5,289.0,2.87,190872.0,3977833.0,10323.0,5683106.0,No,Poor,Moderately Polluted,150.22,113.3,0.26,8.94,11.14,6.36,271.66
2015,Ahmedabad,Gujarat,Post-Monsoon,Sabarmati,Chemical,PM10,377.21,1.86,252332.0,4016784.0,10548.0,5665999.0,No,Very Poor,Acceptable,91.64,138.99,29.11,28.94,14.8,31.03,354.58
2015,Ahmedabad,Gujarat,Post-Monsoon,Sabarmati,Chemical,PM2.5,590.0,1.94,252332.0,4031231.25,10454.5,5649081.0,No,Severe,Acceptable,171.87,120.9,38.95,34.96,39.81,54.12,554.6
2015,Ahmedabad,Gujarat,Post-Monsoon,Sabarmati,Chemical,SO2,561.0,2.01,252332.0,4045678.5,10361.0,5632163.0,No,Severe,Acceptable,90.1,102.82,98.24,104.52,29.52,46.86,527.34
2015,Ahmedabad,Gujarat,Summer,Sabarmati,Chemical,O3,308.0,1.68,221602.0,3997308.5,10376.0,5632163.0,No,Very Poor,Acceptable,86.31,86.02,10.5,50.13,2.69,90.54,289.52
2015,Ahmedabad,Gujarat,Summer,Sabarmati,Chemical,PM10,268.46,1.9,227363.88,4000960.16,10343.94,5654403.31,No,Severe,Acceptable,67.3,94.64,19.76,39.21,8.77,35.54,252.35
2015,Ahmedabad,Gujarat,Summer,Sabarmati,Chemical,PM2.5,405.4,1.97,236235.33,4006582.55,10296.5,5661395.94,No,Severe,Acceptable,127.72,91.56,25.45,58.1,11.69,36.13,381.08
2015,Ahmedabad,Gujarat,Summer,Sabarmati,Chemical,SO2,222.0,2.04,252332.0,4016784.0,10211.0,5665999.0,No,Poor,Acceptable,77.69,81.12,18.87,100.48,5.24,27.14,208.68
2015,Ahmedabad,Gujarat,Winter,Sabarmati,Chemical,CO,483.0,1.9,221602.0,3997308.5,10458.0,5598327.0,No,Severe,Acceptable,76.38,109.84,48.21,28.66,122.12,20.13,454.02
2015,Ahmedabad,Gujarat,Winter,Sabarmati,Chemical,O3,498.5,1.9,221602.0,3997308.5,10458.0,5598327.0,No,Severe,Acceptable,85.45,109.84,25.44,47.52,12.66,122.34,468.59
2015,Ahmedabad,Gujarat,Winter,Sabarmati,Chemical,PM10,406.91,2.08,273666.12,4010127.82,10372.85,5642870.59,No,Severe,Acceptable,78.46,114.03,45.69,56.34,14.53,47.38,382.5
2015,Ahmedabad,Gujarat,Winter,Sabarmati,Chemical,PM2.5,854.29,2.12,321239.0,4016784.0,10303.0,5665999.0,No,Severe,Acceptable,179.57,136.6,42.42,75.28,48.8,52.01,803.03
2015,Aizawl,Mizoram,Monsoon,Tlawng,Handicrafts,O3,78.6,1.1,30161.5,232836.0,3330.0,69924.0,No,Satisfactory,Good,36.6,55.1,31.44,17.85,0.4,66.26,73.88
2015,Aizawl,Mizoram,Monsoon,Tlawng,Handicrafts,PM10,83.82,1.01,40224.5,232836.0,3330.0,69924.0,No,Satisfactory,Good,46.82,55.6,20.73,5.29,1.4,30.09,78.79
2015,Aizawl,Mizoram,Post-Monsoon,Tlawng,Handicrafts,O3,104.75,1.17,42340.0,232836.0,3330.0,69924.0,No,Moderate,Acceptable,50.62,77.99,37.17,27.2,0.99,80.92,98.46
2015,Aizawl,Mizoram,Post-Monsoon,Tlawng,Handicrafts,PM10,82.14,0.74,39434.0,232836.0,3330.0,69924.0,No,Satisfactory,Good,31.74,65.32,23.1,27.14,0.68,14.35,77.21
2015,Aizawl,Mizoram,Summer,Tlawng,Handicrafts,O3,77.87,1.4,18892.5,232836.0,3330.0,69924.0,No,Satisfactory,Acceptable,48.02,51.6,10.88,14.26,1.59,60.2,73.2
2015,Aizawl,Mizoram,Summer,Tlawng,Handicrafts,PM10,87.43,1.43,18857.0,232836.0,3330.0,69924.0,No,Satisfactory,Acceptable,47.0,51.28,33.69,27.47,1.67,7.16,82.18
2015,Aizawl,Mizoram,Winter,Tlawng,Handicrafts,O3,87.42,0.66,39613.0,232836.0,3330.0,69924.0,No,Satisfactory,Good,50.12,47.27,17.64,26.84,1.79,54.38,82.17
2015,Aizawl,Mizoram,Winter,Tlawng,Handicrafts,PM10,115.5,1.52,28994.0,232836.0,3330.0,69924.0,No,Moderate,Acceptable,63.43,64.4,25.03,34.63,1.67,30.43,108.57
2015,Aizawl,Mizoram,Winter,Tlawng,Handicrafts,PM2.5,116.16,1.53,15683.0,232836.0,3330.0,69924.0,No,Moderate,Acceptable,62.44,62.36,43.76,17.88,1.62,20.25,109.19
2015,Amaravati,Andhra Pradesh,Monsoon,Krishna,Agro-processing,PM10,152.12,1.02,30815.25,124078.0,2369.0,319295.0,No,Moderate,Good,73.92,98.7,37.1,46.24,2.45,55.29,142.99
2015,Amaravati,Andhra Pradesh,Post-Monsoon,Krishna,Agro-processing,PM10,179.26,1.13,17130.5,124078.0,2369.0,319295.0,No,Moderate,Acceptable,84.21,102.29,61.78,37.37,2.91,56.41,168.5
2015,Amaravati,Andhra Pradesh,Summer,Krishna,Agro-processing,O3,163.82,1.78,35265.5,124078.0,2369.0,319295.0,No,Moderate,Acceptable,89.33,92.18,78.04,35.69,2.66,107.82,153.99
2015,Amaravati,Andhra Pradesh,Summer,Krishna,Agro-processing,PM10,157.86,1.43,30444.0,124078.0,2369.0,319295.0,No,Moderate,Acceptable,73.16,101.93,36.9,5.08,3.72,73.76,148.39
2015,Amaravati,Andhra Pradesh,Winter,Krishna,Agro-processing,PM10,186.23,1.13,37246.33,124078.0,2369.0,319295.0,No,Poor,Acceptable,82.15,119.04,32.25,59.85,2.22,95.55,175.06
2015,Amritsar,Punjab,Monsoon,Beas,Agro-Industry,NO2,127.12,1.71,7217.0,252850.0,3251.0,769868.0,No,Moderate,Acceptable,70.16,93.39,113.67,45.59,3.26,43.71,119.49
2015,Amritsar,Punjab,Monsoon,Beas,Agro-Industry,O3,135.66,0.96,40507.5,252850.0,3251.0,769868.0,No,Moderate,Good,57.54,100.56,47.54,42.2,3.78,171.52,127.52
2015,Amritsar,Punjab,Monsoon,Beas,Agro-Industry,PM10,130.92,1.03,44926.0,252850.0,3251.0,769868.0,No,Moderate,Acceptable,53.68,76.13,37.38,41.61,3.59,14.07,123.06
2015,Amritsar,Punjab,Post-Monsoon,Beas,Agro-Industry,NO2,142.59,0.56,30432.0,252850.0,3251.0,769868.0,No,Moderate,Good,60.51,81.86,91.24,74.93,3.95,71.88,134.03
2015,Amritsar,Punjab,Post-Monsoon,Beas,Agro-Industry,O3,175.69,1.22,25053.0,252850.0,3251.0,769868.0,No,Moderate,Acceptable,73.56,96.03,37.06,59.52,1.1,112.56,165.15
2015,Amritsar,Punjab,Summer,Beas,Agro-Industry,O3,131.07,1.41,9825.67,252850.0,3251.0,769868.0,No,Moderate,Acceptable,68.22,94.44,71.52,50.29,2.03,128.54,123.21
2015,Amritsar,Punjab,Winter,Beas,Agro-Industry,PM10,165.89,1.53,32301.0,252850.0,3251.0,769868.0,No,Moderate,Acceptable,76.25,104.12,73.43,50.7,2.52,53.4,155.94
2015,Bengaluru,Karnataka,Monsoon,Arkavathi,Agro-Industry,O3,92.5,4.63,209087.0,5979183.0,4570.0,2647529.0,No,Moderate,Severely Polluted,23.82,48.85,11.7,7.42,1.74,61.41,86.95
2015,Bengaluru,Karnataka,Monsoon,Arkavathi,Agro-Industry,PM10,109.43,4.63,209087.0,5979183.0,4570.0,2647529.0,No,Satisfactory,Severely Polluted,17.91,48.85,13.62,6.56,3.31,18.07,102.86
2015,Bengaluru,Karnataka,Monsoon,Arkavathi,Power,PM10,131.62,4.57,597826.08,5983972.57,4713.28,2639214.43,No,Moderate,Severely Polluted,20.8,61.26,13.27,3.2,9.91,9.78,123.72
2015,Bengaluru,Karnataka,Post-Monsoon,Arkavathi,Agro-Industry,O3,86.0,3.92,209087.0,5979183.0,4633.0,2647529.0,No,Satisfactory,Heavily Polluted,17.1,18.31,14.38,2.7,1.34,30.77,80.84
2015,Bengaluru,Karnataka,Post-Monsoon,Arkavathi,Agro-Industry,PM10,82.0,3.92,209087.0,5979183.0,4633.0,2647529.0,No,Good,Heavily Polluted,32.51,72.74,17.71,2.8,1.61,19.44,77.08
2015,Bengaluru,Karnataka,Post-Monsoon,Arkavathi,Agro-Industry,PM2.5,103.0,3.92,209087.0,5979183.0,4633.0,2647529.0,No,Moderate,Heavily Polluted,39.85,25.94,22.76,2.96,1.56,22.0,96.82
2015,Bengaluru,Karnataka,Post-Monsoon,Arkavathi,Power,PM10,105.32,3.58,795382.0,5993871.0,4649.0,2634989.0,No,Moderate,Heavily Polluted,31.43,79.81,28.08,3.13,2.23,18.06,99.0
2015,Bengaluru,Karnataka,Summer,Arkavathi,Agro-Industry,O3,126.0,3.87,202674.5,5964989.5,4671.88,2651898.75,No,Moderate,Heavily Polluted,29.96,82.94,11.6,12.82,7.04,106.77,118.44
2015,Bengaluru,Karnataka,Summer,Arkavathi,Agro-Industry,PM10,108.94,3.81,202674.5,5970290.69,4639.29,2650748.02,No,Moderate,Heavily Polluted,35.58,85.85,18.43,6.92,6.69,42.54,102.4
2015,Bengaluru,Karnataka,Summer,Arkavathi,Agro-Industry,PM2.5,64.0,3.5,202674.5,5964989.5,4584.5,2650026.0,No,Satisfactory,Moderately Polluted,62.58,61.14,15.2,7.47,1.32,17.81,60.16
2015,Bengaluru,Karnataka,Winter,Arkavathi,Agro-Industry,O3,104.0,3.96,209087.0,5979183.0,4592.0,2647529.0,No,Moderate,Heavily Polluted,43.26,100.84,7.24,92.66,4.05,103.68,97.76
2015,Bengaluru,Karnataka,Winter,Arkavathi,Agro-Industry,PM10,99.87,3.98,205880.75,5972086.25,4623.5,2648777.5,No,Moderate,Heavily Polluted,43.97,87.46,31.21,10.18,3.12,19.77,93.88
2015,Bengaluru,Karnataka,Winter,Arkavathi,Agro-Industry,PM2.5,149.0,4.0,202674.5,5964989.5,4655.0,2650026.0,No,Moderate,Heavily Polluted,85.66,83.91,56.3,6.01,1.77,59.5,140.06
2015,Bengaluru,Karnataka,Winter,Arkavathi,Power,PM10,98.5,4.57,795382.0,5993871.0,4693.0,2634989.0,No,Satisfactory,Severely Polluted,41.64,96.57,24.08,7.4,2.35,37.04,92.59
2015,Bhopal,Madhya Pradesh,Monsoon,Betwa,Manufacturing,NO2,127.04,1.36,39611.5,26775.0,11384.0,398138.0,No,Moderate,Good,68.07,74.82,84.66,26.46,0.72,21.97,119.42
2015,Bhopal,Madhya Pradesh,Monsoon,Betwa,Manufacturing,O3,125.03,1.42,36766.0,26775.0,11384.0,398138.0,No,Moderate,Acceptable,52.4,82.5,65.18,39.66,2.16,106.81,117.53
2015,Bhopal,Madhya Pradesh,Post-Monsoon,Betwa,Manufacturing,NO2,125.33,1.27,22527.0,26775.0,11384.0,398138.0,No,Moderate,Acceptable,66.86,77.24,120.89,15.62,0.36,114.17,117.81
2015,Bhopal,Madhya Pradesh,Post-Monsoon,Betwa,Manufacturing,O3,162.84,1.54,48214.0,26775.0,11384.0,398138.0,No,Moderate,Acceptable,72.66,114.57,47.57,24.68,3.48,177.21,153.07
2015,Bhopal,Madhya Pradesh,Summer,Betwa,Manufacturing,NO2,118.29,1.42,15707.0,26775.0,11384.0,398138.0,No,Moderate,Acceptable,67.73,80.56,125.49,60.44,0.83,45.42,111.19
2015,Bhopal,Madhya Pradesh,Summer,Betwa,Manufacturing,O3,124.32,1.01,15806.0,26775.0,11384.0,398138.0,No,Moderate,Acceptable,71.83,85.38,86.76,45.48,2.04,176.18,116.86
2015,Bhopal,Madhya Pradesh,Summer,Betwa,Manufacturing,PM10,124.04,1.83,40617.0,26775.0,11384.0,398138.0,No,Moderate,Acceptable,51.84,68.5,39.59,6.76,2.4,48.45,116.6
2015,Bhopal,Madhya Pradesh,Winter,Betwa,Manufacturing,O3,150.32,1.3,23165.67,26775.0,11384.0,398138.0,No,Moderate,Acceptable,68.87,97.46,51.65,30.44,2.68,166.04,141.3
2015,Brajrajnagar,Odisha,Monsoon,Ib,Coal/Power,NO2,101.92,1.06,50249.0,231994.0,7729.0,67467.0,No,Moderate,Acceptable,37.54,59.49,95.76,21.92,0.8,30.55,95.8
2015,Brajrajnagar,Odisha,Monsoon,Ib,Coal/Power,O3,98.77,1.11,23325.67,231994.0,7729.0,67467.0,No,Moderate,Good,48.13,59.62,75.48,48.03,3.94,147.03,92.84
2015,Brajrajnagar,Odisha,Post-Monsoon,Ib,Coal/Power,O3,112.92,1.3,21658.5,231994.0,7729.0,67467.0,No,Satisfactory,Acceptable,46.95,68.35,36.38,46.48,2.72,127.62,106.14
2015,Brajrajnagar,Odisha,Summer,Ib,Coal/Power,O3,97.5,1.38,23517.0,231994.0,7729.0,67467.0,No,Satisfactory,Acceptable,53.04,61.46,62.82,71.08,3.65,161.74,91.65
2015,Brajrajnagar,Odisha,Winter,Ib,Coal/Power,NO2,126.61,0.67,7053.0,231994.0,7729.0,67467.0,No,Moderate,Good,64.25,76.59,86.63,21.67,2.84,25.64,119.01
2015,Brajrajnagar,Odisha,Winter,Ib,Coal/Power,O3,116.66,1.33,21821.5,231994.0,7729.0,67467.0,No,Moderate,Good,55.8,74.14,40.65,54.0,1.9,153.24,109.66
2015,Chandigarh,Chandigarh,Monsoon,Sukhna,Manufacturing,NO2,111.92,1.66,7217.0,252850.0,3251.0,1097022.0,No,Moderate,Acceptable,56.84,80.74,97.76,38.36,2.65,36.23,105.2
2015,Chandigarh,Chandigarh,Monsoon,Sukhna,Manufacturing,O3,104.1,0.96,40507.5,252850.0,3251.0,1097022.0,No,Moderate,Good,46.43,74.53,36.0,33.52,2.98,137.59,97.85
2015,Chandigarh,Chandigarh,Monsoon,Sukhna,Manufacturing,PM10,106.07,1.02,44926.0,252850.0,3251.0,1097022.0,No,Moderate,Acceptable,45.32,66.59,30.65,32.23,2.84,11.59,99.71
2015,Chandigarh,Chandigarh,Post-Monsoon,Sukhna,Manufacturing,NO2,107.37,0.57,30432.0,252850.0,3251.0,1097022.0,No,Moderate,Good,49.0,65.54,72.66,59.28,3.16,63.68,100.93
2015,Chandigarh,Chandigarh,Post-Monsoon,Sukhna,Manufacturing,O3,134.41,1.24,25053.0,252850.0,3251.0,1097022.0,No,Moderate,Acceptable,57.5,80.72,29.64,48.38,0.9,85.92,126.35
2015,Chandigarh,Chandigarh,Summer,Sukhna,Manufacturing,O3,110.49,1.43,9825.67,252850.0,3251.0,1097022.0,No,Moderate,Acceptable,55.21,73.09,59.77,39.67,1.61,104.51,103.86
2015,Chandigarh,Chandigarh,Winter,Sukhna,Manufacturing,PM10,125.55,1.55,32301.0,252850.0,3251.0,1097022.0,No,Moderate,Acceptable,62.92,82.2,57.63,39.79,1.96,40.42,118.02
2015,Chennai,Tamil Nadu,Monsoon,Cooum,Manufacturing,PM10,114.93,5.03,87740.79,4651369.64,27627.02,17285705.07,No,Moderate,Severely Polluted,31.54,45.08,13.92,12.32,1.88,24.55,108.03
2015,Chennai,Tamil Nadu,Monsoon,Cooum,Manufacturing,PM2.5,147.41,4.85,91080.21,4591456.18,28190.77,17210432.09,No,Poor,Severely Polluted,61.68,35.23,16.58,12.09,2.33,30.03,138.57
2015,Chennai,Tamil Nadu,Post-Monsoon,Cooum,Manufacturing,O3,129.4,4.83,99102.0,4591933.0,28086.8,17167339.0,No,Moderate,Severely Polluted,56.17,55.95,12.74,8.46,1.08,65.11,121.64
2015,Chennai,Tamil Nadu,Post-Monsoon,Cooum,Manufacturing,PM10,125.7,4.84,99102.0,4591933.0,27894.52,17167339.0,No,Moderate,Severely Polluted,39.26,63.45,12.46,7.58,1.7,40.7,118.16
2015,Chennai,Tamil Nadu,Post-Monsoon,Cooum,Manufacturing,PM2.5,189.67,4.82,99102.0,4591933.0,28188.0,17167339.0,No,Poor,Severely Polluted,77.69,52.0,18.46,9.04,1.93,30.78,178.29
2015,Chennai,Tamil Nadu,Summer,Cooum,Manufacturing,NO2,95.0,4.67,99102.0,4591933.0,28122.0,17167339.0,No,Satisfactory,Severely Polluted,49.13,31.58,54.96,10.87,1.25,34.43,89.3
2015,Chennai,Tamil Nadu,Summer,Cooum,Manufacturing,O3,95.0,4.67,99102.0,4591933.0,28122.0,17167339.0,No,Satisfactory,Severely Polluted,49.13,31.58,20.74,7.72,5.19,66.65,89.3
2015,Chennai,Tamil Nadu,Summer,Cooum,Manufacturing,PM10,176.0,4.78,180097.77,4651516.4,28541.22,17285997.33,No,Poor,Severely Polluted,77.68,179.6,26.72,8.81,4.05,28.64,165.44
2015,Chennai,Tamil Nadu,Summer,Cooum,Manufacturing,PM2.5,173.71,4.68,99102.0,4599184.53,28134.41,17181780.18,No,Satisfactory,Severely Polluted,107.78,40.19,38.66,9.44,1.85,35.81,163.29
2015,Chennai,Tamil Nadu,Winter,Cooum,Manufacturing,NO2,120.0,4.35,177485.0,4524872.5,28453.0,17027931.5,No,Moderate,Heavily Polluted,57.05,61.8,64.35,16.44,0.97,17.25,112.8
2015,Chennai,Tamil Nadu,Winter,Cooum,Manufacturing,O3,104.0,4.49,99102.0,4591933.0,27838.5,17027931.5,No,Moderate,Heavily Polluted,50.32,59.36,17.56,1.95,0.79,59.97,97.76
2015,Chennai,Tamil Nadu,Winter,Cooum,Manufacturing,PM10,112.41,4.46,156649.01,4518930.43,28280.44,17027931.5,No,Moderate,Heavily Polluted,51.64,61.72,18.76,9.64,1.56,29.0,105.67
2015,Chennai,Tamil Nadu,Winter,Cooum,Manufacturing,PM2.5,141.33,4.49,99102.0,4591933.0,27838.5,17027931.5,No,Satisfactory,Heavily Polluted,76.18,59.36,14.19,2.64,2.09,27.48,132.85
2015,Coimbatore,Tamil Nadu,Monsoon,Noyyal,Manufacturing,NO2,137.88,1.36,18665.5,50600.0,4699.0,5460767.0,No,Moderate,Good,69.54,82.64,86.36,47.24,1.4,76.44,129.61
2015,Coimbatore,Tamil Nadu,Monsoon,Noyyal,Manufacturing,O3,135.01,1.5,43606.0,50600.0,4699.0,5460767.0,No,Moderate,Acceptable,73.03,85.94,51.24,22.39,1.49,133.65,126.91
2015,Coimbatore,Tamil Nadu,Post-Monsoon,Noyyal,Manufacturing,O3,135.33,1.11,50655.0,50600.0,4699.0,5460767.0,No,Moderate,Acceptable,60.07,98.32,56.4,33.97,0.46,168.56,127.21
2015,Coimbatore,Tamil Nadu,Post-Monsoon,Noyyal,Manufacturing,PM10,187.77,1.25,42721.0,50600.0,4699.0,5460767.0,No,Moderate,Acceptable,91.6,130.6,79.22,28.84,1.93,61.31,176.5
2015,Coimbatore,Tamil Nadu,Summer,Noyyal,Manufacturing,O3,134.89,1.12,20676.0,50600.0,4699.0,5460767.0,No,Moderate,Acceptable,69.59,87.64,23.63,57.24,1.08,114.58,126.8
2015,Coimbatore,Tamil Nadu,Summer,Noyyal,Manufacturing,PM10,135.48,0.75,13569.0,50600.0,4699.0,5460767.0,No,Moderate,Good,62.94,88.57,74.74,53.47,4.09,20.14,127.35
2015,Coimbatore,Tamil Nadu,Winter,Noyyal,Manufacturing,O3,140.44,1.44,47043.0,50600.0,4699.0,5460767.0,No,Moderate,Acceptable,60.28,75.81,25.68,56.94,1.26,104.18,132.01
2015,Coimbatore,Tamil Nadu,Winter,Noyyal,Manufacturing,PM10,178.58,0.86,38774.5,50600.0,4699.0,5460767.0,No,Moderate,Good,83.84,115.84,90.74,67.47,3.92,47.92,167.87
2015,Delhi,Delhi,Monsoon,Yamuna,Manufacturing,O3,225.5,5.72,258611.0,9684767.5,12203.0,2593353.0,No,Poor,Severely Polluted,30.68,37.74,42.08,7.88,4.25,47.22,211.97
2015,Delhi,Delhi,Monsoon,Yamuna,Manufacturing,PM10,225.22,5.72,194646.72,9709128.88,12063.27,2590610.87,No,Poor,Severely Polluted,67.82,166.53,47.23,9.78,1.58,57.69,211.71
2015,Delhi,Delhi,Post-Monsoon,Yamuna,Manufacturing,PM10,364.36,5.62,258611.0,9699937.93,11957.1,2593102.46,No,Poor,Severely Polluted,179.09,317.32,64.21,19.42,2.17,81.27,342.5
2015,Delhi,Delhi,Summer,Yamuna,Manufacturing,PM10,303.28,5.64,206472.03,9706736.48,12143.61,2590036.72,No,Very Poor,Severely Polluted,89.65,198.14,43.37,13.17,8.38,51.92,285.08
2015,Delhi,Delhi,Winter,Yamuna,Manufacturing,PM10,344.84,5.72,210134.85,9714619.0,11924.55,2592860.0,No,Severe,Severely Polluted,173.18,309.05,53.36,11.44,9.12,47.45,324.15
2015,Delhi,Delhi,Winter,Yamuna,Manufacturing,PM2.5,269.0,5.78,89914.0,9714619.0,11916.0,2592860.0,No,Poor,Severely Polluted,130.18,114.96,35.84,6.74,7.67,23.17,252.86
2015,Ernakulam,Kerala,Monsoon,Periyar,Shipping/Refinery,O3,207.01,1.2,15836.33,82505.0,7297.0,595212.0,No,Poor,Acceptable,104.96,133.31,46.14,26.72,0.93,139.41,194.59
2015,Ernakulam,Kerala,Monsoon,Periyar,Shipping/Refinery,PM10,185.86,1.92,16824.0,82505.0,7297.0,595212.0,No,Moderate,Acceptable,103.45,127.28,42.34,65.17,3.34,119.66,174.71
2015,Ernakulam,Kerala,Post-Monsoon,Periyar,Shipping/Refinery,PM10,229.77,1.26,25242.0,82505.0,7297.0,595212.0,No,Moderate,Acceptable,102.92,158.74,56.85,20.95,1.98,70.15,215.98
2015,Ernakulam,Kerala,Summer,Periyar,Shipping/Refinery,PM10,203.19,1.22,20872.33,82505.0,7297.0,595212.0,No,Poor,Acceptable,89.67,128.72,63.97,28.83,2.57,74.59,191.0
2015,Ernakulam,Kerala,Winter,Periyar,Shipping/Refinery,PM10,236.2,1.01,28235.33,82505.0,7297.0,595212.0,No,Poor,Acceptable,107.16,143.34,78.41,24.26,2.28,81.77,222.03
2015,Gurugram,Haryana,Monsoon,Sahibi,Automobile,O3,126.62,1.27,20847.5,22610.0,5102.0,2724522.0,No,Moderate,Acceptable,71.94,82.69,47.1,56.26,3.31,134.87,119.02
2015,Gurugram,Haryana,Post-Monsoon,Sahibi,Automobile,NO2,129.63,1.03,24859.0,22610.0,5102.0,2724522.0,No,Moderate,Acceptable,74.46,68.6,77.03,43.35,0.91,51.18,121.85
2015,Gurugram,Haryana,Post-Monsoon,Sahibi,Automobile,PM10,332.0,3.19,781253.5,170316.75,215216.75,1896618.25,No,Very Poor,Acceptable,161.12,260.99,8.15,8.62,1.62,9.23,312.08
2015,Gurugram,Haryana,Summer,Sahibi,Automobile,NO2,129.66,1.98,7861.0,22610.0,5102.0,2724522.0,No,Moderate,Acceptable,57.25,94.84,116.19,75.14,1.89,47.12,121.88
2015,Gurugram,Haryana,Summer,Sahibi,Automobile,O3,130.68,1.27,16183.0,22610.0,5102.0,2724522.0,No,Moderate,Acceptable,60.08,84.88,35.32,20.59,2.1,96.03,122.84
2015,Gurugram,Haryana,Summer,Sahibi,Automobile,SO2,128.66,1.24,11029.0,22610.0,5102.0,2724522.0,No,Moderate,Acceptable,72.44,73.65,78.69,84.48,3.0,38.39,120.94
2015,Gurugram,Haryana,Winter,Sahibi,Automobile,O3,128.85,1.45,40577.0,22610.0,5102.0,2724522.0,No,Moderate,Acceptable,57.2,83.15,107.08,48.57,0.63,134.77,121.12
2015,Gurugram,Haryana,Winter,Sahibi,Automobile,PM10,330.09,3.43,734523.56,143623.28,213565.53,2088900.62,No,Moderate,Acceptable,165.85,276.5,15.84,9.56,1.54,18.42,310.28
2015,Guwahati,Assam,Monsoon,Brahmaputra,Agro-Industry,O3,189.8,1.11,30161.5,232836.0,3330.0,199389.0,No,Moderate,Good,82.2,113.95,69.71,38.1,0.82,139.6,178.41
2015,Guwahati,Assam,Monsoon,Brahmaputra,Agro-Industry,PM10,188.12,1.01,40224.5,232836.0,3330.0,199389.0,No,Moderate,Good,106.47,121.64,42.38,13.35,3.02,74.96,176.83
2015,Guwahati,Assam,Post-Monsoon,Brahmaputra,Agro-Industry,PM10,223.92,0.96,40887.0,232836.0,3330.0,199389.0,No,Moderate,Good,95.81,155.29,59.84,60.0,1.86,100.8,210.48
2015,Guwahati,Assam,Summer,Brahmaputra,Agro-Industry,O3,188.68,1.42,18892.5,232836.0,3330.0,199389.0,No,Moderate,Acceptable,97.5,110.56,22.72,35.58,3.66,137.16,177.36
2015,Guwahati,Assam,Summer,Brahmaputra,Agro-Industry,PM10,195.73,1.4,18857.0,232836.0,3330.0,199389.0,No,Moderate,Acceptable,112.03,122.56,73.28,58.04,3.91,15.79,183.99
2015,Guwahati,Assam,Winter,Brahmaputra,Agro-Industry,O3,193.07,0.68,39613.0,232836.0,3330.0,199389.0,No,Moderate,Good,113.54,100.99,40.72,59.7,3.95,116.08,181.49
2015,Guwahati,Assam,Winter,Brahmaputra,Agro-Industry,PM10,246.66,1.51,22338.5,232836.0,3330.0,199389.0,No,Poor,Acceptable,134.92,143.95,77.68,56.14,3.78,52.84,231.86
2015,Hyderabad,Telangana,Monsoon,Musi,Manufacturing,PM10,100.57,4.35,273130.58,5240136.75,19774.37,7378390.73,No,Moderate,Heavily Polluted,29.39,44.42,9.67,6.83,0.64,16.32,94.54
2015,Hyderabad,Telangana,Monsoon,Musi,Manufacturing,PM2.5,194.84,4.33,274557.08,5220929.97,19870.02,7379813.22,No,Moderate,Heavily Polluted,108.58,45.76,15.85,5.59,0.64,24.07,183.15
2015,Hyderabad,Telangana,Post-Monsoon,Musi,Manufacturing,PM10,139.17,4.11,278873.0,5260258.0,19786.0,7384117.0,No,Moderate,Heavily Polluted,60.78,103.05,10.69,10.02,0.97,34.78,130.82
2015,Hyderabad,Telangana,Post-Monsoon,Musi,Power,PM10,155.93,3.88,469537.0,5260258.0,19341.0,7409513.5,No,Moderate,Heavily Polluted,64.51,91.38,6.99,6.22,0.91,32.43,146.57
2015,Hyderabad,Telangana,Post-Monsoon,Musi,Power,PM2.5,267.41,3.88,469537.0,5260258.0,19341.0,7409513.5,No,Very Poor,Heavily Polluted,169.02,102.26,4.61,7.19,0.98,36.45,251.37
2015,Hyderabad,Telangana,Summer,Musi,Manufacturing,PM10,122.28,3.83,251925.76,5267307.45,19477.28,7493253.51,No,Moderate,Heavily Polluted,48.85,95.56,18.0,8.17,0.79,35.39,114.94
2015,Hyderabad,Telangana,Summer,Musi,Manufacturing,PM2.5,215.75,3.76,242787.12,5277490.0,19299.12,7484256.0,No,Moderate,Heavily Polluted,113.61,92.59,21.42,10.85,1.03,37.27,202.8
2015,Hyderabad,Telangana,Winter,Musi,Manufacturing,PM10,126.5,4.14,258252.5,5260258.0,19812.25,7520903.75,No,Moderate,Heavily Polluted,61.41,115.81,25.57,4.96,0.5,28.84,118.91
2015,Hyderabad,Telangana,Winter,Musi,Power,PM10,121.8,3.98,660201.0,5283234.0,19784.0,7384117.0,No,Moderate,Heavily Polluted,52.31,95.73,15.17,9.23,1.04,33.02,114.49
2015,Hyderabad,Telangana,Winter,Musi,Power,PM2.5,213.0,3.98,660201.0,5283234.0,19784.0,7384117.0,No,Poor,Heavily Polluted,177.62,98.01,25.5,14.74,1.73,25.9,200.22
2015,Jaipur,Rajasthan,Monsoon,Banas,Manufacturing,NO2,143.13,1.21,35080.0,149953.0,11664.0,2221598.0,No,Moderate,Acceptable,65.27,96.47,108.57,73.67,2.31,64.39,134.54
2015,Jaipur,Rajasthan,Monsoon,Banas,Manufacturing,O3,142.73,1.14,33750.0,149953.0,11664.0,2221598.0,No,Moderate,Acceptable,73.38,87.96,74.4,45.19,2.98,133.28,134.17
2015,Jaipur,Rajasthan,Post-Monsoon,Banas,Manufacturing,O3,167.02,1.55,22387.5,149953.0,11664.0,2221598.0,No,Moderate,Acceptable,78.87,110.41,37.4,37.57,2.42,142.67,157.0
2015,Jaipur,Rajasthan,Summer,Banas,Manufacturing,O3,147.99,0.69,29192.0,149953.0,11664.0,2221598.0,No,Moderate,Good,61.97,83.31,53.59,33.29,2.56,93.57,139.11
2015,Jaipur,Rajasthan,Summer,Banas,Manufacturing,PM10,145.28,1.42,13967.5,149953.0,11664.0,2221598.0,No,Moderate,Acceptable,71.8,108.48,90.04,50.06,2.01,23.36,136.56
2015,Jaipur,Rajasthan,Winter,Banas,Manufacturing,O3,143.22,0.86,41854.0,149953.0,11664.0,2221598.0,No,Moderate,Good,87.02,86.86,86.26,40.87,3.19,146.94,134.63
2015,Jaipur,Rajasthan,Winter,Banas,Manufacturing,PM10,179.45,1.35,13656.0,149953.0,11664.0,2221598.0,No,Moderate,Acceptable,86.06,107.27,19.72,18.63,0.29,63.07,168.68
2015,Jaipur,Rajasthan,Winter,Banas,Manufacturing,PM2.5,195.38,0.46,3559.0,149953.0,11664.0,2221598.0,No,Moderate,Good,110.47,100.98,9.83,56.78,0.62,37.73,183.66
2015,Jorapokhar,Jharkhand,Monsoon,Damodar,Mining/Coal,O3,154.38,0.96,21722.67,66007.0,945.0,64366.0,No,Moderate,Good,76.57,91.41,93.7,69.14,2.86,162.53,145.12
2015,Jorapokhar,Jharkhand,Monsoon,Damodar,Mining/Coal,PM10,159.21,1.24,45083.0,66007.0,945.0,64366.0,No,Moderate,Acceptable,65.36,95.04,28.62,58.02,2.09,71.95,149.66
2015,Jorapokhar,Jharkhand,Post-Monsoon,Damodar,Mining/Coal,O3,152.62,1.24,35048.0,66007.0,945.0,64366.0,No,Moderate,Acceptable,68.37,92.69,73.47,15.31,0.86,117.51,143.46
2015,Jorapokhar,Jharkhand,Post-Monsoon,Damodar,Mining/Coal,PM10,198.29,0.5,15627.0,66007.0,945.0,64366.0,No,Moderate,Good,95.63,130.89,69.73,81.92,0.9,39.47,186.39
2015,Jorapokhar,Jharkhand,Summer,Damodar,Mining/Coal,NO2,142.07,0.94,31751.0,66007.0,945.0,64366.0,No,Moderate,Good,88.56,94.71,107.74,37.54,1.24,94.35,133.55
2015,Jorapokhar,Jharkhand,Summer,Damodar,Mining/Coal,O3,152.11,0.51,19073.0,66007.0,945.0,64366.0,No,Moderate,Good,76.2,100.37,26.37,87.99,4.7,113.48,142.98
2015,Jorapokhar,Jharkhand,Summer,Damodar,Mining/Coal,PM10,157.6,1.28,38744.0,66007.0,945.0,64366.0,No,Moderate,Acceptable,60.57,88.34,59.26,73.33,4.57,24.94,148.14
2015,Jorapokhar,Jharkhand,Winter,Damodar,Mining/Coal,PM10,175.07,1.7,22676.5,66007.0,945.0,64366.0,No,Poor,Acceptable,94.94,115.34,19.06,26.85,2.01,35.12,164.57
2015,Jorapokhar,Jharkhand,Winter,Damodar,Mining/Coal,PM2.5,196.02,1.2,34084.0,66007.0,945.0,64366.0,No,Moderate,Acceptable,114.64,114.41,35.71,75.22,1.48,37.6,184.26
2015,Kochi,Kerala,Monsoon,Periyar,Shipping/Refinery,O3,225.18,1.24,16078.5,82505.0,7297.0,719326.0,No,Poor,Acceptable,112.01,151.58,43.88,28.44,0.82,160.23,211.67
2015,Kochi,Kerala,Monsoon,Periyar,Shipping/Refinery,PM10,225.1,1.48,16088.0,82505.0,7297.0,719326.0,No,Poor,Acceptable,122.27,149.74,54.95,52.66,2.66,145.18,211.59
2015,Kochi,Kerala,Post-Monsoon,Periyar,Shipping/Refinery,PM10,261.98,1.22,25242.0,82505.0,7297.0,719326.0,No,Poor,Acceptable,118.51,176.52,60.23,23.68,2.14,77.57,246.26
2015,Kochi,Kerala,Summer,Periyar,Shipping/Refinery,PM10,218.31,1.22,20872.33,82505.0,7297.0,719326.0,No,Poor,Acceptable,103.39,139.8,69.94,31.03,2.93,83.42,205.21
2015,Kochi,Kerala,Winter,Periyar,Shipping/Refinery,PM10,264.49,1.0,28235.33,82505.0,7297.0,719326.0,No,Poor,Good,116.27,158.48,88.51,26.89,2.57,85.3,248.62
2015,Kolkata,West Bengal,Monsoon,Hooghly,Manufacturing,PM10,213.26,1.02,35535.0,43714.0,6603.0,12024910.0,No,Poor,Acceptable,109.13,145.11,65.12,58.2,3.19,55.65,200.46
2015,Kolkata,West Bengal,Post-Monsoon,Hooghly,Manufacturing,PM10,245.56,1.61,39410.5,43714.0,6603.0,12024910.0,No,Poor,Acceptable,119.77,162.46,44.85,17.22,1.24,121.6,230.83
2015,Kolkata,West Bengal,Summer,Hooghly,Manufacturing,PM10,216.48,0.91,27521.0,43714.0,6603.0,12024910.0,No,Poor,Acceptable,106.99,149.96,66.2,36.2,2.16,114.75,203.49
2015,Kolkata,West Bengal,Winter,Hooghly,Manufacturing,PM10,263.8,1.16,32880.0,43714.0,6603.0,12024910.0,No,Poor,Good,147.26,158.94,66.29,48.93,2.44,54.82,247.97
2015,Lucknow,Uttar Pradesh,Monsoon,Gomti,Agro-Industry,PM10,126.58,2.57,384077.87,2179758.2,1931.56,950146.92,No,Moderate,Acceptable,45.12,97.0,9.68,9.69,2.79,30.73,118.99
2015,Lucknow,Uttar Pradesh,Monsoon,Gomti,Agro-Industry,PM2.5,166.5,2.38,876203.5,2186350.0,1933.5,990513.0,No,Poor,Acceptable,110.34,97.0,11.72,13.59,4.54,55.89,156.51
2015,Lucknow,Uttar Pradesh,Post-Monsoon,Gomti,Agro-Industry,PM10,174.62,1.94,876203.5,2186350.0,1890.0,980962.0,No,Poor,Acceptable,60.63,97.0,12.03,4.76,7.44,41.44,164.14
2015,Lucknow,Uttar Pradesh,Post-Monsoon,Gomti,Agro-Industry,PM2.5,368.58,2.0,473445.17,2180618.0,1924.0,961233.0,No,Poor,Acceptable,216.67,97.0,22.94,6.59,3.9,47.96,346.47
2015,Lucknow,Uttar Pradesh,Summer,Gomti,Agro-Industry,PM10,150.01,1.98,207952.48,2171753.4,1897.26,959292.28,No,Poor,Acceptable,52.29,97.0,20.56,13.98,3.42,29.15,141.01
2015,Lucknow,Uttar Pradesh,Summer,Gomti,Agro-Industry,PM2.5,422.0,1.85,224859.12,2175602.5,1898.5,941347.25,No,Poor,Acceptable,510.15,97.0,21.22,11.09,2.16,38.42,396.68
2015,Lucknow,Uttar Pradesh,Summer,Gomti,Agro-Industry,SO2,212.0,1.76,234300.5,2177752.0,1899.0,931326.0,No,Poor,Acceptable,89.44,97.0,18.2,146.07,11.24,18.59,199.28
2015,Lucknow,Uttar Pradesh,Winter,Gomti,Agro-Industry,PM10,239.0,2.28,234300.5,2177752.0,1937.0,951368.5,No,Poor,Acceptable,60.54,97.0,63.58,3.76,1.86,20.36,224.66
2015,Lucknow,Uttar Pradesh,Winter,Gomti,Agro-Industry,PM2.5,346.27,2.04,210185.18,2175265.83,1917.92,945573.08,No,Very Poor,Acceptable,188.43,97.0,19.56,37.08,9.27,37.18,325.49
2015,Lucknow,Uttar Pradesh,Winter,Gomti,Agro-Industry,SO2,306.0,1.87,196535.0,2172020.0,1915.67,938006.83,No,Very Poor,Acceptable,145.36,97.0,20.73,170.22,12.71,36.04,287.64
2015,Mumbai,Maharashtra,Monsoon,Ulhas,Manufacturing,PM10,66.62,4.04,174693.1,6951299.11,21940.39,20518351.75,No,Satisfactory,Heavily Polluted,15.25,52.18,15.57,11.42,0.0,18.29,62.62
2015,Mumbai,Maharashtra,Post-Monsoon,Ulhas,Manufacturing,PM10,127.21,3.43,202679.82,6938811.43,21744.18,20300156.93,No,Moderate,Heavily Polluted,51.51,120.8,34.32,15.6,0.0,33.34,119.58
2015,Mumbai,Maharashtra,Summer,Ulhas,Manufacturing,PM10,93.37,3.74,174319.0,6956903.18,21905.71,20355575.45,No,Moderate,Heavily Polluted,21.71,79.65,13.33,15.16,0.0,26.8,87.77
2015,Mumbai,Maharashtra,Winter,Ulhas,Manufacturing,PM10,160.43,3.71,203152.5,6967625.25,22189.73,20437374.4,No,Moderate,Heavily Polluted,68.47,158.94,41.39,13.91,0.0,42.67,150.8
2015,Patna,Bihar,Monsoon,Ganga,Agro-Industry,PM10,113.15,4.41,212224.0,1720848.0,1885.18,395991.34,No,Moderate,Severely Polluted,44.56,80.22,17.1,8.12,1.46,11.15,106.36
2015,Patna,Bihar,Monsoon,Ganga,Manufacturing,PM10,103.9,4.3,212224.0,1727016.0,1912.69,372706.0,No,Satisfactory,Heavily Polluted,44.93,80.15,16.9,6.93,1.59,9.93,97.67
2015,Patna,Bihar,Post-Monsoon,Ganga,Agro-Industry,PM2.5,371.0,3.9,212224.0,1720848.0,1882.0,388122.0,No,Very Poor,Heavily Polluted,222.26,103.22,30.83,6.33,2.24,10.14,348.74
2015,Patna,Bihar,Post-Monsoon,Ganga,Manufacturing,PM10,206.0,3.81,212224.0,1733184.0,1902.0,357290.0,No,Poor,Heavily Polluted,82.96,103.22,27.28,5.16,1.5,9.46,193.64
2015,Patna,Bihar,Post-Monsoon,Ganga,Manufacturing,PM2.5,260.1,3.81,212224.0,1733184.0,1902.0,357290.0,No,Moderate,Heavily Polluted,126.74,103.22,28.27,6.78,1.51,13.86,244.49
2015,Patna,Bihar,Summer,Ganga,Agro-Industry,NO2,136.19,1.09,27865.0,159881.0,779.0,404123.0,No,Moderate,Acceptable,63.45,91.06,101.83,7.18,3.5,40.71,128.02
2015,Patna,Bihar,Summer,Ganga,Agro-Industry,O3,138.83,0.54,38359.0,159881.0,779.0,404123.0,No,Moderate,Good,79.91,78.49,18.95,75.95,2.08,88.75,130.5
2015,Patna,Bihar,Summer,Ganga,Agro-Industry,PM10,135.86,0.57,19894.0,159881.0,779.0,404123.0,No,Moderate,Good,71.51,86.35,58.16,56.35,4.28,86.34,127.71
2015,Patna,Bihar,Winter,Ganga,Agro-Industry,PM10,308.58,3.46,174218.3,1408654.6,1702.2,391322.2,No,Moderate,Acceptable,159.35,183.67,38.45,19.7,1.95,28.07,290.07
2015,Patna,Bihar,Winter,Ganga,Agro-Industry,PM2.5,429.26,4.04,212224.0,1720848.0,1933.0,388122.0,No,Very Poor,Heavily Polluted,313.98,203.04,41.09,6.24,3.0,19.54,403.5
2015,Shillong,Meghalaya,Monsoon,Umiam,Handicrafts,O3,91.83,1.15,30161.5,232836.0,3330.0,118431.0,No,Satisfactory,Good,41.8,60.47,35.72,18.4,0.42,70.02,86.32
2015,Shillong,Meghalaya,Monsoon,Umiam,Handicrafts,PM10,94.63,0.99,40224.5,232836.0,3330.0,118431.0,No,Satisfactory,Good,54.81,58.5,22.81,6.28,1.58,37.84,88.95
2015,Shillong,Meghalaya,Post-Monsoon,Umiam,Handicrafts,PM10,111.18,0.96,40887.0,232836.0,3330.0,118431.0,No,Moderate,Good,49.37,78.87,28.82,30.22,0.99,52.58,104.51
2015,Shillong,Meghalaya,Summer,Umiam,Handicrafts,O3,95.65,1.34,18892.5,232836.0,3330.0,118431.0,No,Satisfactory,Acceptable,52.85,57.86,11.9,18.21,1.86,66.36,89.91
2015,Shillong,Meghalaya,Summer,Umiam,Handicrafts,PM10,105.5,1.37,18857.0,232836.0,3330.0,118431.0,No,Moderate,Acceptable,47.11,61.81,38.01,29.73,2.13,8.05,99.17
2015,Shillong,Meghalaya,Winter,Umiam,Handicrafts,PM10,124.17,1.49,15683.0,232836.0,3330.0,118431.0,No,Moderate,Acceptable,68.54,72.5,46.98,19.63,1.72,22.09,116.72
2015,Shillong,Meghalaya,Winter,Umiam,Handicrafts,PM2.5,115.35,1.09,34303.5,232836.0,3330.0,118431.0,No,Moderate,Acceptable,65.16,62.3,24.59,34.52,1.87,41.68,108.43
2015,Talcher,Odisha,Monsoon,Brahmani,Thermal Power,NO2,183.08,1.46,25085.0,68864.0,10027.0,173558.0,No,Moderate,Acceptable,101.46,131.45,132.78,70.23,0.74,12.13,172.1
2015,Talcher,Odisha,Monsoon,Brahmani,Thermal Power,O3,182.05,1.69,20801.0,68864.0,10027.0,173558.0,No,Moderate,Acceptable,104.0,104.0,111.1,74.68,3.85,195.12,171.13
2015,Talcher,Odisha,Monsoon,Brahmani,Thermal Power,PM10,178.13,1.72,31570.0,68864.0,10027.0,173558.0,No,Moderate,Acceptable,86.47,117.19,68.28,56.08,2.12,69.56,167.44
2015,Talcher,Odisha,Post-Monsoon,Brahmani,Thermal Power,O3,183.73,1.6,30290.0,68864.0,10027.0,173558.0,No,Moderate,Acceptable,78.15,104.07,84.67,10.65,4.32,171.61,172.71
2015,Talcher,Odisha,Post-Monsoon,Brahmani,Thermal Power,PM10,241.54,1.24,8746.0,68864.0,10027.0,173558.0,No,Poor,Acceptable,118.64,129.97,51.15,81.47,3.15,75.09,227.05
2015,Talcher,Odisha,Summer,Brahmani,Thermal Power,PM10,182.75,1.62,30831.67,68864.0,10027.0,173558.0,No,Moderate,Acceptable,93.83,120.36,77.09,45.73,2.59,78.16,171.78
2015,Talcher,Odisha,Winter,Brahmani,Thermal Power,PM10,213.54,1.48,18914.0,68864.0,10027.0,173558.0,No,Poor,Acceptable,99.07,133.8,32.32,50.56,2.5,81.67,200.73
2015,Thiruvananthapuram,Kerala,Monsoon,Karamana,IT/Electronics,NO2,136.84,1.39,38336.0,206417.0,12641.0,836596.0,No,Moderate,Acceptable,58.03,91.5,115.87,60.22,1.43,105.26,128.63
2015,Thiruvananthapuram,Kerala,Monsoon,Karamana,IT/Electronics,O3,131.76,1.05,30326.0,206417.0,12641.0,836596.0,No,Moderate,Acceptable,67.07,91.66,41.37,35.62,1.91,169.02,123.85
2015,Thiruvananthapuram,Kerala,Monsoon,Karamana,IT/Electronics,PM10,140.78,1.61,52978.0,206417.0,12641.0,836596.0,No,Moderate,Acceptable,76.54,83.81,62.13,6.83,3.68,15.06,132.33
2015,Thiruvananthapuram,Kerala,Post-Monsoon,Karamana,IT/Electronics,O3,147.04,1.83,36004.5,206417.0,12641.0,836596.0,No,Moderate,Acceptable,68.16,100.22,34.62,45.86,1.83,170.11,138.22
2015,Thiruvananthapuram,Kerala,Summer,Karamana,IT/Electronics,NO2,131.64,1.13,24774.0,206417.0,12641.0,836596.0,No,Moderate,Acceptable,77.01,98.36,102.68,36.28,1.37,32.13,123.74
2015,Thiruvananthapuram,Kerala,Summer,Karamana,IT/Electronics,O3,129.14,1.01,23678.0,206417.0,12641.0,836596.0,No,Moderate,Acceptable,57.33,81.76,95.19,49.27,1.05,160.86,121.39
2015,Thiruvananthapuram,Kerala,Summer,Karamana,IT/Electronics,PM10,139.98,1.12,18758.0,206417.0,12641.0,836596.0,No,Moderate,Acceptable,74.06,78.49,24.78,12.28,4.26,20.39,131.58
2015,Thiruvananthapuram,Kerala,Winter,Karamana,IT/Electronics,O3,153.57,1.5,36727.5,206417.0,12641.0,836596.0,No,Moderate,Acceptable,74.33,103.24,84.39,56.36,2.4,127.06,144.36
2015,Thiruvananthapuram,Kerala,Winter,Karamana,IT/Electronics,PM10,170.52,1.6,21805.0,206417.0,12641.0,836596.0,No,Moderate,Acceptable,70.72,112.17,58.6,20.15,2.81,51.45,160.29
2015,Visakhapatnam,Andhra Pradesh,Monsoon,Gosthani,Mining,PM10,169.02,1.02,30815.25,124078.0,2369.0,157238.0,No,Moderate,Good,85.04,108.36,43.32,50.86,2.78,59.96,158.88
2015,Visakhapatnam,Andhra Pradesh,Post-Monsoon,Gosthani,Mining,PM10,202.85,1.09,17130.5,124078.0,2369.0,157238.0,No,Moderate,Acceptable,96.86,123.9,70.36,40.88,3.58,62.81,190.68
2015,Visakhapatnam,Andhra Pradesh,Summer,Gosthani,Mining,O3,173.53,1.8,35265.5,124078.0,2369.0,157238.0,No,Moderate,Acceptable,98.3,102.56,86.58,40.22,2.86,123.06,163.12
2015,Visakhapatnam,Andhra Pradesh,Summer,Gosthani,Mining,PM10,166.5,1.48,30444.0,124078.0,2369.0,157238.0,No,Moderate,Acceptable,75.81,114.86,39.45,5.64,4.01,82.81,156.51
2015,Visakhapatnam,Andhra Pradesh,Winter,Gosthani,Mining,PM10,213.22,1.12,37246.33,124078.0,2369.0,157238.0,No,Poor,Acceptable,92.1,133.91,37.98,64.98,2.47,105.78,200.43
2016,Ahmedabad,Gujarat,Monsoon,Sabarmati,Chemical,PM10,298.44,2.48,189884.99,4438559.17,10446.17,5991604.54,No,Poor,Acceptable,39.88,111.01,21.43,16.98,14.42,17.82,280.53
2016,Ahmedabad,Gujarat,Monsoon,Sabarmati,Chemical,PM2.5,460.0,2.43,197988.5,4435275.5,10371.0,5871152.5,No,Severe,Acceptable,170.22,139.31,17.88,14.21,15.47,10.05,432.4
2016,Ahmedabad,Gujarat,Post-Monsoon,Sabarmati,Chemical,PM10,290.8,1.68,198683.0,4579856.0,10580.0,5710991.0,No,Poor,Acceptable,80.47,138.99,11.52,25.69,11.94,27.87,273.35
2016,Ahmedabad,Gujarat,Post-Monsoon,Sabarmati,Chemical,PM2.5,456.5,1.83,198127.4,4524629.2,10506.4,5839120.2,No,Very Poor,Acceptable,210.91,124.52,16.99,34.86,17.0,38.53,429.11
2016,Ahmedabad,Gujarat,Post-Monsoon,Sabarmati,Chemical,SO2,561.0,2.06,197294.0,4441789.0,10396.0,6031314.0,No,Severe,Acceptable,90.1,102.82,98.24,104.52,29.52,46.86,527.34
2016,Ahmedabad,Gujarat,Summer,Sabarmati,Chemical,PM10,329.03,1.87,197294.0,4437541.07,10426.27,6077582.17,No,Severe,Acceptable,65.1,92.99,37.75,48.73,10.78,42.66,309.29
2016,Ahmedabad,Gujarat,Winter,Sabarmati,Chemical,PM10,444.02,1.85,197530.59,4465305.91,10380.25,5976753.49,No,Severe,Acceptable,75.97,115.83,63.94,61.9,18.22,45.81,417.38
2016,Aizawl,Mizoram,Monsoon,Tlawng,Handicrafts,NO2,79.31,1.43,53145.0,230398.0,3287.0,74119.0,No,Satisfactory,Acceptable,39.58,50.56,50.69,17.25,0.86,6.13,74.55
2016,Aizawl,Mizoram,Monsoon,Tlawng,Handicrafts,O3,72.82,1.46,10819.0,230398.0,3287.0,74119.0,No,Satisfactory,Acceptable,44.51,62.92,3.18,22.96,0.39,66.88,68.45
2016,Aizawl,Mizoram,Monsoon,Tlawng,Handicrafts,PM10,83.25,1.56,33878.5,230398.0,3287.0,74119.0,No,Satisfactory,Acceptable,35.26,52.06,20.97,19.2,0.4,29.12,78.26
2016,Aizawl,Mizoram,Post-Monsoon,Tlawng,Handicrafts,O3,78.81,1.02,32137.0,230398.0,3287.0,74119.0,No,Satisfactory,Acceptable,48.84,65.27,42.76,2.23,1.42,69.89,74.08
2016,Aizawl,Mizoram,Post-Monsoon,Tlawng,Handicrafts,PM10,104.89,1.53,33891.0,230398.0,3287.0,74119.0,No,Moderate,Acceptable,41.73,66.07,24.99,23.2,1.38,10.67,98.6
2016,Aizawl,Mizoram,Summer,Tlawng,Handicrafts,NO2,83.73,1.58,8130.0,230398.0,3287.0,74119.0,No,Satisfactory,Acceptable,37.96,45.64,47.54,16.84,1.96,35.96,78.71
2016,Aizawl,Mizoram,Summer,Tlawng,Handicrafts,O3,86.62,1.05,51276.0,230398.0,3287.0,74119.0,No,Satisfactory,Acceptable,42.71,52.35,12.6,19.85,1.31,78.52,81.42
2016,Aizawl,Mizoram,Summer,Tlawng,Handicrafts,PM10,88.62,1.25,41706.0,230398.0,3287.0,74119.0,No,Satisfactory,Acceptable,35.07,49.75,16.15,12.18,1.79,41.85,83.3
2016,Aizawl,Mizoram,Winter,Tlawng,Handicrafts,PM10,103.33,1.11,31090.67,230398.0,3287.0,74119.0,No,Moderate,Good,47.02,65.39,35.29,29.29,0.93,50.69,97.13
2016,Amaravati,Andhra Pradesh,Monsoon,Krishna,Agro-processing,NO2,157.06,1.02,14380.0,123878.0,2365.0,338453.0,No,Moderate,Acceptable,63.05,92.3,104.7,52.58,0.99,95.07,147.64
2016,Amaravati,Andhra Pradesh,Monsoon,Krishna,Agro-processing,O3,153.28,1.3,21933.33,123878.0,2365.0,338453.0,No,Moderate,Acceptable,70.5,102.86,49.34,35.81,1.86,114.2,144.08
2016,Amaravati,Andhra Pradesh,Post-Monsoon,Krishna,Agro-processing,PM10,179.02,0.62,24434.5,123878.0,2365.0,338453.0,No,Moderate,Good,87.32,129.43,54.8,22.32,1.18,101.91,168.28
2016,Amaravati,Andhra Pradesh,Summer,Krishna,Agro-processing,O3,168.62,1.42,46235.0,123878.0,2365.0,338453.0,No,Moderate,Acceptable,81.46,116.88,58.7,43.04,0.9,148.01,158.5
2016,Amaravati,Andhra Pradesh,Summer,Krishna,Agro-processing,PM10,153.02,1.34,42028.5,123878.0,2365.0,338453.0,No,Moderate,Acceptable,64.22,89.73,45.77,43.87,1.06,69.62,143.84
2016,Amaravati,Andhra Pradesh,Winter,Krishna,Agro-processing,NO2,156.02,1.44,14183.0,123878.0,2365.0,338453.0,No,Moderate,Acceptable,90.4,92.49,102.5,43.98,0.27,19.11,146.66
2016,Amaravati,Andhra Pradesh,Winter,Krishna,Agro-processing,PM10,205.99,1.16,32927.5,123878.0,2365.0,338453.0,No,Poor,Acceptable,104.16,145.26,62.02,30.8,1.1,110.1,193.63
2016,Amritsar,Punjab,Monsoon,Beas,Agro-Industry,O3,136.3,1.18,20852.0,258722.0,3354.0,816060.0,No,Moderate,Acceptable,73.87,86.86,75.28,46.55,3.67,155.85,128.12
2016,Amritsar,Punjab,Monsoon,Beas,Agro-Industry,PM10,138.77,1.07,10442.0,258722.0,3354.0,816060.0,No,Moderate,Acceptable,66.26,105.28,52.02,54.69,0.63,71.97,130.44
2016,Amritsar,Punjab,Post-Monsoon,Beas,Agro-Industry,O3,177.1,1.9,47013.0,258722.0,3354.0,816060.0,No,Moderate,Acceptable,91.68,125.96,53.37,53.76,4.61,145.96,166.47
2016,Amritsar,Punjab,Post-Monsoon,Beas,Agro-Industry,PM10,148.41,0.93,18118.0,258722.0,3354.0,816060.0,No,Moderate,Good,66.94,80.62,9.68,69.89,0.32,10.33,139.51
2016,Amritsar,Punjab,Summer,Beas,Agro-Industry,O3,141.3,1.34,30494.5,258722.0,3354.0,816060.0,No,Moderate,Acceptable,66.3,81.96,79.24,33.47,2.37,139.67,132.82
2016,Amritsar,Punjab,Summer,Beas,Agro-Industry,PM10,140.95,1.23,25583.0,258722.0,3354.0,816060.0,No,Moderate,Acceptable,81.06,97.75,24.14,62.2,4.08,62.71,132.49
2016,Amritsar,Punjab,Winter,Beas,Agro-Industry,O3,162.44,1.2,32327.0,258722.0,3354.0,816060.0,No,Moderate,Acceptable,78.65,106.8,69.44,41.82,2.92,156.44,152.69
2016,Amritsar,Punjab,Winter,Beas,Agro-Industry,PM10,173.15,1.26,33441.0,258722.0,3354.0,816060.0,No,Moderate,Acceptable,81.57,99.21,92.42,54.39,0.72,15.36,162.76
2016,Bengaluru,Karnataka,Monsoon,Arkavathi,Agro-Industry,NO2,49.0,4.44,157459.0,6251590.0,4703.0,2727449.5,No,Good,Heavily Polluted,17.15,26.07,31.6,4.74,0.4,17.13,46.06
2016,Bengaluru,Karnataka,Monsoon,Arkavathi,Agro-Industry,O3,138.0,4.44,157459.0,6251590.0,4703.0,2727449.5,No,Satisfactory,Heavily Polluted,22.78,24.24,18.84,1.82,2.75,47.32,129.72
2016,Bengaluru,Karnataka,Monsoon,Arkavathi,Agro-Industry,PM10,66.85,4.7,166563.07,6275847.2,4712.0,2783691.49,No,Good,Heavily Polluted,25.99,62.34,20.68,3.51,2.01,21.24,62.84
2016,Bengaluru,Karnataka,Monsoon,Arkavathi,Agro-Industry,PM2.5,59.0,4.66,159599.45,6269632.55,4702.32,2773621.36,No,Good,Heavily Polluted,52.57,23.61,16.0,2.74,0.59,22.6,55.46
2016,Bengaluru,Karnataka,Monsoon,Arkavathi,Power,NO2,66.0,4.33,181004.0,6251590.0,4741.0,2727449.5,No,Satisfactory,Heavily Polluted,26.7,21.82,56.7,2.77,0.48,17.42,62.04
2016,Bengaluru,Karnataka,Monsoon,Arkavathi,Power,O3,176.0,4.33,181004.0,6251590.0,4741.0,2727449.5,No,Poor,Heavily Polluted,24.93,26.32,17.24,2.09,5.06,42.51,165.44
2016,Bengaluru,Karnataka,Monsoon,Arkavathi,Power,PM10,62.83,4.33,181004.0,6251590.0,4741.0,2727449.5,No,Moderate,Heavily Polluted,18.67,60.01,16.94,2.51,1.13,19.92,59.06
2016,Bengaluru,Karnataka,Monsoon,Arkavathi,Power,PM2.5,185.0,4.33,181004.0,6251590.0,4741.0,2727449.5,No,Satisfactory,Heavily Polluted,136.84,28.08,10.28,3.24,4.22,17.42,173.9
2016,Bengaluru,Karnataka,Post-Monsoon,Arkavathi,Agro-Industry,PM10,113.7,3.93,157459.0,6345776.15,4751.81,2750956.95,No,Moderate,Heavily Polluted,49.38,129.71,33.81,5.48,0.95,30.55,106.88
2016,Bengaluru,Karnataka,Summer,Arkavathi,Agro-Industry,PM10,142.0,4.11,181004.0,6284668.0,4732.0,2793715.0,No,Moderate,Heavily Polluted,57.22,157.26,34.44,3.27,0.96,49.48,133.48
2016,Bengaluru,Karnataka,Summer,Arkavathi,Agro-Industry,PM2.5,253.0,4.11,181004.0,6284668.0,4732.0,2793715.0,No,Poor,Heavily Polluted,239.54,189.8,14.6,1.57,1.2,47.32,237.82
2016,Bengaluru,Karnataka,Summer,Arkavathi,Power,NO2,107.0,3.91,388314.0,6284668.0,4671.5,2815774.5,No,Moderate,Heavily Polluted,26.43,42.02,75.84,2.89,0.6,52.09,100.58
2016,Bengaluru,Karnataka,Summer,Arkavathi,Power,O3,68.0,3.91,388314.0,6284668.0,4671.5,2815774.5,No,Satisfactory,Heavily Polluted,30.07,42.35,19.47,4.06,0.64,55.49,63.92
2016,Bengaluru,Karnataka,Summer,Arkavathi,Power,PM10,104.74,4.13,243679.12,6284668.0,4677.08,2815774.5,No,Moderate,Heavily Polluted,37.77,122.64,21.68,4.05,0.94,48.39,98.46
2016,Bengaluru,Karnataka,Summer,Arkavathi,Power,PM2.5,67.4,3.91,388314.0,6284668.0,4671.5,2815774.5,No,Moderate,Heavily Polluted,69.44,44.37,15.58,4.0,0.74,36.75,63.36
2016,Bengaluru,Karnataka,Winter,Arkavathi,Agro-Industry,PM10,126.88,4.18,173061.11,6336867.11,4674.76,2781197.27,No,Moderate,Heavily Polluted,55.88,136.0,45.83,7.35,1.16,28.91,119.27
2016,Bengaluru,Karnataka,Winter,Arkavathi,Agro-Industry,PM2.5,172.88,4.12,178060.88,6282892.88,4731.31,2746773.31,No,Moderate,Heavily Polluted,96.44,71.32,41.84,9.26,0.9,21.8,162.51
2016,Bhopal,Madhya Pradesh,Monsoon,Betwa,Manufacturing,NO2,123.91,0.68,34944.0,27155.0,11390.0,422026.0,No,Moderate,Good,60.65,68.99,120.29,63.99,0.86,24.93,116.48
2016,Bhopal,Madhya Pradesh,Monsoon,Betwa,Manufacturing,O3,124.27,1.64,25839.0,27155.0,11390.0,422026.0,No,Moderate,Acceptable,54.19,69.96,69.67,40.02,1.63,146.95,116.81
2016,Bhopal,Madhya Pradesh,Post-Monsoon,Betwa,Manufacturing,O3,135.48,1.2,30202.0,27155.0,11390.0,422026.0,No,Moderate,Good,68.25,92.41,41.1,41.84,4.16,170.76,127.35
2016,Bhopal,Madhya Pradesh,Summer,Betwa,Manufacturing,O3,121.31,1.21,30035.0,27155.0,11390.0,422026.0,No,Moderate,Acceptable,63.49,76.17,89.07,45.04,2.23,159.49,114.03
2016,Bhopal,Madhya Pradesh,Winter,Betwa,Manufacturing,PM10,147.25,1.23,27119.0,27155.0,11390.0,422026.0,No,Moderate,Polluted,75.4,88.52,57.87,42.07,2.07,44.63,138.42
2016,Brajrajnagar,Odisha,Monsoon,Ib,Coal/Power,NO2,102.08,0.65,33611.0,234703.0,7777.0,71515.0,No,Moderate,Good,47.18,66.73,68.5,19.99,4.83,58.1,95.96
2016,Brajrajnagar,Odisha,Monsoon,Ib,Coal/Power,O3,103.3,1.16,19250.0,234703.0,7777.0,71515.0,No,Moderate,Good,53.14,56.73,99.84,55.35,3.24,158.62,97.1
2016,Brajrajnagar,Odisha,Monsoon,Ib,Coal/Power,PM10,104.09,1.55,2135.0,234703.0,7777.0,71515.0,No,Moderate,Acceptable,51.21,67.75,16.8,42.18,1.32,61.07,97.84
2016,Brajrajnagar,Odisha,Post-Monsoon,Ib,Coal/Power,O3,118.0,1.44,40242.5,234703.0,7777.0,71515.0,No,Moderate,Acceptable,57.91,75.19,60.54,49.44,2.82,154.95,110.92
2016,Brajrajnagar,Odisha,Summer,Ib,Coal/Power,NO2,103.33,1.65,13368.0,234703.0,7777.0,71515.0,No,Moderate,Acceptable,52.25,74.2,102.93,72.0,0.4,16.75,97.13
2016,Brajrajnagar,Odisha,Summer,Ib,Coal/Power,O3,102.78,1.32,43165.0,234703.0,7777.0,71515.0,No,Satisfactory,Acceptable,53.96,58.7,34.26,76.88,1.78,172.96,96.61
2016,Brajrajnagar,Odisha,Winter,Ib,Coal/Power,NO2,97.89,1.28,22831.0,234703.0,7777.0,71515.0,No,Satisfactory,Acceptable,59.06,59.25,125.07,82.33,2.95,32.84,92.02
2016,Brajrajnagar,Odisha,Winter,Ib,Coal/Power,O3,133.27,0.8,12608.5,234703.0,7777.0,71515.0,No,Moderate,Good,63.14,90.98,34.94,35.12,2.73,144.36,125.27
2016,Chandigarh,Chandigarh,Monsoon,Sukhna,Manufacturing,O3,107.77,1.21,20852.0,258722.0,3354.0,1162844.0,No,Moderate,Acceptable,61.32,68.3,62.93,38.54,3.03,122.46,101.3
2016,Chandigarh,Chandigarh,Monsoon,Sukhna,Manufacturing,PM10,110.94,1.08,10442.0,258722.0,3354.0,1162844.0,No,Moderate,Acceptable,57.55,80.89,43.15,44.4,0.49,59.53,104.28
2016,Chandigarh,Chandigarh,Post-Monsoon,Sukhna,Manufacturing,O3,143.07,1.84,47013.0,258722.0,3354.0,1162844.0,No,Moderate,Acceptable,73.56,101.39,39.93,43.94,3.61,109.58,134.49
2016,Chandigarh,Chandigarh,Post-Monsoon,Sukhna,Manufacturing,PM10,111.08,0.93,18118.0,258722.0,3354.0,1162844.0,No,Moderate,Good,51.99,66.81,7.47,53.77,0.27,9.11,104.42
2016,Chandigarh,Chandigarh,Summer,Sukhna,Manufacturing,O3,113.59,1.3,30494.5,258722.0,3354.0,1162844.0,No,Moderate,Acceptable,53.06,62.95,66.14,26.82,1.9,105.41,106.77
2016,Chandigarh,Chandigarh,Summer,Sukhna,Manufacturing,PM10,110.79,1.22,25583.0,258722.0,3354.0,1162844.0,No,Moderate,Acceptable,60.79,78.02,20.92,49.72,3.0,48.5,104.14
2016,Chandigarh,Chandigarh,Winter,Sukhna,Manufacturing,O3,124.72,1.21,32327.0,258722.0,3354.0,1162844.0,No,Moderate,Acceptable,63.92,84.82,54.17,32.04,2.09,125.68,117.24
2016,Chandigarh,Chandigarh,Winter,Sukhna,Manufacturing,PM10,146.7,1.27,33441.0,258722.0,3354.0,1162844.0,No,Moderate,Acceptable,65.01,79.22,76.46,44.87,0.6,13.22,137.9
2016,Chennai,Tamil Nadu,Monsoon,Cooum,Manufacturing,O3,110.43,4.87,141759.93,4967576.96,28350.29,17752194.21,No,Moderate,Severely Polluted,37.06,36.98,11.98,3.98,1.08,46.81,103.8
2016,Chennai,Tamil Nadu,Monsoon,Cooum,Manufacturing,PM10,147.43,4.93,142195.25,4953106.49,28320.03,17844848.09,No,Satisfactory,Severely Polluted,29.9,38.91,16.6,3.75,2.12,19.22,138.58
2016,Chennai,Tamil Nadu,Monsoon,Cooum,Manufacturing,PM2.5,109.98,4.83,141871.65,4989839.23,28386.6,17707394.54,No,Moderate,Severely Polluted,48.37,36.1,14.37,4.74,1.51,25.29,103.38
2016,Chennai,Tamil Nadu,Post-Monsoon,Cooum,Manufacturing,O3,148.8,4.89,149471.6,4948283.0,28060.4,17525705.6,No,Satisfactory,Severely Polluted,60.05,55.95,25.89,11.91,0.09,68.12,139.87
2016,Chennai,Tamil Nadu,Post-Monsoon,Cooum,Manufacturing,PM10,94.72,4.7,149024.48,4948283.0,28258.22,17667334.28,No,Moderate,Severely Polluted,47.33,63.05,23.21,3.69,0.05,30.35,89.04
2016,Chennai,Tamil Nadu,Post-Monsoon,Cooum,Manufacturing,PM2.5,184.84,4.74,149119.03,4948283.0,28216.39,17637384.13,No,Satisfactory,Severely Polluted,84.62,61.55,25.13,7.06,0.17,48.93,173.75
2016,Chennai,Tamil Nadu,Summer,Cooum,Manufacturing,PM10,131.18,4.7,135217.36,4941382.45,28472.8,17593359.0,No,Moderate,Severely Polluted,57.89,179.58,14.46,4.06,1.08,38.9,123.31
2016,Chennai,Tamil Nadu,Summer,Cooum,Manufacturing,PM2.5,155.06,4.69,148478.0,4948283.0,28903.0,17593359.0,No,Moderate,Severely Polluted,70.69,31.58,10.09,3.79,1.05,28.69,145.76
2016,Chennai,Tamil Nadu,Winter,Cooum,Manufacturing,PM10,115.17,4.46,143539.67,4933950.14,28737.69,17787124.83,No,Moderate,Severely Polluted,49.68,60.98,15.54,5.1,0.99,31.95,108.26
2016,Chennai,Tamil Nadu,Winter,Cooum,Manufacturing,PM2.5,164.35,4.5,141270.7,4935805.46,28525.65,17728022.51,No,Moderate,Severely Polluted,77.97,62.2,18.32,4.38,1.02,28.9,154.49
2016,Coimbatore,Tamil Nadu,Monsoon,Noyyal,Manufacturing,NO2,135.05,1.02,14624.0,49842.0,4686.0,5788413.0,No,Moderate,Acceptable,80.19,99.71,120.5,31.14,1.28,25.24,126.95
2016,Coimbatore,Tamil Nadu,Monsoon,Noyyal,Manufacturing,O3,136.68,0.79,13871.0,49842.0,4686.0,5788413.0,No,Moderate,Good,73.59,84.26,57.44,28.81,2.41,156.56,128.48
2016,Coimbatore,Tamil Nadu,Monsoon,Noyyal,Manufacturing,PM10,135.44,1.11,30504.0,49842.0,4686.0,5788413.0,No,Moderate,Acceptable,66.64,99.98,74.04,64.22,2.21,74.12,127.31
2016,Coimbatore,Tamil Nadu,Post-Monsoon,Noyyal,Manufacturing,O3,155.06,1.56,32947.5,49842.0,4686.0,5788413.0,No,Moderate,Acceptable,84.79,100.66,31.72,63.36,4.24,111.08,145.76
2016,Coimbatore,Tamil Nadu,Summer,Noyyal,Manufacturing,O3,130.43,0.75,31482.0,49842.0,4686.0,5788413.0,No,Moderate,Good,85.17,93.76,29.31,4.77,4.11,125.46,122.6
2016,Coimbatore,Tamil Nadu,Summer,Noyyal,Manufacturing,PM10,133.13,1.04,30006.5,49842.0,4686.0,5788413.0,No,Moderate,Acceptable,63.61,89.49,59.26,41.74,2.0,82.79,125.14
2016,Coimbatore,Tamil Nadu,Winter,Noyyal,Manufacturing,PM10,162.39,1.32,20281.0,49842.0,4686.0,5788413.0,No,Moderate,Acceptable,86.85,109.63,50.19,34.02,2.02,55.42,152.65
2016,Delhi,Delhi,Monsoon,Yamuna,Manufacturing,O3,150.1,5.74,492402.05,10009188.5,12126.3,2984860.3,No,Moderate,Severely Polluted,45.42,67.47,41.46,10.44,1.44,81.72,141.09
2016,Delhi,Delhi,Monsoon,Yamuna,Manufacturing,PM10,197.29,5.73,378537.81,10056650.86,12100.06,2983061.36,No,Poor,Severely Polluted,62.63,149.38,41.89,10.36,1.73,64.36,185.45
2016,Delhi,Delhi,Monsoon,Yamuna,Manufacturing,PM2.5,178.5,5.74,275684.0,10064966.38,12135.75,2993238.62,No,Moderate,Severely Polluted,68.19,48.55,24.97,8.03,2.8,38.03,167.79
2016,Delhi,Delhi,Post-Monsoon,Yamuna,Manufacturing,PM10,442.43,5.61,268501.15,10022759.74,12050.21,2922298.47,No,Very Poor,Severely Polluted,235.79,399.15,102.22,25.17,1.53,81.54,415.88
2016,Delhi,Delhi,Summer,Yamuna,Manufacturing,O3,171.5,5.68,247416.0,10121852.0,12281.0,2974390.0,No,Moderate,Severely Polluted,54.59,57.3,46.48,16.6,0.8,74.06,161.21
2016,Delhi,Delhi,Summer,Yamuna,Manufacturing,PM10,264.77,5.67,261864.09,10096569.5,12262.44,2964336.32,No,Very Poor,Severely Polluted,103.15,217.22,54.35,22.93,1.42,79.71,248.88
2016,Delhi,Delhi,Winter,Yamuna,Manufacturing,PM10,389.54,5.73,276957.77,10121852.0,12228.11,2967543.53,No,Severe,Severely Polluted,213.46,362.39,76.69,21.88,1.69,86.96,366.17
2016,Ernakulam,Kerala,Monsoon,Periyar,Shipping/Refinery,PM10,205.0,1.31,25956.0,84121.0,7326.0,630925.0,No,Poor,Acceptable,97.92,126.03,30.76,36.08,1.78,67.95,192.7
2016,Ernakulam,Kerala,Post-Monsoon,Periyar,Shipping/Refinery,PM10,231.14,0.9,30744.5,84121.0,7326.0,630925.0,No,Poor,Good,99.09,149.38,60.04,40.68,1.28,81.38,217.27
2016,Ernakulam,Kerala,Summer,Periyar,Shipping/Refinery,PM10,197.44,0.69,28502.33,84121.0,7326.0,630925.0,No,Moderate,Good,98.58,126.04,63.54,33.11,2.72,92.11,185.59
2016,Ernakulam,Kerala,Winter,Periyar,Shipping/Refinery,PM10,236.77,0.87,33460.33,84121.0,7326.0,630925.0,No,Poor,Acceptable,116.89,161.39,67.33,31.59,2.79,27.47,222.56
2016,Gurugram,Haryana,Monsoon,Sahibi,Automobile,PM10,111.05,3.52,775618.67,142679.17,225837.14,2099626.82,No,Satisfactory,Acceptable,51.88,91.58,10.95,2.69,0.4,29.71,104.39
2016,Gurugram,Haryana,Monsoon,Sahibi,Automobile,PM2.5,184.25,3.7,704952.2,145286.2,233157.7,2199103.4,No,Moderate,Acceptable,133.78,95.22,11.55,2.36,0.4,27.23,173.2
2016,Gurugram,Haryana,Post-Monsoon,Sahibi,Automobile,PM10,229.27,3.53,821119.38,142250.48,224867.2,1976803.0,No,Moderate,Acceptable,107.95,241.92,26.71,5.05,0.81,29.26,215.51
2016,Gurugram,Haryana,Post-Monsoon,Sahibi,Automobile,PM2.5,461.05,3.59,778094.09,151599.55,232929.73,2210396.55,No,Poor,Acceptable,398.11,251.7,11.82,6.95,1.1,21.92,433.39
2016,Gurugram,Haryana,Summer,Sahibi,Automobile,PM10,201.75,3.48,762755.01,141335.22,220740.6,2044696.79,No,Severe,Acceptable,86.11,162.41,24.39,11.64,1.16,36.48,189.64
2016,Gurugram,Haryana,Summer,Sahibi,Automobile,PM2.5,365.33,3.42,753692.8,147479.2,235929.4,2127349.87,No,Very Poor,Acceptable,352.84,156.06,33.2,15.14,1.61,29.91,343.41
2016,Gurugram,Haryana,Winter,Sahibi,Automobile,PM10,303.94,3.59,798592.78,146231.3,223535.61,2107572.94,No,Very Poor,Acceptable,143.86,228.17,13.99,8.94,2.48,17.81,285.7
2016,Gurugram,Haryana,Winter,Sahibi,Automobile,PM2.5,396.42,3.66,748462.58,158982.33,217345.75,1939178.5,No,Poor,Acceptable,286.46,237.92,12.06,11.76,8.28,15.09,372.63
2016,Guwahati,Assam,Monsoon,Brahmaputra,Agro-Industry,NO2,188.54,1.45,53145.0,230398.0,3287.0,211352.0,No,Moderate,Acceptable,96.64,114.0,117.6,33.36,1.8,15.24,177.23
2016,Guwahati,Assam,Monsoon,Brahmaputra,Agro-Industry,O3,182.47,1.52,10819.0,230398.0,3287.0,211352.0,No,Moderate,Acceptable,103.78,137.44,9.83,54.37,0.85,140.1,171.52
2016,Guwahati,Assam,Monsoon,Brahmaputra,Agro-Industry,PM10,190.79,1.55,33878.5,230398.0,3287.0,211352.0,No,Moderate,Acceptable,75.26,104.9,48.94,43.46,0.97,62.36,179.34
2016,Guwahati,Assam,Post-Monsoon,Brahmaputra,Agro-Industry,O3,181.11,1.03,32137.0,230398.0,3287.0,211352.0,No,Moderate,Acceptable,110.56,128.87,96.5,5.1,3.17,148.01,170.24
2016,Guwahati,Assam,Post-Monsoon,Brahmaputra,Agro-Industry,PM10,246.27,1.51,33891.0,230398.0,3287.0,211352.0,No,Poor,Acceptable,106.3,141.85,57.33,54.23,3.2,24.87,231.49
2016,Guwahati,Assam,Summer,Brahmaputra,Agro-Industry,NO2,175.43,1.64,8130.0,230398.0,3287.0,211352.0,No,Moderate,Acceptable,97.01,106.36,110.53,36.29,3.7,74.39,164.9
2016,Guwahati,Assam,Summer,Brahmaputra,Agro-Industry,O3,188.55,1.07,51276.0,230398.0,3287.0,211352.0,No,Moderate,Acceptable,89.76,119.35,25.84,48.56,2.98,174.8,177.24
2016,Guwahati,Assam,Summer,Brahmaputra,Agro-Industry,PM10,173.45,1.26,41706.0,230398.0,3287.0,211352.0,No,Moderate,Acceptable,85.39,113.9,29.67,26.16,4.6,100.24,163.04
2016,Guwahati,Assam,Winter,Brahmaputra,Agro-Industry,O3,244.94,0.91,10573.0,230398.0,3287.0,211352.0,No,Poor,Good,125.43,135.2,113.81,55.42,2.11,146.43,230.24
2016,Guwahati,Assam,Winter,Brahmaputra,Agro-Industry,PM10,215.24,1.22,41349.5,230398.0,3287.0,211352.0,No,Moderate,Good,106.43,146.68,60.59,69.15,1.86,104.4,202.33
2016,Hyderabad,Telangana,Monsoon,Musi,Manufacturing,NO2,65.29,4.3,191252.0,5617085.0,19566.0,7393865.0,No,Satisfactory,Heavily Polluted,12.55,30.63,44.74,6.07,0.2,18.7,61.37
2016,Hyderabad,Telangana,Monsoon,Musi,Manufacturing,PM10,106.8,4.21,179194.96,5566415.06,19709.18,7379891.42,No,Satisfactory,Heavily Polluted,19.34,50.77,22.23,7.36,1.11,13.68,100.39
2016,Hyderabad,Telangana,Monsoon,Musi,Manufacturing,PM2.5,187.57,4.29,191252.0,5617085.0,19708.0,7393865.0,No,Moderate,Heavily Polluted,144.82,41.46,9.44,7.05,0.84,10.17,176.32
2016,Hyderabad,Telangana,Monsoon,Musi,Power,PM10,116.15,4.29,417544.5,5721037.0,19658.5,7361861.0,No,Moderate,Heavily Polluted,30.37,43.59,13.22,5.8,0.83,21.21,109.18
2016,Hyderabad,Telangana,Monsoon,Musi,Power,PM2.5,287.75,4.29,417544.5,5721037.0,19658.5,7361861.0,No,Moderate,Heavily Polluted,265.82,43.59,10.59,7.1,0.78,13.05,270.48
2016,Hyderabad,Telangana,Post-Monsoon,Musi,Manufacturing,PM10,125.17,3.86,191252.0,5501034.5,19619.0,7393865.0,No,Moderate,Heavily Polluted,62.72,99.58,39.04,37.59,0.5,64.14,117.66
2016,Hyderabad,Telangana,Post-Monsoon,Musi,Power,NO2,60.83,4.08,191252.0,5617085.0,20341.0,7393865.0,No,Satisfactory,Heavily Polluted,13.55,34.43,41.1,4.63,0.1,26.51,57.18
2016,Hyderabad,Telangana,Post-Monsoon,Musi,Power,PM10,102.64,4.08,191252.0,5617085.0,20341.0,7393865.0,No,Satisfactory,Heavily Polluted,51.87,94.25,58.04,24.34,0.45,36.52,96.48
2016,Hyderabad,Telangana,Summer,Musi,Chemical,PM10,104.48,4.31,136023.0,5617085.0,19860.0,8115714.0,No,Moderate,Heavily Polluted,38.54,73.61,29.53,6.09,0.85,30.99,98.21
2016,Hyderabad,Telangana,Summer,Musi,Power,PM10,114.28,3.81,302543.39,5502936.97,19983.41,7571368.85,No,Moderate,Heavily Polluted,52.41,96.12,21.08,6.54,0.98,42.43,107.42
2016,Hyderabad,Telangana,Winter,Musi,Chemical,PM10,155.46,3.6,163637.5,5617085.0,19926.0,7754789.5,No,Poor,Heavily Polluted,65.7,101.23,10.71,9.16,1.09,43.26,146.13
2016,Hyderabad,Telangana,Winter,Musi,Chemical,PM2.5,249.0,3.6,163637.5,5617085.0,19926.0,7754789.5,No,Very Poor,Heavily Polluted,142.07,105.31,19.47,9.05,1.33,39.9,234.06
2016,Hyderabad,Telangana,Winter,Musi,Manufacturing,PM10,117.8,3.84,178924.1,5617085.0,19728.54,7379577.5,No,Moderate,Heavily Polluted,57.3,98.71,35.83,20.19,0.64,42.48,110.73
2016,Hyderabad,Telangana,Winter,Musi,Manufacturing,PM2.5,298.5,3.98,163637.5,5617085.0,19847.0,7361861.0,No,Moderate,Heavily Polluted,288.83,99.68,15.34,9.18,1.3,28.48,280.59
2016,Jaipur,Rajasthan,Monsoon,Banas,Manufacturing,NO2,153.09,1.09,47896.0,153259.0,11722.0,2354894.0,No,Moderate,Acceptable,73.72,84.41,113.19,60.09,0.35,19.64,143.9
2016,Jaipur,Rajasthan,Monsoon,Banas,Manufacturing,O3,150.3,1.52,33354.0,153259.0,11722.0,2354894.0,No,Moderate,Acceptable,71.21,106.98,86.81,36.42,1.7,168.34,141.28
2016,Jaipur,Rajasthan,Monsoon,Banas,Manufacturing,PM10,141.92,1.08,4936.0,153259.0,11722.0,2354894.0,No,Moderate,Acceptable,87.29,101.99,76.25,12.63,2.95,97.43,133.4
2016,Jaipur,Rajasthan,Post-Monsoon,Banas,Manufacturing,O3,197.51,1.38,45974.0,153259.0,11722.0,2354894.0,No,Moderate,Acceptable,90.08,125.46,111.71,67.2,2.51,162.65,185.66
2016,Jaipur,Rajasthan,Post-Monsoon,Banas,Manufacturing,PM10,152.31,0.71,33609.0,153259.0,11722.0,2354894.0,No,Moderate,Good,79.08,103.21,52.81,31.17,3.3,81.53,143.17
2016,Jaipur,Rajasthan,Summer,Banas,Manufacturing,O3,149.57,0.9,51482.0,153259.0,11722.0,2354894.0,No,Moderate,Good,63.87,107.39,66.21,59.87,4.23,143.73,140.6
2016,Jaipur,Rajasthan,Summer,Banas,Manufacturing,PM10,151.88,1.41,25304.0,153259.0,11722.0,2354894.0,No,Moderate,Acceptable,67.92,105.9,84.9,48.81,2.08,55.04,142.77
2016,Jaipur,Rajasthan,Winter,Banas,Manufacturing,O3,193.63,1.18,31643.0,153259.0,11722.0,2354894.0,No,Moderate,Acceptable,87.95,114.88,49.5,25.15,2.11,133.95,182.01
2016,Jaipur,Rajasthan,Winter,Banas,Manufacturing,PM10,168.74,1.15,27469.0,153259.0,11722.0,2354894.0,No,Moderate,Acceptable,84.7,117.65,41.02,52.82,1.44,39.34,158.62
2016,Jorapokhar,Jharkhand,Monsoon,Damodar,Mining/Coal,NO2,160.68,0.96,11969.5,72621.0,1062.0,68228.0,No,Moderate,Good,86.4,107.8,122.3,31.08,2.84,34.47,151.04
2016,Jorapokhar,Jharkhand,Monsoon,Damodar,Mining/Coal,PM10,158.8,1.48,36795.5,72621.0,1062.0,68228.0,No,Moderate,Acceptable,79.38,119.36,54.51,49.43,3.78,89.7,149.27
2016,Jorapokhar,Jharkhand,Post-Monsoon,Damodar,Mining/Coal,O3,160.31,1.7,51427.0,72621.0,1062.0,68228.0,No,Moderate,Acceptable,69.13,98.76,112.28,11.11,2.98,180.98,150.69
2016,Jorapokhar,Jharkhand,Post-Monsoon,Damodar,Mining/Coal,PM10,205.71,0.36,49344.0,72621.0,1062.0,68228.0,No,Poor,Good,111.28,145.51,118.93,6.71,4.25,106.96,193.37
2016,Jorapokhar,Jharkhand,Summer,Damodar,Mining/Coal,NO2,166.8,2.29,43528.0,72621.0,1062.0,68228.0,No,Moderate,Polluted,66.0,89.89,108.97,35.53,0.72,99.84,156.79
2016,Jorapokhar,Jharkhand,Summer,Damodar,Mining/Coal,O3,159.01,1.13,20499.5,72621.0,1062.0,68228.0,No,Moderate,Acceptable,80.91,95.27,40.24,42.14,3.29,179.5,149.47
2016,Jorapokhar,Jharkhand,Winter,Damodar,Mining/Coal,O3,207.37,1.33,25063.0,72621.0,1062.0,68228.0,No,Poor,Acceptable,99.25,139.5,53.02,13.95,2.24,182.93,194.93
2016,Jorapokhar,Jharkhand,Winter,Damodar,Mining/Coal,PM10,182.12,1.03,43170.5,72621.0,1062.0,68228.0,No,Poor,Acceptable,83.08,125.54,60.26,65.96,2.62,48.82,171.19
2016,Kochi,Kerala,Monsoon,Periyar,Shipping/Refinery,PM10,223.32,1.32,25956.0,84121.0,7326.0,762486.0,No,Poor,Acceptable,111.11,139.52,34.57,39.82,2.04,78.08,209.92
2016,Kochi,Kerala,Post-Monsoon,Periyar,Shipping/Refinery,PM10,253.13,0.9,30744.5,84121.0,7326.0,762486.0,No,Poor,Good,109.2,161.82,64.4,44.79,1.45,86.56,237.94
2016,Kochi,Kerala,Summer,Periyar,Shipping/Refinery,PM10,221.33,0.7,28502.33,84121.0,7326.0,762486.0,No,Poor,Good,111.85,140.16,71.29,36.18,2.97,100.9,208.05
2016,Kochi,Kerala,Winter,Periyar,Shipping/Refinery,PM10,265.47,0.87,33460.33,84121.0,7326.0,762486.0,No,Poor,Acceptable,125.83,183.98,73.04,35.89,3.31,31.41,249.54
2016,Kolkata,West Bengal,Monsoon,Hooghly,Manufacturing,O3,218.82,0.99,24810.0,49066.0,6698.0,12746405.0,No,Poor,Good,92.02,146.86,70.31,81.64,0.6,161.48,205.69
2016,Kolkata,West Bengal,Monsoon,Hooghly,Manufacturing,PM10,226.15,1.26,21964.0,49066.0,6698.0,12746405.0,No,Poor,Acceptable,117.53,153.82,74.5,35.32,3.46,78.68,212.58
2016,Kolkata,West Bengal,Post-Monsoon,Hooghly,Manufacturing,PM10,261.68,1.7,23263.5,49066.0,6698.0,12746405.0,No,Poor,Acceptable,127.27,177.78,89.74,27.4,3.44,97.28,245.98
2016,Kolkata,West Bengal,Summer,Hooghly,Manufacturing,O3,222.58,1.64,31101.0,49066.0,6698.0,12746405.0,No,Poor,Acceptable,134.97,137.1,24.92,35.67,1.85,168.26,209.23
2016,Kolkata,West Bengal,Summer,Hooghly,Manufacturing,PM10,232.77,1.58,8748.0,49066.0,6698.0,12746405.0,No,Poor,Acceptable,129.51,146.5,104.4,14.1,4.42,94.15,218.8
2016,Kolkata,West Bengal,Summer,Hooghly,Manufacturing,PM2.5,226.06,1.46,28848.0,49066.0,6698.0,12746405.0,No,Poor,Acceptable,125.06,121.5,110.17,46.63,3.59,11.39,212.5
2016,Kolkata,West Bengal,Winter,Hooghly,Manufacturing,O3,219.57,0.52,10365.0,49066.0,6698.0,12746405.0,No,Poor,Good,100.57,142.14,12.09,42.56,0.36,178.1,206.4
2016,Kolkata,West Bengal,Winter,Hooghly,Manufacturing,PM10,285.15,1.51,9020.0,49066.0,6698.0,12746405.0,No,Poor,Acceptable,129.91,187.38,14.0,64.49,2.42,58.74,268.04
2016,Lucknow,Uttar Pradesh,Monsoon,Gomti,Agro-Industry,PM10,107.96,2.6,209344.73,2412394.5,1948.57,1005586.11,No,Severe,Acceptable,44.95,97.0,22.36,4.98,2.09,28.76,101.48
2016,Lucknow,Uttar Pradesh,Monsoon,Gomti,Agro-Industry,PM2.5,232.75,2.29,206060.5,2412394.5,1953.31,1006211.0,No,Poor,Acceptable,159.01,97.0,24.33,6.59,2.91,29.58,218.78
2016,Lucknow,Uttar Pradesh,Post-Monsoon,Gomti,Agro-Industry,PM10,123.36,2.63,193983.0,2463320.0,1980.0,1008509.0,No,Satisfactory,Moderately Polluted,62.72,97.0,33.25,4.16,1.51,24.49,115.96
2016,Lucknow,Uttar Pradesh,Post-Monsoon,Gomti,Agro-Industry,PM2.5,356.16,2.28,208476.0,2463320.0,1946.4,1005751.4,No,Poor,Moderately Polluted,205.74,97.0,73.37,8.64,2.37,43.94,334.79
2016,Lucknow,Uttar Pradesh,Summer,Gomti,Agro-Industry,O3,173.0,2.49,193983.0,2463320.0,1987.0,1013275.5,No,Moderate,Acceptable,26.7,97.0,30.61,18.96,1.23,149.19,162.62
2016,Lucknow,Uttar Pradesh,Summer,Gomti,Agro-Industry,PM10,183.46,2.24,202825.46,2435129.1,1956.75,1009364.79,No,Poor,Acceptable,76.24,97.0,36.86,7.09,1.56,57.19,172.45
2016,Lucknow,Uttar Pradesh,Summer,Gomti,Agro-Industry,PM2.5,264.74,1.98,211236.57,2419669.57,1930.43,1007220.21,No,Very Poor,Acceptable,121.61,97.0,47.04,6.46,1.77,66.8,248.86
2016,Lucknow,Uttar Pradesh,Winter,Gomti,Agro-Industry,PM10,200.0,1.86,218138.0,2361469.0,1913.0,1003913.0,No,Poor,Acceptable,84.67,97.0,39.71,4.8,1.27,60.77,188.0
2016,Lucknow,Uttar Pradesh,Winter,Gomti,Agro-Industry,PM2.5,364.26,2.18,218138.0,2397348.33,1944.0,1005532.05,No,Very Poor,Acceptable,204.46,97.0,27.85,8.22,2.44,42.94,342.4
2016,Mumbai,Maharashtra,Monsoon,Ulhas,Manufacturing,PM10,66.62,4.06,227165.0,7446409.36,22207.42,21365379.48,No,Satisfactory,Heavily Polluted,15.25,52.18,15.57,11.42,0.02,18.29,62.62
2016,Mumbai,Maharashtra,Post-Monsoon,Ulhas,Manufacturing,PM10,127.21,3.77,231468.1,7478714.0,21927.82,21435866.93,No,Moderate,Heavily Polluted,51.51,120.8,34.32,15.6,0.0,33.34,119.58
2016,Mumbai,Maharashtra,Summer,Ulhas,Manufacturing,PM10,93.37,3.78,227961.15,7457817.04,22276.77,21535914.82,No,Moderate,Heavily Polluted,21.71,79.65,13.33,15.16,0.0,26.8,87.77
2016,Mumbai,Maharashtra,Winter,Ulhas,Manufacturing,PM10,160.29,3.74,225720.1,7457587.41,22206.66,21734330.31,No,Moderate,Heavily Polluted,68.38,158.86,41.34,13.91,0.0,42.75,150.67
2016,Patna,Bihar,Monsoon,Ganga,Agro-Industry,PM10,128.97,4.52,154212.0,1733410.0,1940.86,391931.0,No,Moderate,Heavily Polluted,50.77,93.61,18.17,5.65,1.32,13.13,121.23
2016,Patna,Bihar,Monsoon,Ganga,Agro-Industry,PM2.5,166.67,4.36,154212.0,1733410.0,1944.33,395689.33,No,Moderate,Heavily Polluted,89.95,64.24,20.75,4.59,1.25,17.69,156.67
2016,Patna,Bihar,Monsoon,Ganga,Power,PM10,112.29,4.38,388796.0,1733410.0,1927.0,390701.0,No,Satisfactory,Heavily Polluted,42.05,57.82,18.89,7.89,1.42,10.58,105.55
2016,Patna,Bihar,Monsoon,Ganga,Power,PM2.5,114.33,4.38,388796.0,1733410.0,1927.0,390701.0,No,Moderate,Heavily Polluted,60.6,57.82,17.06,3.32,1.05,10.94,107.47
2016,Patna,Bihar,Post-Monsoon,Ganga,Manufacturing,PM2.5,397.57,3.73,154212.0,1733410.0,1907.5,385702.0,No,Severe,Heavily Polluted,250.51,103.22,34.02,6.53,2.0,20.79,373.72
2016,Patna,Bihar,Post-Monsoon,Ganga,Power,PM10,206.75,3.49,388796.0,1801765.5,1978.5,390701.0,No,Moderate,Heavily Polluted,68.76,103.22,21.28,9.64,1.45,14.26,194.34
2016,Patna,Bihar,Post-Monsoon,Ganga,Power,PM2.5,296.52,3.49,388796.0,1801765.5,1978.5,390701.0,No,Moderate,Heavily Polluted,164.42,103.22,25.28,6.09,1.39,21.41,278.73
2016,Patna,Bihar,Summer,Ganga,Manufacturing,PM10,173.23,4.09,154212.0,1733410.0,1953.71,388384.39,No,Very Poor,Heavily Polluted,70.98,111.81,21.44,5.97,1.35,24.55,162.84
2016,Patna,Bihar,Summer,Ganga,Manufacturing,PM2.5,295.12,4.12,154212.0,1733410.0,1954.57,387844.43,No,Very Poor,Heavily Polluted,157.89,116.34,16.82,7.97,1.72,24.07,277.41
2016,Patna,Bihar,Summer,Ganga,Power,PM10,162.52,3.64,388796.0,1801765.5,1935.0,390701.0,No,Moderate,Moderately Polluted,67.35,102.23,11.63,7.39,1.3,26.08,152.77
2016,Patna,Bihar,Summer,Ganga,Power,PM2.5,263.0,3.64,388796.0,1801765.5,1935.0,390701.0,No,Poor,Moderately Polluted,115.79,102.23,5.7,9.49,1.67,23.63,247.22
2016,Patna,Bihar,Winter,Ganga,Agro-Industry,PM10,291.14,4.11,149086.23,1732633.61,1927.36,391109.14,No,Very Poor,Heavily Polluted,127.97,180.7,28.98,6.72,1.34,16.64,273.67
2016,Patna,Bihar,Winter,Ganga,Agro-Industry,PM2.5,424.29,4.1,126514.84,1729214.79,1946.58,392906.37,No,Severe,Heavily Polluted,287.42,174.48,36.28,6.99,2.68,15.93,398.83
2016,Patna,Bihar,Winter,Ganga,Manufacturing,PM10,358.27,3.74,154212.0,1733410.0,1935.0,385702.0,No,Very Poor,Heavily Polluted,181.93,203.04,26.49,5.45,2.1,9.74,336.77
2016,Patna,Bihar,Winter,Ganga,Manufacturing,PM2.5,428.2,3.74,154212.0,1733410.0,1935.0,385702.0,No,Severe,Heavily Polluted,299.23,203.04,29.95,7.48,3.07,8.97,402.51
2016,Shillong,Meghalaya,Monsoon,Umiam,Handicrafts,PM10,92.3,1.5,32930.25,230398.0,3287.0,125537.0,No,Satisfactory,Acceptable,45.5,59.77,24.65,21.07,0.57,35.8,86.76
2016,Shillong,Meghalaya,Post-Monsoon,Umiam,Handicrafts,O3,89.85,1.02,32137.0,230398.0,3287.0,125537.0,No,Satisfactory,Acceptable,57.98,56.57,49.9,1.32,1.57,71.17,84.46
2016,Shillong,Meghalaya,Post-Monsoon,Umiam,Handicrafts,PM10,127.44,1.5,33891.0,230398.0,3287.0,125537.0,No,Moderate,Acceptable,50.21,73.21,29.1,28.08,1.56,12.56,119.79
2016,Shillong,Meghalaya,Summer,Umiam,Handicrafts,O3,89.61,1.02,51276.0,230398.0,3287.0,125537.0,No,Satisfactory,Acceptable,40.38,57.25,13.79,26.31,1.49,96.01,84.23
2016,Shillong,Meghalaya,Summer,Umiam,Handicrafts,PM10,92.02,1.42,24918.0,230398.0,3287.0,125537.0,No,Satisfactory,Acceptable,45.82,56.89,32.66,15.53,2.06,43.8,86.5
2016,Shillong,Meghalaya,Winter,Umiam,Handicrafts,O3,111.17,0.95,10573.0,230398.0,3287.0,125537.0,No,Moderate,Good,62.96,66.79,55.28,25.38,1.05,86.72,104.5
2016,Shillong,Meghalaya,Winter,Umiam,Handicrafts,PM10,108.86,1.21,41349.5,230398.0,3287.0,125537.0,No,Satisfactory,Good,53.78,82.15,28.23,35.23,0.89,53.55,102.33
2016,Talcher,Odisha,Monsoon,Brahmani,Thermal Power,O3,183.48,1.22,12659.0,72703.0,10095.0,183971.0,No,Moderate,Good,102.04,117.52,43.5,36.14,1.2,178.92,172.47
2016,Talcher,Odisha,Monsoon,Brahmani,Thermal Power,PM10,191.62,0.81,42657.0,72703.0,10095.0,183971.0,No,Moderate,Good,82.75,123.13,12.56,72.24,4.35,94.68,180.12
2016,Talcher,Odisha,Monsoon,Brahmani,Thermal Power,PM2.5,192.45,1.19,27932.0,72703.0,10095.0,183971.0,No,Moderate,Acceptable,107.24,102.36,103.29,16.13,2.62,93.81,180.9
2016,Talcher,Odisha,Post-Monsoon,Brahmani,Thermal Power,O3,179.64,1.35,44108.0,72703.0,10095.0,183971.0,No,Moderate,Acceptable,78.23,127.79,113.33,18.56,4.57,182.25,168.86
2016,Talcher,Odisha,Post-Monsoon,Brahmani,Thermal Power,PM10,244.83,1.61,37355.0,72703.0,10095.0,183971.0,No,Poor,Acceptable,109.52,168.49,31.67,82.22,4.91,147.61,230.14
2016,Talcher,Odisha,Summer,Brahmani,Thermal Power,O3,182.79,0.82,37560.0,72703.0,10095.0,183971.0,No,Moderate,Acceptable,91.5,113.96,60.15,17.75,4.03,127.94,171.82
2016,Talcher,Odisha,Summer,Brahmani,Thermal Power,PM10,177.02,1.57,8801.0,72703.0,10095.0,183971.0,No,Moderate,Acceptable,101.2,120.56,90.29,7.46,0.81,32.62,166.4
2016,Talcher,Odisha,Winter,Brahmani,Thermal Power,PM10,219.12,1.11,21038.0,72703.0,10095.0,183971.0,No,Poor,Acceptable,114.09,149.99,107.95,49.03,1.96,91.39,205.97
2016,Thiruvananthapuram,Kerala,Monsoon,Karamana,IT/Electronics,O3,137.31,1.28,22715.67,205952.0,12633.0,886792.0,No,Moderate,Acceptable,71.86,89.49,57.16,37.47,3.51,118.04,129.07
2016,Thiruvananthapuram,Kerala,Monsoon,Karamana,IT/Electronics,PM10,139.44,1.14,46276.0,205952.0,12633.0,886792.0,No,Moderate,Acceptable,58.81,97.53,58.9,38.59,3.7,67.17,131.07
2016,Thiruvananthapuram,Kerala,Post-Monsoon,Karamana,IT/Electronics,O3,129.26,1.42,32329.0,205952.0,12633.0,886792.0,No,Moderate,Acceptable,52.97,96.59,49.45,21.65,2.7,157.15,121.5
2016,Thiruvananthapuram,Kerala,Post-Monsoon,Karamana,IT/Electronics,PM10,179.68,1.55,16304.0,205952.0,12633.0,886792.0,No,Moderate,Acceptable,101.16,114.47,70.09,29.89,1.92,101.78,168.9
2016,Thiruvananthapuram,Kerala,Summer,Karamana,IT/Electronics,PM10,126.03,1.08,41693.0,205952.0,12633.0,886792.0,No,Moderate,Acceptable,69.26,87.86,54.3,21.46,2.88,34.44,118.47
2016,Thiruvananthapuram,Kerala,Winter,Karamana,IT/Electronics,O3,162.36,1.34,20652.33,205952.0,12633.0,886792.0,No,Moderate,Acceptable,77.67,102.52,56.66,49.41,3.0,141.46,152.62
2016,Visakhapatnam,Andhra Pradesh,Monsoon,Gosthani,Manufacturing,O3,72.0,3.49,283799.0,1794150.0,560.0,157238.0,No,Satisfactory,Moderately Polluted,15.35,29.43,14.38,14.41,0.62,38.79,67.68
2016,Visakhapatnam,Andhra Pradesh,Monsoon,Gosthani,Manufacturing,PM10,95.48,3.49,283799.0,1794150.0,560.0,157238.0,No,Satisfactory,Moderately Polluted,39.11,76.42,34.85,24.58,0.86,35.17,89.75
2016,Visakhapatnam,Andhra Pradesh,Monsoon,Gosthani,Mining,NO2,167.53,0.97,14380.0,123878.0,2365.0,166672.0,No,Moderate,Good,74.83,99.4,120.66,55.98,1.12,107.56,157.48
2016,Visakhapatnam,Andhra Pradesh,Monsoon,Gosthani,Mining,PM10,96.94,4.08,283799.0,1794150.0,571.0,157238.0,No,Satisfactory,Heavily Polluted,29.51,82.55,43.2,16.97,0.98,30.38,91.12
2016,Visakhapatnam,Andhra Pradesh,Monsoon,Gosthani,Power,O3,58.67,3.46,861483.0,1784607.5,563.0,156441.0,No,Satisfactory,Heavily Polluted,9.67,34.21,12.87,11.87,0.44,41.07,55.15
2016,Visakhapatnam,Andhra Pradesh,Monsoon,Gosthani,Power,PM10,93.04,3.46,861483.0,1784607.5,563.0,156441.0,No,Moderate,Heavily Polluted,29.31,86.84,35.21,34.21,0.97,32.88,87.46
2016,Visakhapatnam,Andhra Pradesh,Monsoon,Gosthani,Power,SO2,67.0,3.46,861483.0,1784607.5,563.0,156441.0,No,Satisfactory,Heavily Polluted,16.53,44.53,29.24,46.26,0.94,16.92,62.98
2016,Visakhapatnam,Andhra Pradesh,Post-Monsoon,Gosthani,Manufacturing,PM10,112.3,2.93,283799.0,1794150.0,570.16,157238.0,No,Satisfactory,Moderately Polluted,57.23,97.33,49.41,17.32,1.18,44.04,105.56
2016,Visakhapatnam,Andhra Pradesh,Summer,Gosthani,Mining,O3,163.0,1.41,46235.0,123878.0,2365.0,166672.0,No,Moderate,Acceptable,87.75,121.13,64.9,47.75,1.01,166.85,153.22
2016,Visakhapatnam,Andhra Pradesh,Summer,Gosthani,Mining,PM10,170.18,1.34,42028.5,123878.0,2365.0,166672.0,No,Moderate,Acceptable,72.44,101.46,51.03,43.71,1.1,79.81,159.97
2016,Visakhapatnam,Andhra Pradesh,Winter,Gosthani,Manufacturing,O3,104.33,2.73,283799.0,1794150.0,573.0,157238.0,No,Satisfactory,Moderately Polluted,46.53,73.4,24.24,31.5,0.99,83.0,98.07
2016,Visakhapatnam,Andhra Pradesh,Winter,Gosthani,Manufacturing,PM10,118.89,2.73,283799.0,1794150.0,573.0,157238.0,No,Moderate,Moderately Polluted,61.07,101.42,48.66,18.99,1.37,68.55,111.76
2016,Visakhapatnam,Andhra Pradesh,Winter,Gosthani,Mining,NO2,175.09,1.5,14183.0,123878.0,2365.0,166672.0,No,Moderate,Acceptable,100.68,103.33,112.52,50.84,0.3,21.43,164.58
2016,Visakhapatnam,Andhra Pradesh,Winter,Gosthani,Mining,PM10,218.31,1.33,24587.0,123878.0,2365.0,166672.0,No,Poor,Acceptable,102.81,161.63,25.94,47.77,0.38,118.44,205.21
2017,Ahmedabad,Gujarat,Monsoon,Sabarmati,Chemical,PM10,354.79,2.53,203664.01,4855510.98,10383.36,6049201.98,No,Poor,Moderately Polluted,39.51,111.24,37.44,24.1,16.39,19.1,333.5
2017,Ahmedabad,Gujarat,Post-Monsoon,Sabarmati,Chemical,CO,459.0,1.76,211877.0,4838080.0,10370.0,6035333.0,No,Severe,Acceptable,79.49,138.99,28.34,62.62,175.81,18.21,431.46
2017,Ahmedabad,Gujarat,Post-Monsoon,Sabarmati,Chemical,NO2,901.0,1.82,211877.0,4838080.0,10524.5,6091733.5,No,Severe,Acceptable,72.67,102.82,108.74,106.41,42.99,27.74,846.94
2017,Ahmedabad,Gujarat,Post-Monsoon,Sabarmati,Chemical,PM10,499.09,1.77,211877.0,4838080.0,10388.18,6041968.35,No,Severe,Acceptable,89.57,134.73,52.58,56.7,25.41,36.71,469.14
2017,Ahmedabad,Gujarat,Post-Monsoon,Sabarmati,Chemical,PM2.5,795.88,1.82,211877.0,4838080.0,10524.5,6091733.5,No,Severe,Acceptable,138.16,102.82,84.37,116.68,39.44,44.98,748.13
2017,Ahmedabad,Gujarat,Post-Monsoon,Sabarmati,Chemical,SO2,765.29,1.82,211877.0,4838080.0,10524.5,6091733.5,No,Severe,Acceptable,93.94,102.82,98.74,120.29,39.49,51.59,719.37
2017,Ahmedabad,Gujarat,Summer,Sabarmati,Chemical,PM10,329.03,1.78,211877.0,4884310.0,10553.64,6035333.0,No,Severe,Acceptable,65.1,92.99,37.75,48.73,10.78,42.66,309.29
2017,Ahmedabad,Gujarat,Winter,Sabarmati,Chemical,O3,174.0,2.06,211877.0,4828070.0,10408.0,6035333.0,No,Moderate,Acceptable,65.93,102.4,45.55,99.74,5.7,105.69,163.56
2017,Ahmedabad,Gujarat,Winter,Sabarmati,Chemical,PM10,451.23,2.02,226770.54,4832017.61,10534.24,6054379.83,No,Severe,Acceptable,75.59,119.14,60.04,63.58,18.5,46.57,424.16
2017,Ahmedabad,Gujarat,Winter,Sabarmati,Chemical,SO2,456.56,2.06,211877.0,4828070.0,10408.0,6035333.0,No,Severe,Acceptable,80.91,102.4,82.72,112.4,18.9,64.28,429.17
2017,Aizawl,Mizoram,Monsoon,Tlawng,Handicrafts,O3,89.46,1.1,26744.67,232599.0,3326.0,78567.0,No,Satisfactory,Acceptable,42.53,60.36,36.23,19.83,0.99,66.97,84.09
2017,Aizawl,Mizoram,Monsoon,Tlawng,Handicrafts,PM10,92.96,1.36,43858.0,232599.0,3326.0,78567.0,No,Satisfactory,Acceptable,48.34,60.76,33.14,16.67,0.8,22.64,87.38
2017,Aizawl,Mizoram,Post-Monsoon,Tlawng,Handicrafts,PM10,92.04,1.66,28460.0,232599.0,3326.0,78567.0,No,Satisfactory,Acceptable,57.4,73.3,38.74,12.18,0.99,35.41,86.52
2017,Aizawl,Mizoram,Summer,Tlawng,Handicrafts,PM10,82.07,1.34,30808.0,232599.0,3326.0,78567.0,No,Satisfactory,Acceptable,41.8,52.11,27.67,9.42,1.28,45.26,77.15
2017,Aizawl,Mizoram,Winter,Tlawng,Handicrafts,O3,85.68,0.95,27416.0,232599.0,3326.0,78567.0,No,Satisfactory,Good,36.82,51.54,16.63,32.78,0.89,64.11,80.54
2017,Aizawl,Mizoram,Winter,Tlawng,Handicrafts,PM10,115.0,1.15,22908.0,232599.0,3326.0,78567.0,No,Moderate,Acceptable,50.13,70.62,40.56,23.96,1.76,56.58,108.1
2017,Amaravati,Andhra Pradesh,Monsoon,Krishna,Agro-processing,O3,157.44,1.36,25829.5,127610.0,2431.0,358760.0,No,Moderate,Good,67.74,86.64,71.31,37.06,2.24,127.22,147.99
2017,Amaravati,Andhra Pradesh,Monsoon,Krishna,Agro-processing,PM10,156.39,1.14,18911.0,127610.0,2431.0,358760.0,No,Moderate,Acceptable,78.99,105.77,48.5,32.61,2.65,70.91,147.01
2017,Amaravati,Andhra Pradesh,Post-Monsoon,Krishna,Agro-processing,O3,175.22,2.5,168543.25,55875.5,79966.5,256565.25,No,Moderate,Acceptable,70.25,113.41,21.88,22.3,0.17,132.86,164.71
2017,Amaravati,Andhra Pradesh,Post-Monsoon,Krishna,Agro-processing,PM10,170.75,3.06,140801.5,33518.25,84612.0,248066.75,No,Moderate,Acceptable,77.73,123.74,25.18,20.46,0.13,112.06,160.5
2017,Amaravati,Andhra Pradesh,Summer,Krishna,Agro-processing,O3,156.26,1.07,13973.0,127610.0,2431.0,358760.0,No,Moderate,Acceptable,81.09,95.11,46.37,32.14,2.92,144.75,146.88
2017,Amaravati,Andhra Pradesh,Summer,Krishna,Agro-processing,PM10,151.91,1.08,11202.0,127610.0,2431.0,358760.0,No,Moderate,Good,82.29,103.23,69.55,50.64,3.54,22.64,142.8
2017,Amaravati,Andhra Pradesh,Winter,Krishna,Agro-processing,O3,191.0,2.65,168185.0,50519.0,97516.0,216196.0,No,Moderate,Acceptable,73.96,113.56,19.29,13.9,0.1,123.8,179.54
2017,Amaravati,Andhra Pradesh,Winter,Krishna,Agro-processing,PM10,193.01,2.48,176725.94,45205.91,101054.97,244749.0,No,Poor,Acceptable,86.97,142.99,39.59,16.05,0.21,72.14,181.43
2017,Amritsar,Punjab,Monsoon,Beas,Agro-Industry,PM10,96.8,2.68,277453.0,1795053.98,4507.3,769868.0,No,Satisfactory,Moderately Polluted,36.68,100.7,13.09,6.07,0.31,11.92,90.99
2017,Amritsar,Punjab,Monsoon,Beas,Manufacturing,PM10,122.97,2.37,253007.72,1848416.13,4549.77,768111.67,No,Satisfactory,Acceptable,50.11,134.71,18.11,4.68,0.41,11.18,115.59
2017,Amritsar,Punjab,Post-Monsoon,Beas,Agro-Industry,PM10,247.51,1.78,277453.0,1827483.0,4558.28,769868.0,No,Poor,Acceptable,114.44,236.18,27.84,6.61,1.18,23.7,232.66
2017,Amritsar,Punjab,Summer,Beas,Agro-Industry,NO2,45.0,1.61,277453.0,1827483.0,4482.0,769868.0,No,Good,Acceptable,16.38,25.27,31.72,3.28,0.0,23.22,42.3
2017,Amritsar,Punjab,Summer,Beas,Agro-Industry,O3,49.0,1.61,277453.0,1827483.0,4482.0,769868.0,No,Good,Acceptable,24.3,27.21,21.26,3.13,0.0,31.65,46.06
2017,Amritsar,Punjab,Summer,Beas,Agro-Industry,PM10,80.73,1.72,277453.0,1803875.21,4532.17,789684.67,No,Moderate,Acceptable,40.84,84.3,19.21,7.76,0.08,21.41,75.89
2017,Amritsar,Punjab,Summer,Beas,Agro-Industry,PM2.5,225.38,1.83,277453.0,1819240.62,4570.5,776786.75,No,Poor,Acceptable,411.38,126.05,17.5,11.02,0.0,19.26,211.86
2017,Amritsar,Punjab,Summer,Beas,Agro-Industry,SO2,31.0,1.72,277453.0,1761544.0,4546.0,825218.0,No,Good,Acceptable,19.52,21.88,6.02,26.24,0.43,11.53,29.14
2017,Amritsar,Punjab,Winter,Beas,Agro-Industry,NO2,174.32,0.71,25930.0,259080.0,3361.0,865024.0,No,Moderate,Good,105.84,109.32,118.85,37.26,4.05,42.56,163.86
2017,Amritsar,Punjab,Winter,Beas,Agro-Industry,PM10,213.97,1.88,277453.0,1763604.59,4611.66,769868.0,No,Moderate,Acceptable,93.51,186.81,25.16,5.95,1.75,20.43,201.13
2017,Amritsar,Punjab,Winter,Beas,Agro-Industry,SO2,52.0,1.66,277453.0,1827483.0,4508.0,769868.0,No,Satisfactory,Acceptable,12.45,13.8,8.05,16.06,0.67,11.88,48.88
2017,Bengaluru,Karnataka,Monsoon,Arkavathi,Agro-Industry,PM10,73.1,4.56,147710.48,7260449.0,4712.59,2795287.0,No,Moderate,Severely Polluted,18.12,81.11,29.74,5.12,0.88,22.19,68.71
2017,Bengaluru,Karnataka,Monsoon,Arkavathi,Agro-Industry,PM2.5,169.0,4.58,128398.67,7260449.0,4743.67,2795287.0,No,Moderate,Severely Polluted,123.85,74.26,27.93,4.81,0.88,16.4,158.86
2017,Bengaluru,Karnataka,Monsoon,Arkavathi,Power,PM10,76.43,4.42,844510.25,7225860.75,4688.0,2829627.5,No,Satisfactory,Heavily Polluted,23.97,90.04,32.18,5.2,0.73,21.66,71.84
2017,Bengaluru,Karnataka,Monsoon,Arkavathi,Power,PM2.5,108.0,4.54,629141.5,7118477.5,4705.0,2776570.0,No,Moderate,Severely Polluted,313.59,120.31,32.94,4.97,0.69,9.39,101.52
2017,Bengaluru,Karnataka,Post-Monsoon,Arkavathi,Agro-Industry,NO2,49.0,3.51,198404.0,7333244.0,4759.0,2795287.0,No,Good,Heavily Polluted,22.05,27.3,29.82,3.15,0.75,6.75,46.06
2017,Bengaluru,Karnataka,Post-Monsoon,Arkavathi,Agro-Industry,PM10,82.02,3.64,198404.0,7295498.44,4742.93,2840604.48,No,Satisfactory,Heavily Polluted,31.22,79.69,34.69,4.23,0.84,26.63,77.1
2017,Bengaluru,Karnataka,Post-Monsoon,Arkavathi,Agro-Industry,PM2.5,103.17,3.64,198404.0,7296846.5,4743.5,2838986.0,No,Moderate,Heavily Polluted,110.1,59.8,29.9,4.24,0.7,33.64,96.98
2017,Bengaluru,Karnataka,Summer,Arkavathi,Agro-Industry,O3,81.5,3.92,145900.0,7260449.0,4857.5,2838986.0,No,Satisfactory,Heavily Polluted,36.66,72.92,26.17,5.44,0.44,87.5,76.61
2017,Bengaluru,Karnataka,Summer,Arkavathi,Agro-Industry,PM10,92.75,3.92,145900.0,7260449.0,4857.5,2838986.0,No,Moderate,Heavily Polluted,35.83,92.29,32.1,4.15,0.48,50.95,87.18
2017,Bengaluru,Karnataka,Summer,Arkavathi,Power,NO2,53.0,3.78,629141.5,7296846.5,4721.0,2882685.0,No,Satisfactory,Heavily Polluted,28.52,35.51,39.12,8.55,0.42,36.74,49.82
2017,Bengaluru,Karnataka,Summer,Arkavathi,Power,PM10,73.07,3.77,629141.5,7204689.18,4743.22,2832694.14,No,Satisfactory,Heavily Polluted,31.95,78.45,32.51,5.25,0.39,29.81,68.69
2017,Bengaluru,Karnataka,Summer,Arkavathi,Power,PM2.5,156.0,3.78,629141.5,7296846.5,4721.0,2882685.0,No,Moderate,Heavily Polluted,120.56,73.92,26.63,8.45,0.49,18.96,146.64
2017,Bengaluru,Karnataka,Winter,Arkavathi,Agro-Industry,NO2,92.0,3.63,145900.0,7296846.5,4720.0,2785928.5,No,Satisfactory,Heavily Polluted,53.54,49.94,87.65,3.96,0.86,24.28,86.48
2017,Bengaluru,Karnataka,Winter,Arkavathi,Agro-Industry,PM10,106.24,3.95,181283.13,7272317.75,4745.61,2792235.32,No,Satisfactory,Heavily Polluted,37.7,101.11,43.27,4.76,1.73,36.73,99.87
2017,Bengaluru,Karnataka,Winter,Arkavathi,Agro-Industry,PM2.5,107.92,3.63,145900.0,7296846.5,4720.0,2785928.5,No,Satisfactory,Heavily Polluted,95.06,68.04,51.27,3.71,0.88,31.0,101.44
2017,Bengaluru,Karnataka,Winter,Arkavathi,Power,PM10,119.18,3.72,629141.5,7118477.5,4781.0,2785928.5,No,Moderate,Acceptable,38.54,95.74,53.12,7.39,3.69,42.8,112.03
2017,Bhopal,Madhya Pradesh,Monsoon,Betwa,Manufacturing,NO2,134.16,1.01,37872.0,31776.0,11472.0,447348.0,No,Moderate,Acceptable,71.05,86.95,105.74,61.33,1.15,28.02,126.11
2017,Bhopal,Madhya Pradesh,Monsoon,Betwa,Manufacturing,O3,126.95,0.9,29414.5,31776.0,11472.0,447348.0,No,Moderate,Good,64.96,81.06,92.08,36.75,2.73,148.13,119.33
2017,Bhopal,Madhya Pradesh,Monsoon,Betwa,Manufacturing,PM10,125.34,0.72,13306.0,31776.0,11472.0,447348.0,No,Moderate,Good,76.37,82.67,67.11,62.49,3.58,27.94,117.82
2017,Bhopal,Madhya Pradesh,Post-Monsoon,Betwa,Manufacturing,O3,123.34,1.12,26061.0,31776.0,11472.0,447348.0,No,Moderate,Acceptable,57.47,94.24,100.69,26.02,2.04,181.27,115.94
2017,Bhopal,Madhya Pradesh,Post-Monsoon,Betwa,Manufacturing,PM10,173.46,0.9,39637.0,31776.0,11472.0,447348.0,No,Moderate,Good,80.56,120.24,53.49,32.11,3.42,61.68,163.05
2017,Bhopal,Madhya Pradesh,Summer,Betwa,Manufacturing,NO2,124.46,0.81,49221.0,31776.0,11472.0,447348.0,No,Moderate,Good,70.82,73.86,108.49,75.44,1.45,45.83,116.99
2017,Bhopal,Madhya Pradesh,Summer,Betwa,Manufacturing,PM10,126.53,1.46,13764.0,31776.0,11472.0,447348.0,No,Moderate,Acceptable,63.03,87.94,31.52,44.14,2.01,22.52,118.94
2017,Bhopal,Madhya Pradesh,Winter,Betwa,Manufacturing,O3,146.36,1.36,9524.0,31776.0,11472.0,447348.0,No,Moderate,Acceptable,74.81,95.62,84.36,61.3,1.83,117.48,137.58
2017,Bhopal,Madhya Pradesh,Winter,Betwa,Manufacturing,PM10,175.1,1.81,44973.0,31776.0,11472.0,447348.0,No,Moderate,Acceptable,74.5,112.91,91.49,53.86,2.17,42.61,164.59
2017,Brajrajnagar,Odisha,Monsoon,Ib,Coal/Power,NO2,107.31,1.08,47227.0,240109.0,7872.0,75806.0,No,Moderate,Acceptable,51.25,68.35,129.47,76.23,4.45,30.66,100.87
2017,Brajrajnagar,Odisha,Monsoon,Ib,Coal/Power,O3,108.7,1.04,34768.67,240109.0,7872.0,75806.0,No,Moderate,Acceptable,50.42,65.38,48.51,35.19,1.82,128.32,102.18
2017,Brajrajnagar,Odisha,Post-Monsoon,Ib,Coal/Power,O3,113.33,1.85,37926.0,240109.0,7872.0,75806.0,No,Moderate,Acceptable,42.88,80.91,57.29,63.48,0.54,115.49,106.53
2017,Brajrajnagar,Odisha,Post-Monsoon,Ib,Coal/Power,PM10,140.1,1.47,19187.0,240109.0,7872.0,75806.0,No,Moderate,Acceptable,78.05,100.59,83.97,65.66,4.41,27.86,131.69
2017,Brajrajnagar,Odisha,Summer,Ib,Coal/Power,NO2,106.9,1.62,17461.0,240109.0,7872.0,75806.0,No,Moderate,Acceptable,46.21,69.07,126.83,6.94,4.83,118.03,100.49
2017,Brajrajnagar,Odisha,Summer,Ib,Coal/Power,O3,112.88,0.82,46541.5,240109.0,7872.0,75806.0,No,Moderate,Good,50.96,71.82,62.88,60.52,2.37,148.33,106.11
2017,Brajrajnagar,Odisha,Winter,Ib,Coal/Power,O3,121.5,1.4,41152.5,240109.0,7872.0,75806.0,No,Moderate,Acceptable,68.56,86.9,99.8,86.24,3.82,171.0,114.21
2017,Brajrajnagar,Odisha,Winter,Ib,Coal/Power,PM10,201.64,4.58,890442.0,176582.28,22203.4,74094.68,No,Moderate,Moderately Polluted,96.21,161.89,13.14,5.84,2.55,6.61,189.54
2017,Chandigarh,Chandigarh,Monsoon,Sukhna,Manufacturing,O3,110.0,0.75,42467.5,259080.0,3361.0,1232614.0,No,Moderate,Good,61.32,75.88,57.6,24.36,2.84,94.14,103.4
2017,Chandigarh,Chandigarh,Monsoon,Sukhna,Manufacturing,PM10,110.99,1.22,17324.5,259080.0,3361.0,1232614.0,No,Moderate,Acceptable,62.38,81.42,72.79,43.6,2.17,50.42,104.33
2017,Chandigarh,Chandigarh,Post-Monsoon,Sukhna,Manufacturing,NO2,117.46,1.5,29745.0,259080.0,3361.0,1232614.0,No,Moderate,Acceptable,46.49,68.8,83.47,20.38,3.21,54.61,110.41
2017,Chandigarh,Chandigarh,Post-Monsoon,Sukhna,Manufacturing,PM10,151.65,0.66,51650.0,259080.0,3361.0,1232614.0,No,Moderate,Good,65.52,105.68,74.89,26.87,3.28,13.88,142.55
2017,Chandigarh,Chandigarh,Summer,Sukhna,Manufacturing,NO2,114.64,0.9,41903.0,259080.0,3361.0,1232614.0,No,Moderate,Good,70.87,73.19,94.19,57.59,0.22,47.31,107.76
2017,Chandigarh,Chandigarh,Summer,Sukhna,Manufacturing,O3,113.5,0.84,25302.5,259080.0,3361.0,1232614.0,No,Moderate,Good,58.44,75.96,79.03,10.43,2.1,110.52,106.69
2017,Chandigarh,Chandigarh,Winter,Sukhna,Manufacturing,NO2,134.58,0.69,32753.0,259080.0,3361.0,1232614.0,No,Moderate,Good,65.29,77.0,87.59,35.06,2.07,45.89,126.51
2017,Chandigarh,Chandigarh,Winter,Sukhna,Manufacturing,PM10,151.26,1.2,39052.0,259080.0,3361.0,1232614.0,No,Moderate,Acceptable,75.16,94.32,14.46,9.52,3.36,65.79,142.18
2017,Chennai,Tamil Nadu,Monsoon,Cooum,Manufacturing,O3,103.4,4.89,179858.85,5500118.95,28510.8,19006219.3,No,Satisfactory,Severely Polluted,36.97,37.78,11.04,5.25,0.23,45.51,97.2
2017,Chennai,Tamil Nadu,Monsoon,Cooum,Manufacturing,PM10,79.03,4.87,198683.83,5557914.8,28288.31,19058282.09,No,Satisfactory,Severely Polluted,31.78,41.77,10.63,7.23,0.24,25.28,74.29
2017,Chennai,Tamil Nadu,Monsoon,Cooum,Manufacturing,PM2.5,95.95,4.9,167512.47,5455295.16,28558.14,18993856.94,No,Satisfactory,Severely Polluted,52.0,35.62,13.45,6.24,0.13,24.66,90.19
2017,Chennai,Tamil Nadu,Monsoon,Cooum,Manufacturing,SO2,81.0,4.84,219779.0,5621253.5,28039.0,19121116.5,No,Satisfactory,Severely Polluted,44.9,45.52,15.34,50.51,0.25,30.37,76.14
2017,Chennai,Tamil Nadu,Post-Monsoon,Cooum,Manufacturing,O3,114.0,4.68,173805.0,5361316.5,28308.0,18977495.0,No,Moderate,Severely Polluted,58.59,52.0,25.92,10.73,0.64,65.06,107.16
2017,Chennai,Tamil Nadu,Post-Monsoon,Cooum,Manufacturing,PM10,80.49,4.6,156429.53,5361316.5,28644.62,18977495.0,No,Satisfactory,Severely Polluted,35.15,62.92,20.7,11.96,0.7,23.58,75.66
2017,Chennai,Tamil Nadu,Post-Monsoon,Cooum,Manufacturing,PM2.5,162.92,4.64,164140.54,5361316.5,28495.23,18977495.0,No,Satisfactory,Severely Polluted,88.53,58.07,22.81,13.87,0.65,30.39,153.14
2017,Chennai,Tamil Nadu,Summer,Cooum,Manufacturing,O3,98.0,4.38,173805.0,5485338.0,28814.0,18977495.0,No,Satisfactory,Heavily Polluted,27.98,31.58,10.39,4.72,0.03,33.12,92.12
2017,Chennai,Tamil Nadu,Summer,Cooum,Manufacturing,PM10,110.52,4.81,173805.0,5485338.0,28568.71,18977495.0,No,Satisfactory,Heavily Polluted,55.3,170.47,12.13,6.54,0.08,37.07,103.89
2017,Chennai,Tamil Nadu,Summer,Cooum,Manufacturing,PM2.5,119.48,4.38,173805.0,5485338.0,28814.0,18977495.0,No,Moderate,Heavily Polluted,68.25,31.58,11.74,3.37,0.04,23.81,112.31
2017,Chennai,Tamil Nadu,Winter,Cooum,Manufacturing,O3,102.67,4.6,173805.0,5485338.0,28358.25,18823386.0,No,Moderate,Severely Polluted,49.94,60.58,18.12,8.44,0.1,68.19,96.51
2017,Chennai,Tamil Nadu,Winter,Cooum,Manufacturing,PM10,90.65,4.48,173805.0,5485338.0,28533.47,18688540.62,No,Moderate,Severely Polluted,46.86,61.4,16.21,6.8,0.17,30.13,85.21
2017,Chennai,Tamil Nadu,Winter,Cooum,Manufacturing,PM2.5,154.42,4.44,173805.0,5485338.0,28591.88,18643592.17,No,Moderate,Severely Polluted,85.45,61.68,18.66,6.87,0.09,40.41,145.15
2017,Coimbatore,Tamil Nadu,Monsoon,Noyyal,Manufacturing,O3,144.47,1.19,28480.33,53497.0,4750.0,6135718.0,No,Moderate,Acceptable,71.2,92.05,64.44,47.51,2.35,127.45,135.8
2017,Coimbatore,Tamil Nadu,Monsoon,Noyyal,Manufacturing,PM10,131.97,1.49,46828.0,53497.0,4750.0,6135718.0,No,Moderate,Acceptable,66.07,90.02,18.59,45.17,1.38,84.05,124.05
2017,Coimbatore,Tamil Nadu,Post-Monsoon,Noyyal,Manufacturing,O3,161.81,1.08,14997.0,53497.0,4750.0,6135718.0,No,Moderate,Acceptable,82.12,105.52,52.4,35.62,1.54,154.43,152.1
2017,Coimbatore,Tamil Nadu,Summer,Noyyal,Manufacturing,O3,138.33,0.97,47580.0,53497.0,4750.0,6135718.0,No,Moderate,Good,59.24,87.24,83.64,27.32,0.6,135.14,130.03
2017,Coimbatore,Tamil Nadu,Summer,Noyyal,Manufacturing,PM10,144.78,1.12,19416.0,53497.0,4750.0,6135718.0,No,Moderate,Good,61.76,92.1,44.21,26.96,1.3,84.77,136.09
2017,Coimbatore,Tamil Nadu,Winter,Noyyal,Manufacturing,O3,187.12,0.88,39712.0,53497.0,4750.0,6135718.0,No,Moderate,Good,75.92,104.07,53.24,64.55,2.88,140.25,175.89
2017,Coimbatore,Tamil Nadu,Winter,Noyyal,Manufacturing,PM10,163.96,0.98,9436.5,53497.0,4750.0,6135718.0,No,Moderate,Acceptable,77.38,106.48,89.53,30.54,2.38,50.18,154.12
2017,Delhi,Delhi,Monsoon,Yamuna,Manufacturing,NO2,96.25,5.74,229898.12,11237930.25,12120.5,3002818.0,No,Satisfactory,Severely Polluted,37.31,94.51,116.42,9.63,0.0,41.82,90.48
2017,Delhi,Delhi,Monsoon,Yamuna,Manufacturing,O3,92.0,5.69,285496.0,11250796.0,12176.0,3002818.0,No,Satisfactory,Severely Polluted,11.81,18.59,22.4,10.79,0.32,24.88,86.48
2017,Delhi,Delhi,Monsoon,Yamuna,Manufacturing,PM10,101.19,5.73,239205.14,11237930.25,12135.7,3002818.0,No,Moderate,Severely Polluted,46.45,133.2,43.86,10.45,0.15,37.49,95.12
2017,Delhi,Delhi,Monsoon,Yamuna,Manufacturing,PM2.5,149.0,5.74,246721.0,11250796.0,12117.0,3002818.0,No,Moderate,Severely Polluted,116.12,96.81,19.37,9.27,0.0,40.01,140.06
2017,Delhi,Delhi,Post-Monsoon,Yamuna,Manufacturing,PM10,341.9,5.61,245199.5,11227940.75,12287.75,3012355.75,No,Moderate,Severely Polluted,193.58,284.9,53.83,17.54,1.3,55.88,321.39
2017,Delhi,Delhi,Post-Monsoon,Yamuna,Manufacturing,PM2.5,497.0,5.62,224290.5,11199333.0,12364.5,3002818.0,No,Severe,Severely Polluted,426.52,387.13,54.76,36.85,1.06,41.14,467.18
2017,Delhi,Delhi,Summer,Yamuna,Manufacturing,PM10,304.7,5.64,239406.71,11224986.54,12389.36,2969456.33,No,Very Poor,Severely Polluted,118.72,292.83,69.36,32.83,0.66,39.84,286.42
2017,Delhi,Delhi,Winter,Yamuna,Manufacturing,PM10,340.25,5.62,253962.11,11231574.88,12291.79,3002818.0,No,Very Poor,Severely Polluted,176.89,299.61,64.47,20.29,1.15,41.62,319.83
2017,Delhi,Delhi,Winter,Yamuna,Manufacturing,PM2.5,402.86,5.65,246721.0,11250796.0,12377.57,3002818.0,No,Very Poor,Severely Polluted,311.74,174.92,55.2,15.34,0.27,39.79,378.69
2017,Ernakulam,Kerala,Monsoon,Periyar,Shipping/Refinery,O3,209.33,1.05,11563.0,90081.0,7431.0,668780.0,No,Poor,Acceptable,108.8,119.0,11.01,6.49,2.8,147.84,196.77
2017,Ernakulam,Kerala,Monsoon,Periyar,Shipping/Refinery,PM10,206.23,1.18,38803.0,90081.0,7431.0,668780.0,No,Poor,Acceptable,89.64,131.29,30.05,42.9,2.61,68.24,193.86
2017,Ernakulam,Kerala,Post-Monsoon,Periyar,Shipping/Refinery,PM10,237.5,1.19,44021.5,90081.0,7431.0,668780.0,No,Poor,Acceptable,107.43,159.0,50.4,54.04,2.63,120.42,223.25
2017,Ernakulam,Kerala,Summer,Periyar,Shipping/Refinery,O3,205.88,1.14,26994.5,90081.0,7431.0,668780.0,No,Poor,Acceptable,118.72,113.68,20.6,34.62,2.37,137.24,193.53
2017,Ernakulam,Kerala,Summer,Periyar,Shipping/Refinery,PM10,216.85,2.07,34744.0,90081.0,7431.0,668780.0,No,Poor,Polluted,116.55,148.16,29.03,42.44,2.79,19.98,203.84
2017,Ernakulam,Kerala,Winter,Periyar,Shipping/Refinery,PM10,241.32,1.23,40936.5,90081.0,7431.0,668780.0,No,Poor,Acceptable,106.96,160.01,58.54,48.83,3.08,85.14,226.84
2017,Ernakulam,Kerala,Winter,Periyar,Shipping/Refinery,PM2.5,266.86,0.79,9051.0,90081.0,7431.0,668780.0,No,Poor,Good,157.14,154.0,79.74,36.73,2.39,44.08,250.85
2017,Gurugram,Haryana,Monsoon,Sahibi,Automobile,PM10,148.83,3.48,753427.54,149679.74,212428.8,2099345.78,No,Poor,Acceptable,56.9,89.97,21.67,6.23,0.76,23.73,139.9
2017,Gurugram,Haryana,Monsoon,Sahibi,Automobile,PM2.5,290.52,3.44,774325.04,163901.87,221797.94,2114660.26,No,Very Poor,Moderately Polluted,264.91,94.36,18.43,5.47,0.69,26.19,273.09
2017,Gurugram,Haryana,Post-Monsoon,Sahibi,Automobile,PM10,290.37,3.37,756967.72,153970.3,225230.0,2199562.0,No,Poor,Acceptable,139.09,242.07,23.99,8.07,1.34,32.1,272.95
2017,Gurugram,Haryana,Post-Monsoon,Sahibi,Automobile,PM2.5,488.29,3.52,770470.57,148829.0,228299.71,2145753.0,No,Severe,Acceptable,374.49,256.12,24.02,9.74,2.08,28.08,458.99
2017,Gurugram,Haryana,Summer,Sahibi,Automobile,PM10,237.78,3.39,768993.71,148513.0,235028.16,2139260.59,No,Very Poor,Acceptable,99.95,159.33,16.0,12.38,0.56,51.42,223.51
2017,Gurugram,Haryana,Summer,Sahibi,Automobile,PM2.5,348.59,3.48,771437.85,141790.26,240072.32,2184999.94,No,Very Poor,Acceptable,234.75,164.86,20.94,15.1,0.58,47.13,327.67
2017,Gurugram,Haryana,Winter,Sahibi,Automobile,NO2,443.0,3.08,1027485.0,169481.0,257070.0,1867941.0,No,Severe,Acceptable,289.36,176.06,362.21,11.09,1.16,17.89,416.42
2017,Gurugram,Haryana,Winter,Sahibi,Automobile,PM10,308.36,3.52,766943.25,145740.26,219366.67,2128774.87,No,Very Poor,Acceptable,148.64,238.57,14.48,6.86,2.91,24.41,289.86
2017,Gurugram,Haryana,Winter,Sahibi,Automobile,PM2.5,401.0,3.56,745077.35,150926.5,237997.05,2125988.25,No,Severe,Acceptable,261.74,209.01,11.39,7.82,11.95,18.11,376.94
2017,Guwahati,Assam,Monsoon,Brahmaputra,Agro-Industry,O3,187.08,1.09,26744.67,232599.0,3326.0,224033.0,No,Moderate,Acceptable,97.51,129.4,81.0,42.4,2.13,146.18,175.86
2017,Guwahati,Assam,Monsoon,Brahmaputra,Agro-Industry,PM10,198.78,1.32,43858.0,232599.0,3326.0,224033.0,No,Moderate,Acceptable,98.42,140.55,69.64,35.19,1.82,50.96,186.85
2017,Guwahati,Assam,Post-Monsoon,Brahmaputra,Agro-Industry,PM10,206.82,1.69,28460.0,232599.0,3326.0,224033.0,No,Moderate,Acceptable,118.41,148.24,88.38,27.48,2.26,81.46,194.41
2017,Guwahati,Assam,Summer,Brahmaputra,Agro-Industry,PM10,183.64,1.43,36657.5,232599.0,3326.0,224033.0,No,Moderate,Acceptable,93.58,119.66,69.12,14.93,3.45,98.82,172.62
2017,Guwahati,Assam,Summer,Brahmaputra,Agro-Industry,PM2.5,199.36,1.15,19109.0,232599.0,3326.0,224033.0,No,Moderate,Acceptable,111.44,108.98,48.19,29.88,1.67,98.52,187.4
2017,Guwahati,Assam,Winter,Brahmaputra,Agro-Industry,O3,192.58,0.92,27416.0,232599.0,3326.0,224033.0,No,Moderate,Good,76.32,120.53,36.25,65.0,2.07,139.09,181.03
2017,Guwahati,Assam,Winter,Brahmaputra,Agro-Industry,PM10,253.12,1.12,22908.0,232599.0,3326.0,224033.0,No,Poor,Acceptable,111.72,152.18,89.81,49.42,3.78,126.38,237.93
2017,Hyderabad,Telangana,Monsoon,Musi,Manufacturing,O3,57.38,4.16,124668.0,6270102.12,20319.31,7973134.53,No,Satisfactory,Heavily Polluted,11.13,24.11,12.48,4.81,0.1,33.5,53.94
2017,Hyderabad,Telangana,Monsoon,Musi,Manufacturing,PM10,67.89,4.17,124668.0,6345944.51,20328.07,7988675.17,No,Satisfactory,Heavily Polluted,21.85,57.05,15.48,5.95,0.14,30.84,63.82
2017,Hyderabad,Telangana,Monsoon,Musi,Power,O3,73.41,4.31,307162.81,6341727.91,19893.67,8071574.43,No,Satisfactory,Heavily Polluted,10.85,27.68,14.92,4.4,0.13,41.71,69.01
2017,Hyderabad,Telangana,Monsoon,Musi,Power,PM10,65.85,4.33,485335.06,6300428.0,19962.0,8171773.65,No,Satisfactory,Heavily Polluted,16.68,48.84,15.24,5.88,0.18,30.49,61.9
2017,Hyderabad,Telangana,Post-Monsoon,Musi,Manufacturing,O3,120.25,3.96,164202.0,6416179.5,20217.0,8237758.5,No,Moderate,Heavily Polluted,26.61,44.44,20.12,4.2,0.11,61.58,113.04
2017,Hyderabad,Telangana,Post-Monsoon,Musi,Manufacturing,PM10,120.66,4.06,184674.96,6390039.37,20088.31,8237758.5,No,Moderate,Heavily Polluted,54.59,101.97,33.49,11.87,0.49,53.18,113.42
2017,Hyderabad,Telangana,Post-Monsoon,Musi,Manufacturing,PM2.5,133.0,4.14,203736.0,6365702.0,19968.5,8237758.5,No,Moderate,Heavily Polluted,96.83,88.36,37.91,18.61,0.76,39.92,125.02
2017,Hyderabad,Telangana,Summer,Musi,Manufacturing,NO2,123.0,4.01,164202.0,6273230.5,19731.0,7954827.5,No,Moderate,Heavily Polluted,30.22,66.24,72.96,3.96,0.14,57.35,115.62
2017,Hyderabad,Telangana,Summer,Musi,Manufacturing,O3,122.5,4.01,164202.0,6273230.5,19731.0,7954827.5,No,Moderate,Heavily Polluted,21.44,58.4,39.81,4.18,0.11,69.4,115.15
2017,Hyderabad,Telangana,Summer,Musi,Manufacturing,PM10,130.79,3.93,143753.38,6225400.41,19936.86,7924526.21,No,Moderate,Heavily Polluted,47.56,138.12,38.45,12.91,0.14,46.26,122.94
2017,Hyderabad,Telangana,Summer,Musi,Power,PM10,135.0,3.8,602668.0,6416179.5,20148.5,7954827.5,No,Moderate,Heavily Polluted,49.4,132.34,36.51,14.59,0.17,51.0,126.9
2017,Hyderabad,Telangana,Winter,Musi,Manufacturing,PM10,147.48,3.91,190118.73,6333850.71,19839.62,7993231.58,No,Moderate,Heavily Polluted,70.02,136.57,46.85,15.89,0.37,53.11,138.63
2017,Jaipur,Rajasthan,Monsoon,Banas,Manufacturing,O3,149.33,3.22,202115.33,3486835.67,6744.67,2217790.0,No,Satisfactory,Moderately Polluted,24.22,57.01,18.5,8.84,0.58,109.8,140.37
2017,Jaipur,Rajasthan,Monsoon,Banas,Manufacturing,PM10,101.5,3.34,204134.45,3483465.38,6746.49,2178629.31,No,Moderate,Moderately Polluted,40.07,97.85,23.72,8.49,0.52,21.83,95.41
2017,Jaipur,Rajasthan,Monsoon,Banas,Manufacturing,PM2.5,93.33,3.49,216458.0,3462895.0,6716.0,2127734.67,No,Good,Moderately Polluted,37.74,5.3,11.35,9.1,0.93,1.38,87.73
2017,Jaipur,Rajasthan,Post-Monsoon,Banas,Manufacturing,PM10,225.46,2.74,200413.66,3489676.08,6658.61,2116598.34,No,Poor,Moderately Polluted,99.32,183.34,49.6,8.17,0.6,49.87,211.93
2017,Jaipur,Rajasthan,Post-Monsoon,Banas,Manufacturing,PM2.5,231.5,2.74,200322.5,3489828.25,6658.0,2116001.75,No,Moderate,Moderately Polluted,157.66,135.0,35.92,8.6,0.49,37.44,217.61
2017,Jaipur,Rajasthan,Summer,Banas,Manufacturing,O3,150.95,1.01,33464.0,150859.0,11680.0,2496188.0,No,Moderate,Acceptable,73.37,99.56,61.39,58.63,3.92,122.27,141.89
2017,Jaipur,Rajasthan,Summer,Banas,Manufacturing,PM10,147.06,1.17,26221.0,150859.0,11680.0,2496188.0,No,Moderate,Acceptable,79.62,92.06,65.76,28.74,3.06,64.22,138.24
2017,Jaipur,Rajasthan,Winter,Banas,Manufacturing,O3,146.95,1.8,41277.0,150859.0,11680.0,2496188.0,No,Moderate,Acceptable,63.55,97.49,19.75,21.13,2.48,181.41,138.13
2017,Jaipur,Rajasthan,Winter,Banas,Manufacturing,PM10,164.01,2.57,199685.77,3373431.42,6818.55,2162329.13,No,Poor,Acceptable,75.83,149.32,33.65,10.65,0.09,56.31,154.17
2017,Jaipur,Rajasthan,Winter,Banas,Manufacturing,PM2.5,336.0,2.62,205701.0,3480850.5,6656.5,2151200.5,No,Very Poor,Moderately Polluted,161.94,160.86,66.57,8.1,0.0,114.76,315.84
2017,Jorapokhar,Jharkhand,Monsoon,Damodar,Mining/Coal,NO2,111.0,5.7,1031255.0,175706.0,22432.0,73516.0,No,Moderate,Moderately Polluted,11.0,79.25,84.6,12.08,0.24,14.42,104.34
2017,Jorapokhar,Jharkhand,Monsoon,Damodar,Mining/Coal,PM10,99.64,4.97,1215660.75,234364.96,30294.77,55556.5,No,Moderate,Moderately Polluted,24.52,74.64,9.63,16.25,0.35,9.45,93.66
2017,Jorapokhar,Jharkhand,Monsoon,Damodar,Mining/Coal,PM2.5,69.22,4.97,1134549.67,239422.78,25538.44,58818.78,No,Satisfactory,Acceptable,47.8,29.6,10.1,12.53,0.17,6.31,65.07
2017,Jorapokhar,Jharkhand,Monsoon,Damodar,Mining/Coal,SO2,88.0,4.33,1304466.0,321636.0,34291.0,62339.0,No,Satisfactory,Moderately Polluted,51.9,16.39,17.16,75.55,0.03,3.54,82.72
2017,Jorapokhar,Jharkhand,Post-Monsoon,Damodar,Mining/Coal,PM10,189.18,5.02,1246778.82,227400.63,30507.3,55525.51,No,Moderate,Moderately Polluted,66.85,147.03,8.12,24.21,0.1,32.3,177.83
2017,Jorapokhar,Jharkhand,Post-Monsoon,Damodar,Mining/Coal,PM2.5,190.25,5.44,1302704.25,249946.0,27420.75,50858.5,No,Moderate,Polluted,67.12,39.99,6.36,25.87,0.18,33.72,178.83
2017,Jorapokhar,Jharkhand,Summer,Damodar,Mining/Coal,O3,162.9,0.62,17491.0,75050.0,1105.0,72322.0,No,Moderate,Good,78.4,105.06,57.34,54.34,1.54,120.47,153.13
2017,Jorapokhar,Jharkhand,Summer,Damodar,Mining/Coal,PM10,127.07,5.05,1273806.45,246288.95,30628.33,55149.24,No,Moderate,Moderately Polluted,47.49,137.45,9.65,34.55,0.34,22.9,119.45
2017,Jorapokhar,Jharkhand,Winter,Damodar,Mining/Coal,O3,170.15,1.14,43286.0,75050.0,1105.0,72322.0,No,Moderate,Acceptable,84.36,95.47,87.67,16.3,2.88,103.76,159.94
2017,Jorapokhar,Jharkhand,Winter,Damodar,Mining/Coal,PM10,197.51,4.65,1251631.44,230629.22,29104.44,59460.66,No,Poor,Acceptable,85.08,221.19,13.46,44.87,0.36,36.01,185.66
2017,Kochi,Kerala,Monsoon,Periyar,Shipping/Refinery,O3,241.2,1.1,11563.0,90081.0,7431.0,808235.0,No,Poor,Acceptable,104.8,140.83,12.36,6.15,3.03,153.26,226.73
2017,Kochi,Kerala,Monsoon,Periyar,Shipping/Refinery,PM10,229.26,1.17,38803.0,90081.0,7431.0,808235.0,No,Poor,Acceptable,94.05,150.3,35.02,49.29,2.95,78.3,215.5
2017,Kochi,Kerala,Post-Monsoon,Periyar,Shipping/Refinery,PM10,265.58,1.12,44021.5,90081.0,7431.0,808235.0,No,Poor,Acceptable,113.93,185.7,51.8,61.87,3.14,137.78,249.65
2017,Kochi,Kerala,Summer,Periyar,Shipping/Refinery,O3,226.34,1.16,26994.5,90081.0,7431.0,808235.0,No,Poor,Acceptable,131.99,133.38,22.43,38.62,2.6,149.88,212.76
2017,Kochi,Kerala,Summer,Periyar,Shipping/Refinery,PM10,234.58,2.05,34744.0,90081.0,7431.0,808235.0,No,Poor,Polluted,136.73,181.07,32.82,46.87,3.2,23.58,220.51
2017,Kochi,Kerala,Winter,Periyar,Shipping/Refinery,PM10,268.84,1.27,40936.5,90081.0,7431.0,808235.0,No,Poor,Acceptable,111.5,180.57,62.62,55.11,3.43,96.31,252.71
2017,Kochi,Kerala,Winter,Periyar,Shipping/Refinery,PM2.5,299.32,0.79,9051.0,90081.0,7431.0,808235.0,No,Poor,Good,173.8,172.22,85.7,40.46,2.82,51.13,281.36
2017,Kolkata,West Bengal,Monsoon,Hooghly,Manufacturing,O3,230.04,2.15,43661.0,49282.0,6702.0,13511189.0,No,Poor,Polluted,122.74,135.23,76.84,32.01,3.89,141.57,216.24
2017,Kolkata,West Bengal,Monsoon,Hooghly,Manufacturing,PM10,219.91,1.19,40619.67,49282.0,6702.0,13511189.0,No,Poor,Acceptable,97.66,142.96,80.17,55.43,1.68,92.96,206.72
2017,Kolkata,West Bengal,Post-Monsoon,Hooghly,Manufacturing,O3,286.27,1.16,50461.0,49282.0,6702.0,13511189.0,No,Poor,Acceptable,137.43,170.48,67.68,17.94,0.71,172.1,269.09
2017,Kolkata,West Bengal,Post-Monsoon,Hooghly,Manufacturing,PM10,226.07,1.57,28187.0,49282.0,6702.0,13511189.0,No,Poor,Acceptable,107.03,151.1,80.83,40.17,3.49,44.43,212.51
2017,Kolkata,West Bengal,Summer,Hooghly,Manufacturing,O3,232.42,1.0,20570.5,49282.0,6702.0,13511189.0,No,Poor,Acceptable,102.88,138.4,72.96,33.06,4.06,161.52,218.47
2017,Kolkata,West Bengal,Summer,Hooghly,Manufacturing,PM10,225.62,1.06,39642.0,49282.0,6702.0,13511189.0,No,Poor,Acceptable,117.47,125.84,43.13,55.72,1.12,69.0,212.08
2017,Kolkata,West Bengal,Winter,Hooghly,Manufacturing,O3,230.77,0.88,13970.0,49282.0,6702.0,13511189.0,No,Poor,Good,113.64,139.54,93.17,51.85,3.18,149.7,216.92
2017,Kolkata,West Bengal,Winter,Hooghly,Manufacturing,PM10,280.5,1.28,52565.0,49282.0,6702.0,13511189.0,No,Poor,Acceptable,149.07,198.14,76.36,35.99,1.7,170.33,263.67
2017,Kolkata,West Bengal,Winter,Hooghly,Manufacturing,PM2.5,286.4,0.69,27534.0,49282.0,6702.0,13511189.0,No,Poor,Good,169.08,159.76,10.93,47.89,3.11,48.1,269.22
2017,Lucknow,Uttar Pradesh,Monsoon,Gomti,Agro-Industry,PM10,101.65,2.62,135907.64,2573389.35,1970.61,1016004.15,No,Moderate,Acceptable,47.0,97.0,23.93,4.77,1.84,18.6,95.55
2017,Lucknow,Uttar Pradesh,Monsoon,Gomti,Agro-Industry,PM2.5,257.89,2.47,112761.67,2535323.67,2010.0,1028300.83,No,Moderate,Acceptable,167.05,97.0,28.93,4.86,1.73,32.84,242.42
2017,Lucknow,Uttar Pradesh,Post-Monsoon,Gomti,Agro-Industry,PM10,140.73,2.77,175741.0,2638899.0,1981.0,994842.0,No,Moderate,Moderately Polluted,69.61,97.0,34.42,7.16,0.95,20.88,132.29
2017,Lucknow,Uttar Pradesh,Post-Monsoon,Gomti,Agro-Industry,PM2.5,359.54,2.46,135730.6,2573098.2,1982.2,1016098.2,No,Poor,Moderately Polluted,206.32,97.0,59.02,12.51,1.36,40.5,337.97
2017,Lucknow,Uttar Pradesh,Summer,Gomti,Agro-Industry,O3,235.92,1.85,147956.0,2593204.0,1981.75,1009603.25,No,Poor,Acceptable,82.9,97.0,29.87,6.5,1.53,113.25,221.76
2017,Lucknow,Uttar Pradesh,Summer,Gomti,Agro-Industry,PM10,166.69,2.37,152658.08,2600937.0,1978.52,1007105.19,No,Poor,Acceptable,74.1,97.0,25.57,5.19,1.64,62.77,156.69
2017,Lucknow,Uttar Pradesh,Summer,Gomti,Agro-Industry,PM2.5,292.56,2.31,155365.33,2605389.33,1978.25,1005666.92,No,Very Poor,Acceptable,135.58,97.0,39.08,6.17,1.81,65.81,275.01
2017,Lucknow,Uttar Pradesh,Winter,Gomti,Agro-Industry,O3,237.33,2.05,175741.0,2638899.0,1972.0,1030269.0,No,Poor,Acceptable,92.39,97.0,26.57,7.81,1.38,120.67,223.09
2017,Lucknow,Uttar Pradesh,Winter,Gomti,Agro-Industry,PM10,202.67,2.11,175741.0,2638899.0,1972.67,1018460.0,No,Poor,Acceptable,85.37,97.0,28.78,7.46,1.61,70.21,190.51
2017,Lucknow,Uttar Pradesh,Winter,Gomti,Agro-Industry,PM2.5,354.1,2.28,175741.0,2638899.0,1969.54,1010511.63,No,Very Poor,Acceptable,195.3,97.0,51.06,9.25,1.93,51.02,332.85
2017,Mumbai,Maharashtra,Monsoon,Ulhas,Manufacturing,PM10,66.62,4.14,144819.0,8522316.0,22434.51,21134216.66,No,Satisfactory,Heavily Polluted,15.25,52.18,15.57,11.42,0.0,18.29,62.62
2017,Mumbai,Maharashtra,Post-Monsoon,Ulhas,Manufacturing,PM10,127.21,3.65,149835.16,8547765.98,22457.67,21187387.5,No,Moderate,Heavily Polluted,51.51,120.8,34.32,15.6,0.0,33.34,119.58
2017,Mumbai,Maharashtra,Summer,Ulhas,Manufacturing,PM10,93.37,3.66,144819.0,8538646.11,22622.88,21366111.0,No,Moderate,Heavily Polluted,21.71,79.65,13.33,15.16,0.0,26.8,87.77
2017,Mumbai,Maharashtra,Winter,Ulhas,Manufacturing,PM10,160.39,3.66,151722.89,8493991.19,22360.33,21116371.26,No,Moderate,Heavily Polluted,68.44,158.99,41.37,13.77,0.0,42.47,150.77
2017,Mumbai,Maharashtra,Winter,Ulhas,Manufacturing,SO2,164.0,3.6,144819.0,8572395.0,21999.0,20976706.0,No,Moderate,Heavily Polluted,71.49,154.26,43.44,193.86,0.0,38.87,154.16
2017,Patna,Bihar,Monsoon,Ganga,Agro-Industry,PM10,108.52,4.61,171636.0,2006195.0,1972.04,421079.0,No,Moderate,Severely Polluted,45.28,80.18,23.08,13.94,0.81,22.07,102.01
2017,Patna,Bihar,Post-Monsoon,Ganga,Agro-Industry,PM10,191.78,3.76,171636.0,2006195.0,1961.0,421079.0,No,Poor,Heavily Polluted,55.72,103.22,30.42,7.92,0.27,23.11,180.27
2017,Patna,Bihar,Post-Monsoon,Ganga,Agro-Industry,PM2.5,293.15,3.76,171636.0,2006195.0,1961.0,421079.0,No,Poor,Heavily Polluted,134.24,103.22,55.13,11.09,0.7,27.8,275.56
2017,Patna,Bihar,Post-Monsoon,Ganga,Power,NO2,302.89,4.59,410879.5,1984129.0,1921.0,412318.0,No,Very Poor,Severely Polluted,126.58,103.22,169.04,20.91,1.74,32.72,284.72
2017,Patna,Bihar,Post-Monsoon,Ganga,Power,PM2.5,370.24,4.59,410879.5,1984129.0,1921.0,412318.0,No,Satisfactory,Severely Polluted,232.76,103.22,102.94,20.98,1.88,52.85,348.03
2017,Patna,Bihar,Summer,Ganga,Agro-Industry,PM10,235.65,3.7,139357.0,2006195.0,1979.5,428947.0,No,Poor,Heavily Polluted,100.36,134.29,47.41,5.29,1.53,18.13,221.51
2017,Patna,Bihar,Summer,Ganga,Agro-Industry,PM2.5,318.29,3.7,139357.0,2006195.0,1979.5,428947.0,No,Poor,Heavily Polluted,175.05,134.29,58.66,4.79,1.7,14.63,299.19
2017,Patna,Bihar,Summer,Ganga,Power,PM10,161.02,3.6,410879.5,1984129.0,1938.33,412318.0,No,Poor,Moderately Polluted,62.93,96.59,15.48,17.93,0.92,42.13,151.36
2017,Patna,Bihar,Summer,Ganga,Power,PM2.5,285.57,3.32,410879.5,1984129.0,1959.0,412318.0,No,Poor,Moderately Polluted,164.42,102.23,8.85,4.5,1.35,15.51,268.44
2017,Patna,Bihar,Winter,Ganga,Agro-Industry,PM10,298.58,3.73,171636.0,2006195.0,1990.0,421079.0,No,Very Poor,Heavily Polluted,119.97,182.11,45.67,8.33,1.29,24.76,280.67
2017,Patna,Bihar,Winter,Ganga,Agro-Industry,PM2.5,433.25,3.73,171636.0,2006195.0,1990.0,421079.0,No,Severe,Heavily Polluted,294.88,182.11,48.18,11.2,3.13,13.96,407.26
2017,Patna,Bihar,Winter,Ganga,Manufacturing,PM10,323.25,3.53,171636.0,2042079.0,1959.25,421079.0,No,Very Poor,Heavily Polluted,148.46,187.4,75.42,26.28,1.81,30.58,303.85
2017,Patna,Bihar,Winter,Ganga,Manufacturing,PM2.5,402.61,3.53,171636.0,2042079.0,1959.25,421079.0,No,Very Poor,Heavily Polluted,259.47,187.4,46.58,20.2,2.53,24.15,378.45
2017,Shillong,Meghalaya,Monsoon,Umiam,Handicrafts,O3,96.89,1.02,15112.5,232599.0,3326.0,133069.0,No,Satisfactory,Acceptable,52.27,59.26,39.66,26.51,1.5,76.55,91.08
2017,Shillong,Meghalaya,Monsoon,Umiam,Handicrafts,PM10,103.83,1.31,46933.5,232599.0,3326.0,133069.0,No,Satisfactory,Acceptable,47.36,72.62,37.06,14.82,0.64,49.12,97.6
2017,Shillong,Meghalaya,Post-Monsoon,Umiam,Handicrafts,NO2,85.28,1.8,43817.0,232599.0,3326.0,133069.0,No,Satisfactory,Acceptable,51.75,59.32,59.8,22.5,1.12,16.76,80.16
2017,Shillong,Meghalaya,Post-Monsoon,Umiam,Handicrafts,PM10,121.27,1.46,13103.0,232599.0,3326.0,133069.0,No,Moderate,Acceptable,65.65,74.67,26.12,3.52,0.92,58.56,113.99
2017,Shillong,Meghalaya,Summer,Umiam,Handicrafts,PM10,94.58,1.33,30808.0,232599.0,3326.0,133069.0,No,Satisfactory,Acceptable,45.94,60.86,29.88,10.11,1.46,49.44,88.91
2017,Shillong,Meghalaya,Winter,Umiam,Handicrafts,O3,104.32,1.03,29499.5,232599.0,3326.0,133069.0,No,Moderate,Acceptable,49.14,64.44,28.29,21.68,1.44,69.5,98.06
2017,Shillong,Meghalaya,Winter,Umiam,Handicrafts,PM10,120.87,1.16,14233.0,232599.0,3326.0,133069.0,No,Moderate,Acceptable,53.78,88.86,50.74,34.29,2.1,60.81,113.62
2017,Talcher,Odisha,Monsoon,Brahmani,Thermal Power,O3,185.86,0.96,23561.5,72015.0,10083.0,195010.0,No,Moderate,Acceptable,88.44,122.5,104.87,36.73,3.11,186.46,174.71
2017,Talcher,Odisha,Monsoon,Brahmani,Thermal Power,PM10,186.32,1.52,28295.0,72015.0,10083.0,195010.0,No,Moderate,Acceptable,86.23,129.5,95.09,78.5,3.18,68.95,175.14
2017,Talcher,Odisha,Post-Monsoon,Brahmani,Thermal Power,NO2,183.72,1.02,23298.0,72015.0,10083.0,195010.0,No,Moderate,Acceptable,99.06,110.83,115.21,38.4,3.96,81.12,172.7
2017,Talcher,Odisha,Post-Monsoon,Brahmani,Thermal Power,PM10,232.77,1.19,25395.0,72015.0,10083.0,195010.0,No,Poor,Acceptable,96.73,137.51,49.43,72.26,2.48,20.12,218.8
2017,Talcher,Odisha,Summer,Brahmani,Thermal Power,O3,190.58,1.67,43186.0,72015.0,10083.0,195010.0,No,Moderate,Acceptable,91.09,128.83,58.76,34.61,3.11,149.76,179.15
2017,Talcher,Odisha,Summer,Brahmani,Thermal Power,PM10,186.22,1.12,30074.0,72015.0,10083.0,195010.0,No,Moderate,Acceptable,89.49,125.85,94.68,38.81,1.95,94.84,175.05
2017,Talcher,Odisha,Winter,Brahmani,Thermal Power,O3,237.71,0.59,50244.0,72015.0,10083.0,195010.0,No,Poor,Good,131.09,143.31,88.58,17.55,2.9,164.18,223.45
2017,Talcher,Odisha,Winter,Brahmani,Thermal Power,PM10,243.73,4.28,2263154.0,471181.08,33274.54,138915.23,No,Moderate,Acceptable,90.09,269.55,30.22,20.29,2.85,11.46,229.11
2017,Thiruvananthapuram,Kerala,Monsoon,Karamana,IT/Electronics,PM10,55.46,2.36,265699.24,48352.08,259100.4,617361.15,No,Good,Acceptable,15.9,38.71,5.95,3.99,0.82,13.63,52.13
2017,Thiruvananthapuram,Kerala,Monsoon,Karamana,IT/Electronics,PM2.5,49.0,2.13,213927.0,42570.0,275420.0,836596.0,No,Good,Acceptable,38.0,10.0,7.1,4.1,0.71,18.3,46.06
2017,Thiruvananthapuram,Kerala,Post-Monsoon,Karamana,IT/Electronics,PM10,75.66,2.31,256513.52,48205.84,255646.95,638436.74,No,Good,Acceptable,27.09,42.3,7.94,3.23,0.67,7.93,71.12
2017,Thiruvananthapuram,Kerala,Summer,Karamana,IT/Electronics,NO2,137.3,1.51,8382.0,209343.0,12693.0,939999.0,No,Moderate,Acceptable,74.41,100.2,102.25,64.27,1.85,94.56,129.06
2017,Thiruvananthapuram,Kerala,Summer,Karamana,IT/Electronics,O3,143.3,0.88,27561.0,209343.0,12693.0,939999.0,No,Moderate,Good,65.43,95.61,70.22,71.55,2.56,162.73,134.7
2017,Thiruvananthapuram,Kerala,Summer,Karamana,IT/Electronics,PM10,142.44,1.13,40123.0,209343.0,12693.0,939999.0,No,Moderate,Acceptable,73.47,92.78,57.14,61.58,4.24,59.77,133.89
2017,Thiruvananthapuram,Kerala,Winter,Karamana,IT/Electronics,O3,171.96,0.6,7256.0,209343.0,12693.0,939999.0,No,Moderate,Good,74.71,110.4,70.02,64.03,0.71,172.31,161.64
2017,Thiruvananthapuram,Kerala,Winter,Karamana,IT/Electronics,PM10,94.29,2.22,250104.1,51629.71,233005.68,635412.1,No,Moderate,Good,48.94,68.55,9.52,4.57,1.31,21.73,88.63
2017,Thiruvananthapuram,Kerala,Winter,Karamana,IT/Electronics,PM2.5,76.0,2.33,214231.0,56053.0,222277.0,501864.0,No,Satisfactory,Acceptable,44.77,41.84,9.14,3.92,1.22,7.84,71.44
2017,Visakhapatnam,Andhra Pradesh,Monsoon,Gosthani,Manufacturing,PM10,93.6,3.68,80976.43,1952020.22,570.8,169602.2,No,Satisfactory,Heavily Polluted,32.04,90.15,37.4,11.9,0.0,20.41,87.98
2017,Visakhapatnam,Andhra Pradesh,Post-Monsoon,Gosthani,Manufacturing,NO2,110.0,3.14,62176.0,2015344.5,585.0,170650.5,No,Moderate,Moderately Polluted,10.32,29.93,41.16,4.7,0.26,12.52,103.4
2017,Visakhapatnam,Andhra Pradesh,Post-Monsoon,Gosthani,Manufacturing,O3,91.86,2.78,87107.0,1931371.0,574.0,167769.0,No,Satisfactory,Moderately Polluted,26.71,54.36,17.29,5.73,0.76,61.39,86.35
2017,Visakhapatnam,Andhra Pradesh,Post-Monsoon,Gosthani,Manufacturing,PM10,116.56,3.0,71905.17,1982574.35,580.71,169526.01,No,Moderate,Moderately Polluted,45.99,95.82,34.21,10.69,0.44,49.92,109.57
2017,Visakhapatnam,Andhra Pradesh,Summer,Gosthani,Manufacturing,PM10,84.0,3.29,87107.0,1931371.0,570.0,172195.0,No,Satisfactory,Moderately Polluted,21.22,80.88,25.8,8.2,0.0,18.67,78.96
2017,Visakhapatnam,Andhra Pradesh,Summer,Gosthani,Power,PM10,107.23,2.71,536714.0,1930170.5,575.44,162936.5,No,Moderate,Moderately Polluted,35.26,86.84,24.23,11.25,0.79,15.96,100.8
2017,Visakhapatnam,Andhra Pradesh,Winter,Gosthani,Manufacturing,O3,236.0,3.07,87107.0,1931371.0,588.0,167769.0,No,Poor,Moderately Polluted,80.65,120.43,33.64,12.21,1.21,153.23,221.84
2017,Visakhapatnam,Andhra Pradesh,Winter,Gosthani,Manufacturing,PM10,161.71,2.91,87107.0,1931371.0,582.13,167769.0,No,Moderate,Moderately Polluted,74.7,133.2,42.77,11.08,1.19,59.16,152.01
2018,Ahmedabad,Gujarat,Monsoon,Sabarmati,Chemical,NO2,593.62,2.32,149930.85,5055426.31,10658.0,6393030.38,No,Very Poor,Acceptable,28.12,85.45,120.04,49.4,30.35,28.86,558.0
2018,Ahmedabad,Gujarat,Monsoon,Sabarmati,Chemical,PM10,453.46,2.43,126103.57,5136991.39,10638.44,6381731.17,No,Very Poor,Acceptable,44.26,115.06,53.42,46.57,28.17,14.55,426.25
2018,Ahmedabad,Gujarat,Monsoon,Sabarmati,Chemical,PM2.5,403.38,2.42,129691.12,5156754.88,10623.12,6375482.0,No,Severe,Acceptable,167.88,105.07,47.94,34.11,28.74,5.4,379.18
2018,Ahmedabad,Gujarat,Monsoon,Sabarmati,Chemical,SO2,515.88,2.41,138178.75,5046498.25,10655.25,6399653.75,No,Severe,Moderately Polluted,32.33,109.85,61.69,126.07,32.76,19.9,484.93
2018,Ahmedabad,Gujarat,Post-Monsoon,Sabarmati,Chemical,CO,1646.0,1.94,121203.5,5063719.5,10781.5,6401748.5,No,Severe,Acceptable,86.52,102.82,66.59,44.24,115.87,36.0,1547.24
2018,Ahmedabad,Gujarat,Post-Monsoon,Sabarmati,Chemical,NO2,1010.0,1.84,135753.71,5078480.57,10670.29,6399953.0,No,Severe,Acceptable,88.03,118.32,144.26,72.2,52.07,52.32,949.4
2018,Ahmedabad,Gujarat,Post-Monsoon,Sabarmati,Chemical,PM10,699.53,1.79,142521.26,5085346.19,10618.56,6399117.88,No,Severe,Acceptable,90.83,125.53,87.29,70.43,39.52,55.69,657.56
2018,Ahmedabad,Gujarat,Post-Monsoon,Sabarmati,Chemical,PM2.5,1098.8,1.92,124598.55,5067163.75,10755.55,6401329.55,No,Severe,Acceptable,143.85,106.44,104.2,66.12,61.85,55.56,1032.87
2018,Ahmedabad,Gujarat,Summer,Sabarmati,Chemical,NO2,811.94,1.76,155154.0,5186611.81,10577.81,6393865.81,No,Severe,Acceptable,91.65,107.67,130.91,91.28,39.18,52.71,763.22
2018,Ahmedabad,Gujarat,Summer,Sabarmati,Chemical,PM10,418.86,1.78,138178.75,5102601.93,10755.5,6366918.18,No,Poor,Acceptable,59.64,90.07,51.33,51.67,19.24,38.05,393.73
2018,Ahmedabad,Gujarat,Summer,Sabarmati,Chemical,PM2.5,722.32,1.68,155154.0,5130083.74,10583.68,6358601.16,No,Severe,Acceptable,117.06,90.7,76.64,66.34,26.54,44.92,678.98
2018,Ahmedabad,Gujarat,Summer,Sabarmati,Chemical,SO2,431.53,1.81,132520.33,5088678.4,10813.27,6366719.2,No,Poor,Acceptable,63.47,88.43,49.01,110.57,12.65,38.68,405.64
2018,Ahmedabad,Gujarat,Winter,Sabarmati,Chemical,NO2,832.58,1.94,155154.0,5136069.06,10618.72,6403421.56,No,Severe,Acceptable,93.02,119.69,159.45,115.7,44.89,42.11,782.63
2018,Ahmedabad,Gujarat,Winter,Sabarmati,Chemical,PM10,518.49,1.87,155154.0,5120018.32,10514.68,6381525.54,No,Poor,Acceptable,75.53,111.0,87.62,66.25,27.04,56.59,487.38
2018,Ahmedabad,Gujarat,Winter,Sabarmati,Chemical,PM2.5,1246.73,1.85,155154.0,5134920.36,10551.0,6380350.45,No,Severe,Acceptable,159.4,114.84,123.82,89.46,74.68,48.44,1171.93
2018,Ahmedabad,Gujarat,Winter,Sabarmati,Chemical,SO2,450.5,1.92,155154.0,5148704.75,10653.5,6403843.25,No,Severe,Acceptable,87.0,123.22,111.08,153.92,27.86,56.6,423.47
2018,Aizawl,Mizoram,Monsoon,Tlawng,Handicrafts,O3,82.6,0.91,37995.0,235546.0,3378.0,83281.0,No,Satisfactory,Good,32.91,50.74,36.7,34.66,1.28,68.0,77.64
2018,Aizawl,Mizoram,Monsoon,Tlawng,Handicrafts,PM10,85.88,0.96,38323.0,235546.0,3378.0,83281.0,No,Satisfactory,Acceptable,50.64,56.58,36.5,25.7,0.92,36.38,80.73
2018,Aizawl,Mizoram,Post-Monsoon,Tlawng,Handicrafts,O3,82.93,1.39,19434.0,235546.0,3378.0,83281.0,No,Satisfactory,Acceptable,47.2,60.94,48.92,28.16,1.2,74.74,77.95
2018,Aizawl,Mizoram,Post-Monsoon,Tlawng,Handicrafts,PM10,124.93,0.61,36629.0,235546.0,3378.0,83281.0,No,Moderate,Good,54.73,60.78,27.27,7.36,1.6,28.35,117.43
2018,Aizawl,Mizoram,Summer,Tlawng,Handicrafts,O3,85.28,0.88,16561.0,235546.0,3378.0,83281.0,No,Satisfactory,Good,37.49,56.24,48.88,18.18,1.68,71.53,80.16
2018,Aizawl,Mizoram,Summer,Tlawng,Handicrafts,PM10,85.94,1.23,37628.5,235546.0,3378.0,83281.0,No,Satisfactory,Good,46.15,59.34,26.8,28.79,1.93,38.72,80.78
2018,Aizawl,Mizoram,Winter,Tlawng,Handicrafts,O3,83.16,0.85,19129.0,235546.0,3378.0,83281.0,No,Satisfactory,Good,35.16,50.8,8.22,24.0,1.96,80.0,78.17
2018,Aizawl,Mizoram,Winter,Tlawng,Handicrafts,PM10,106.59,1.54,47024.0,235546.0,3378.0,83281.0,No,Moderate,Acceptable,53.89,83.29,28.81,29.8,1.68,80.62,100.19
2018,Aizawl,Mizoram,Winter,Tlawng,Handicrafts,PM2.5,106.47,1.06,7071.0,235546.0,3378.0,83281.0,No,Moderate,Acceptable,57.37,55.69,30.9,19.42,1.81,6.64,100.08
2018,Amaravati,Andhra Pradesh,Monsoon,Krishna,Agro-processing,O3,83.7,2.68,187226.54,38335.86,112657.57,231700.86,No,Moderate,Acceptable,17.54,39.0,10.53,6.92,0.64,57.36,78.68
2018,Amaravati,Andhra Pradesh,Monsoon,Krishna,Agro-processing,PM10,73.72,2.62,176689.73,34563.78,111679.85,238088.38,No,Moderate,Good,20.83,57.72,16.13,9.78,0.78,32.0,69.3
2018,Amaravati,Andhra Pradesh,Post-Monsoon,Krishna,Agro-processing,NO2,115.0,3.13,185099.0,52093.0,149130.0,299781.0,No,Moderate,Acceptable,15.69,43.67,46.68,10.63,0.73,18.09,108.1
2018,Amaravati,Andhra Pradesh,Post-Monsoon,Krishna,Agro-processing,O3,72.0,1.89,142439.0,39650.0,93883.0,252203.0,No,Satisfactory,Good,13.11,41.43,14.11,19.9,0.79,43.39,67.68
2018,Amaravati,Andhra Pradesh,Post-Monsoon,Krishna,Agro-processing,PM10,104.85,2.62,182829.98,37582.07,111866.42,239259.58,No,Good,Good,45.87,104.85,43.52,17.16,1.03,35.13,98.56
2018,Amaravati,Andhra Pradesh,Summer,Krishna,Agro-processing,O3,111.85,2.63,177300.31,38108.15,107118.08,244411.08,No,Satisfactory,Acceptable,20.23,53.42,9.4,7.95,0.48,70.77,105.14
2018,Amaravati,Andhra Pradesh,Summer,Krishna,Agro-processing,PM10,69.33,2.68,182821.27,36537.77,114413.87,231548.84,No,Satisfactory,Acceptable,26.95,63.19,11.75,9.54,0.65,24.91,65.17
2018,Amaravati,Andhra Pradesh,Winter,Krishna,Agro-processing,NO2,69.5,2.22,205720.0,30226.5,116801.0,227572.5,No,Satisfactory,Good,15.08,21.26,29.49,11.68,0.57,18.2,65.33
2018,Amaravati,Andhra Pradesh,Winter,Krishna,Agro-processing,PM10,154.56,2.66,192527.83,35903.83,112270.67,232191.24,No,Moderate,Acceptable,69.61,127.98,45.42,15.29,0.59,43.24,145.29
2018,Amaravati,Andhra Pradesh,Winter,Krishna,Agro-processing,SO2,46.0,3.0,161531.0,20290.0,116201.0,280877.0,No,Good,Acceptable,16.38,33.04,39.69,44.59,0.67,19.12,43.24
2018,Amritsar,Punjab,Monsoon,Beas,Agro-Industry,O3,67.5,2.6,275726.0,1942771.0,4652.0,859516.0,No,Satisfactory,Moderately Polluted,18.34,28.16,5.83,3.19,0.27,32.53,63.45
2018,Amritsar,Punjab,Monsoon,Beas,Agro-Industry,PM10,68.76,2.61,275726.0,1942771.0,4642.38,859516.0,No,Satisfactory,Moderately Polluted,34.99,63.43,10.15,4.76,0.14,27.99,64.63
2018,Amritsar,Punjab,Monsoon,Beas,Agro-Industry,PM2.5,42.77,2.61,275726.0,1942771.0,4636.73,859516.0,No,Satisfactory,Moderately Polluted,40.22,30.76,8.35,4.07,0.08,19.36,40.2
2018,Amritsar,Punjab,Monsoon,Beas,Manufacturing,O3,47.21,2.76,275726.0,1921625.5,4626.0,864309.0,No,Good,Moderately Polluted,29.99,25.39,8.75,7.16,0.5,35.35,44.38
2018,Amritsar,Punjab,Monsoon,Beas,Manufacturing,PM10,143.64,2.78,275726.0,1909878.0,4578.78,866971.78,No,Poor,Moderately Polluted,47.92,152.08,15.01,7.06,0.67,31.21,135.02
2018,Amritsar,Punjab,Post-Monsoon,Beas,Agro-Industry,PM10,145.57,1.81,275726.0,1942771.0,4543.0,859516.0,No,Poor,Acceptable,58.74,144.15,33.13,6.99,0.08,18.17,136.84
2018,Amritsar,Punjab,Post-Monsoon,Beas,Power,PM10,127.29,1.56,959749.0,1943297.5,4606.0,829194.0,No,Satisfactory,Acceptable,58.31,142.11,21.53,5.98,0.01,20.6,119.65
2018,Amritsar,Punjab,Summer,Beas,Agro-Industry,NO2,72.0,1.76,264385.5,1942771.0,4543.0,859516.0,No,Satisfactory,Acceptable,28.11,65.25,237.27,4.64,0.82,25.11,67.68
2018,Amritsar,Punjab,Summer,Beas,Agro-Industry,PM10,103.53,1.71,264385.5,1942771.0,4577.88,859516.0,No,Moderate,Acceptable,43.44,123.86,10.65,4.39,0.75,26.47,97.32
2018,Amritsar,Punjab,Summer,Beas,Manufacturing,PM10,144.03,1.77,275726.0,1921625.5,4700.0,864309.0,No,Moderate,Acceptable,67.1,143.59,8.97,5.99,0.73,32.83,135.39
2018,Amritsar,Punjab,Summer,Beas,Manufacturing,PM2.5,210.5,1.77,275726.0,1921625.5,4700.0,864309.0,No,Poor,Acceptable,91.2,68.84,8.3,6.86,0.98,42.63,197.87
2018,Amritsar,Punjab,Winter,Beas,Agro-Industry,NO2,115.0,1.63,275726.0,1942771.0,4604.0,859516.0,No,Moderate,Acceptable,26.86,59.87,78.52,3.05,0.68,18.36,108.1
2018,Amritsar,Punjab,Winter,Beas,Agro-Industry,PM10,158.13,1.63,275726.0,1942771.0,4604.0,859516.0,No,Very Poor,Acceptable,73.25,143.23,54.67,4.33,1.12,18.62,148.64
2018,Amritsar,Punjab,Winter,Beas,Manufacturing,PM10,129.35,1.8,275726.0,1921625.5,4603.0,864309.0,No,Moderate,Acceptable,62.11,139.33,33.38,4.86,0.01,13.87,121.59
2018,Amritsar,Punjab,Winter,Beas,Power,PM10,129.39,1.44,1643772.0,1943824.0,4520.0,798872.0,No,Moderate,Acceptable,49.35,133.93,32.18,3.88,0.66,15.66,121.63
2018,Bengaluru,Karnataka,Monsoon,Arkavathi,Agro-Industry,PM10,67.91,4.57,225443.0,7458218.0,4811.38,3146626.52,No,Satisfactory,Severely Polluted,22.76,59.36,22.1,6.59,0.9,17.6,63.84
2018,Bengaluru,Karnataka,Monsoon,Arkavathi,Agro-Industry,PM2.5,77.33,4.53,225443.0,7458218.0,4773.0,3111653.0,No,Satisfactory,Severely Polluted,41.91,28.32,20.8,4.57,0.99,17.18,72.69
2018,Bengaluru,Karnataka,Monsoon,Arkavathi,Power,PM10,62.84,4.66,225443.0,7458218.0,4866.0,3162947.5,No,Satisfactory,Severely Polluted,19.12,59.19,17.9,6.67,0.81,13.06,59.07
2018,Bengaluru,Karnataka,Post-Monsoon,Arkavathi,Agro-Industry,PM10,102.83,4.04,152136.5,7511319.0,4815.0,3226581.5,No,Satisfactory,Heavily Polluted,43.0,91.32,31.57,6.08,1.06,28.54,96.66
2018,Bengaluru,Karnataka,Post-Monsoon,Arkavathi,Agro-Industry,PM2.5,144.0,4.04,152136.5,7511319.0,4815.0,3226581.5,No,Moderate,Heavily Polluted,108.3,93.05,29.96,5.34,1.04,25.36,135.36
2018,Bengaluru,Karnataka,Post-Monsoon,Arkavathi,Power,PM10,94.0,3.96,629366.5,7458218.0,4806.0,3162947.5,No,Satisfactory,Heavily Polluted,35.96,95.62,33.54,6.75,0.89,23.58,88.36
2018,Bengaluru,Karnataka,Post-Monsoon,Arkavathi,Power,PM2.5,116.0,3.96,629366.5,7458218.0,4806.0,3162947.5,No,Moderate,Heavily Polluted,62.95,55.23,28.34,6.45,0.82,21.13,109.04
2018,Bengaluru,Karnataka,Summer,Arkavathi,Agro-Industry,O3,79.33,4.2,176572.0,7389898.67,4787.67,3214242.0,No,Satisfactory,Heavily Polluted,32.52,64.59,28.79,4.4,0.81,76.9,74.57
2018,Bengaluru,Karnataka,Summer,Arkavathi,Agro-Industry,PM10,90.48,3.98,201880.2,7359398.96,4793.64,3214242.0,No,Satisfactory,Heavily Polluted,37.62,82.67,29.95,4.11,0.97,41.96,85.05
2018,Bengaluru,Karnataka,Summer,Arkavathi,Agro-Industry,PM2.5,106.0,3.81,210781.7,7273755.8,4820.6,3214242.0,No,Satisfactory,Heavily Polluted,101.57,66.95,26.92,6.29,0.93,43.34,99.64
2018,Bengaluru,Karnataka,Winter,Arkavathi,Agro-Industry,O3,69.33,4.12,225443.0,7458218.0,4835.0,3214242.0,No,Satisfactory,Heavily Polluted,22.18,29.95,22.74,2.94,0.96,33.42,65.17
2018,Bengaluru,Karnataka,Winter,Arkavathi,Agro-Industry,PM10,102.66,4.02,225443.0,7458218.0,4811.2,3214242.0,No,Satisfactory,Heavily Polluted,44.95,94.5,32.83,5.23,0.98,47.49,96.5
2018,Bengaluru,Karnataka,Winter,Arkavathi,Power,PM10,97.58,4.04,629366.5,7511319.0,4792.0,3226581.5,No,Satisfactory,Heavily Polluted,38.34,100.32,40.0,4.39,1.04,57.21,91.73
2018,Bhopal,Madhya Pradesh,Monsoon,Betwa,Manufacturing,NO2,122.98,0.88,7352.5,29341.0,11429.0,474189.0,No,Moderate,Good,55.14,74.3,84.31,48.52,2.22,56.05,115.6
2018,Bhopal,Madhya Pradesh,Monsoon,Betwa,Manufacturing,O3,128.82,1.4,16029.5,29341.0,11429.0,474189.0,No,Moderate,Acceptable,58.96,83.14,60.32,32.85,1.13,101.74,121.09
2018,Bhopal,Madhya Pradesh,Post-Monsoon,Betwa,Manufacturing,O3,163.05,1.01,15185.0,29341.0,11429.0,474189.0,No,Moderate,Acceptable,62.08,108.08,92.2,45.86,3.24,143.11,153.27
2018,Bhopal,Madhya Pradesh,Post-Monsoon,Betwa,Manufacturing,PM10,123.33,1.32,1942.0,29341.0,11429.0,474189.0,No,Moderate,Acceptable,60.67,71.79,62.11,55.3,4.18,46.17,115.93
2018,Bhopal,Madhya Pradesh,Summer,Betwa,Manufacturing,O3,128.72,1.46,33739.0,29341.0,11429.0,474189.0,No,Moderate,Acceptable,56.1,83.52,32.72,38.53,2.25,143.79,121.0
2018,Bhopal,Madhya Pradesh,Summer,Betwa,Manufacturing,PM10,123.3,0.67,7151.0,29341.0,11429.0,474189.0,No,Moderate,Good,57.0,93.3,18.81,9.24,4.33,52.19,115.9
2018,Bhopal,Madhya Pradesh,Winter,Betwa,Manufacturing,NO2,121.52,1.32,24244.0,29341.0,11429.0,474189.0,No,Moderate,Acceptable,53.29,82.16,94.29,11.95,3.78,26.46,114.23
2018,Bhopal,Madhya Pradesh,Winter,Betwa,Manufacturing,PM10,164.63,1.25,43526.5,29341.0,11429.0,474189.0,No,Moderate,Acceptable,82.44,103.1,60.14,61.54,2.23,78.8,154.75
2018,Brajrajnagar,Odisha,Monsoon,Ib,Coal/Power,PM10,93.28,4.17,866593.32,180018.18,22375.4,72006.89,No,Moderate,Acceptable,32.96,56.39,9.47,11.55,1.45,7.87,87.68
2018,Brajrajnagar,Odisha,Monsoon,Ib,Coal/Power,PM2.5,187.5,4.66,979601.0,215420.0,21492.0,53641.0,No,Moderate,Moderately Polluted,88.38,77.28,14.98,12.7,2.61,15.46,176.25
2018,Brajrajnagar,Odisha,Post-Monsoon,Ib,Coal/Power,PM10,143.92,4.21,875625.25,171383.93,22234.18,72421.59,No,Moderate,Acceptable,57.28,121.17,15.89,12.13,0.9,7.66,135.28
2018,Brajrajnagar,Odisha,Summer,Ib,Coal/Power,PM10,179.57,4.28,843234.73,174052.72,22875.63,71284.78,No,Moderate,Acceptable,80.02,164.56,21.57,14.52,3.64,20.66,168.8
2018,Brajrajnagar,Odisha,Winter,Ib,Coal/Power,PM10,213.39,4.36,908188.67,176439.57,22131.16,71238.08,No,Poor,Moderately Polluted,94.49,170.41,21.7,12.13,2.84,10.1,200.59
2018,Chandigarh,Chandigarh,Monsoon,Sukhna,Manufacturing,O3,112.66,0.78,34700.5,257725.0,3337.0,1306571.0,No,Moderate,Good,55.32,75.21,45.5,38.56,2.59,92.08,105.9
2018,Chandigarh,Chandigarh,Monsoon,Sukhna,Manufacturing,PM10,112.22,1.14,15334.0,257725.0,3337.0,1306571.0,No,Moderate,Acceptable,52.18,68.69,23.36,37.44,1.48,46.02,105.49
2018,Chandigarh,Chandigarh,Post-Monsoon,Sukhna,Manufacturing,PM10,124.84,1.08,27506.5,257725.0,3337.0,1306571.0,No,Moderate,Acceptable,68.48,74.54,33.98,32.61,2.0,36.96,117.35
2018,Chandigarh,Chandigarh,Summer,Sukhna,Manufacturing,NO2,106.55,1.4,47253.0,257725.0,3337.0,1306571.0,No,Moderate,Acceptable,58.45,66.4,95.61,59.36,2.12,29.44,100.16
2018,Chandigarh,Chandigarh,Summer,Sukhna,Manufacturing,PM10,106.1,1.09,22144.5,257725.0,3337.0,1306571.0,No,Moderate,Good,52.51,74.66,38.46,21.68,2.99,56.97,99.73
2018,Chandigarh,Chandigarh,Winter,Sukhna,Manufacturing,O3,114.94,1.37,46999.0,257725.0,3337.0,1306571.0,No,Moderate,Acceptable,54.59,70.92,26.71,35.42,0.53,71.09,108.04
2018,Chandigarh,Chandigarh,Winter,Sukhna,Manufacturing,PM10,142.16,0.7,26925.5,257725.0,3337.0,1306571.0,No,Moderate,Good,83.65,103.27,52.48,34.62,2.96,23.38,133.63
2018,Chennai,Tamil Nadu,Monsoon,Cooum,Manufacturing,PM10,78.79,4.9,143675.75,5869534.79,29352.25,19219245.71,No,Satisfactory,Severely Polluted,33.55,40.68,17.99,8.13,0.84,23.2,74.06
2018,Chennai,Tamil Nadu,Monsoon,Cooum,Manufacturing,PM2.5,97.53,4.94,157273.19,5855138.27,29264.08,19156311.7,No,Satisfactory,Severely Polluted,53.34,36.54,20.56,7.41,0.82,22.74,91.68
2018,Chennai,Tamil Nadu,Post-Monsoon,Cooum,Manufacturing,PM10,82.82,4.38,157307.58,5877380.54,29349.0,19123124.15,No,Satisfactory,Heavily Polluted,36.73,62.63,16.44,10.07,0.97,21.33,77.85
2018,Chennai,Tamil Nadu,Post-Monsoon,Cooum,Manufacturing,PM2.5,161.82,4.37,160890.43,5890498.59,29395.25,19062589.11,No,Satisfactory,Heavily Polluted,81.61,60.08,19.76,9.86,1.01,30.5,152.11
2018,Chennai,Tamil Nadu,Summer,Cooum,Manufacturing,O3,95.0,4.71,144525.5,5834843.0,29592.0,19339087.0,No,Moderate,Severely Polluted,44.86,31.58,15.39,8.36,0.79,51.57,89.3
2018,Chennai,Tamil Nadu,Summer,Cooum,Manufacturing,PM10,77.25,4.76,169739.9,5878337.18,29504.72,19055281.39,No,Moderate,Severely Polluted,35.69,166.32,27.31,6.87,0.9,32.48,72.61
2018,Chennai,Tamil Nadu,Summer,Cooum,Manufacturing,PM2.5,115.09,4.71,144525.5,5834843.0,29592.0,19339087.0,No,Poor,Severely Polluted,59.19,31.58,16.28,8.96,0.93,29.65,108.18
2018,Chennai,Tamil Nadu,Winter,Cooum,Manufacturing,O3,150.0,4.71,172220.0,5834843.0,28982.0,19178526.0,No,Moderate,Severely Polluted,57.67,59.36,11.22,17.04,1.01,69.62,141.0
2018,Chennai,Tamil Nadu,Winter,Cooum,Manufacturing,PM10,98.43,4.82,172220.0,5833921.49,28930.22,19178526.0,No,Satisfactory,Severely Polluted,46.72,61.7,17.12,9.42,0.83,28.55,92.52
2018,Chennai,Tamil Nadu,Winter,Cooum,Manufacturing,PM2.5,164.13,4.77,172220.0,5830417.08,28769.98,19178526.0,No,Moderate,Severely Polluted,81.19,61.33,17.83,13.4,0.82,38.04,154.28
2018,Coimbatore,Tamil Nadu,Monsoon,Noyyal,Manufacturing,PM10,145.2,1.4,28842.75,56889.0,4810.0,6503861.0,No,Moderate,Acceptable,66.22,98.19,73.04,30.14,1.06,70.31,136.49
2018,Coimbatore,Tamil Nadu,Post-Monsoon,Noyyal,Manufacturing,O3,142.81,0.58,31053.0,56889.0,4810.0,6503861.0,No,Moderate,Good,84.43,87.31,15.83,59.15,1.13,172.99,134.24
2018,Coimbatore,Tamil Nadu,Post-Monsoon,Noyyal,Manufacturing,PM10,185.3,1.49,22415.0,56889.0,4810.0,6503861.0,No,Moderate,Acceptable,102.36,104.88,88.36,26.01,0.87,57.13,174.18
2018,Coimbatore,Tamil Nadu,Summer,Noyyal,Manufacturing,O3,147.3,1.33,44478.0,56889.0,4810.0,6503861.0,No,Moderate,Good,75.58,90.64,19.64,48.04,3.38,122.36,138.46
2018,Coimbatore,Tamil Nadu,Summer,Noyyal,Manufacturing,PM10,141.97,1.18,24897.0,56889.0,4810.0,6503861.0,No,Moderate,Acceptable,83.47,98.7,53.49,72.48,1.03,15.21,133.45
2018,Coimbatore,Tamil Nadu,Winter,Noyyal,Manufacturing,O3,164.0,0.98,26744.5,56889.0,4810.0,6503861.0,No,Moderate,Acceptable,88.82,116.0,26.0,8.43,2.07,123.66,154.16
2018,Coimbatore,Tamil Nadu,Winter,Noyyal,Manufacturing,PM10,188.19,1.29,19342.0,56889.0,4810.0,6503861.0,No,Moderate,Acceptable,87.09,123.61,76.44,9.6,1.68,70.94,176.9
2018,Delhi,Delhi,Monsoon,Yamuna,Manufacturing,PM10,144.74,5.81,257111.31,12403092.2,12427.0,2995521.89,No,Moderate,Severely Polluted,52.07,144.59,29.46,10.16,0.87,34.56,136.06
2018,Delhi,Delhi,Post-Monsoon,Yamuna,Manufacturing,PM10,328.11,5.62,254798.94,12470009.9,12326.06,3048100.39,No,Moderate,Severely Polluted,167.76,318.4,57.92,17.04,1.94,43.98,308.42
2018,Delhi,Delhi,Summer,Yamuna,Manufacturing,PM10,238.25,5.6,245327.11,12463640.11,12315.95,3002986.32,No,Poor,Severely Polluted,92.77,240.22,48.18,14.41,1.38,54.72,223.96
2018,Delhi,Delhi,Winter,Yamuna,Manufacturing,PM10,348.34,5.65,258638.08,12451106.0,12235.54,3010631.14,No,Severe,Severely Polluted,187.35,316.42,57.79,15.28,1.8,47.36,327.44
2018,Ernakulam,Kerala,Monsoon,Periyar,Shipping/Refinery,O3,199.46,1.61,22308.0,84198.0,7327.0,708907.0,No,Poor,Acceptable,114.73,129.35,73.58,22.96,2.14,153.24,187.49
2018,Ernakulam,Kerala,Monsoon,Periyar,Shipping/Refinery,PM10,208.8,1.16,33960.5,84198.0,7327.0,708907.0,No,Poor,Acceptable,91.12,133.56,84.35,43.39,1.66,79.88,196.27
2018,Ernakulam,Kerala,Post-Monsoon,Periyar,Shipping/Refinery,PM10,213.1,1.41,23677.0,84198.0,7327.0,708907.0,No,Poor,Acceptable,88.76,122.69,84.31,76.3,3.06,97.26,200.31
2018,Ernakulam,Kerala,Post-Monsoon,Periyar,Shipping/Refinery,PM2.5,266.09,0.93,5799.0,84198.0,7327.0,708907.0,No,Poor,Good,154.33,144.68,56.77,7.41,3.92,102.0,250.12
2018,Ernakulam,Kerala,Summer,Periyar,Shipping/Refinery,PM10,203.88,0.94,16915.0,84198.0,7327.0,708907.0,No,Poor,Acceptable,86.76,138.07,74.83,20.15,1.91,72.99,191.65
2018,Ernakulam,Kerala,Winter,Periyar,Shipping/Refinery,PM10,239.9,1.05,26957.33,84198.0,7327.0,708907.0,No,Poor,Acceptable,112.26,162.37,72.76,39.59,2.28,72.47,225.51
2018,Gurugram,Haryana,Monsoon,Sahibi,Automobile,PM10,110.63,3.48,810526.6,153970.33,231270.48,2008102.96,No,Poor,Moderately Polluted,55.07,93.61,22.35,5.39,0.62,23.69,103.99
2018,Gurugram,Haryana,Monsoon,Sahibi,Automobile,PM2.5,289.45,3.48,805920.06,139455.94,223938.87,2013876.48,No,Poor,Acceptable,170.59,94.95,24.97,5.73,0.61,28.38,272.08
2018,Gurugram,Haryana,Post-Monsoon,Sahibi,Automobile,PM10,314.53,3.39,773005.53,147689.55,228571.6,2124367.47,No,Moderate,Acceptable,160.21,270.65,38.99,10.29,0.98,38.44,295.66
2018,Gurugram,Haryana,Post-Monsoon,Sahibi,Automobile,PM2.5,375.0,3.29,708966.0,199418.0,197106.0,2708913.0,No,Very Poor,Acceptable,227.62,226.93,104.13,14.27,0.99,22.88,352.5
2018,Gurugram,Haryana,Summer,Sahibi,Automobile,NO2,165.0,3.77,937055.0,182056.0,191367.0,1470676.0,No,Moderate,Acceptable,60.44,194.22,241.34,12.95,0.41,55.22,155.1
2018,Gurugram,Haryana,Summer,Sahibi,Automobile,PM10,200.39,3.52,787299.46,143725.48,222840.25,2141557.89,No,Poor,Acceptable,88.28,189.13,27.74,10.8,0.87,39.85,188.37
2018,Gurugram,Haryana,Winter,Sahibi,Automobile,O3,266.0,3.7,518160.0,135750.0,290171.0,1708597.0,No,Poor,Acceptable,3.42,28.85,60.78,8.26,0.16,96.25,250.04
2018,Gurugram,Haryana,Winter,Sahibi,Automobile,PM10,303.11,3.56,808309.32,149235.82,224948.32,2124358.28,No,Severe,Acceptable,149.85,272.39,31.19,9.51,1.24,27.53,284.92
2018,Gurugram,Haryana,Winter,Sahibi,Automobile,PM2.5,419.0,3.18,766328.75,156590.25,200396.25,1790102.0,No,Severe,Acceptable,295.36,182.0,42.73,15.08,1.83,36.7,393.86
2018,Guwahati,Assam,Monsoon,Brahmaputra,Agro-Industry,O3,206.05,0.95,37995.0,235546.0,3378.0,237475.0,No,Poor,Good,77.78,115.58,81.7,77.88,3.23,178.55,193.69
2018,Guwahati,Assam,Monsoon,Brahmaputra,Agro-Industry,PM10,194.86,1.17,43660.0,235546.0,3378.0,237475.0,No,Moderate,Acceptable,101.79,120.04,82.82,55.8,2.13,69.54,183.17
2018,Guwahati,Assam,Monsoon,Brahmaputra,Agro-Industry,PM2.5,185.32,0.58,27649.0,235546.0,3378.0,237475.0,No,Moderate,Good,111.76,111.4,86.56,63.21,2.17,95.71,174.2
2018,Guwahati,Assam,Post-Monsoon,Brahmaputra,Agro-Industry,O3,191.63,1.46,19434.0,235546.0,3378.0,237475.0,No,Moderate,Acceptable,98.6,139.78,112.75,64.11,3.17,153.56,180.13
2018,Guwahati,Assam,Post-Monsoon,Brahmaputra,Agro-Industry,PM10,244.8,0.6,36629.0,235546.0,3378.0,237475.0,No,Poor,Good,124.72,135.64,59.6,16.54,3.9,58.08,230.11
2018,Guwahati,Assam,Summer,Brahmaputra,Agro-Industry,O3,186.22,0.93,33033.0,235546.0,3378.0,237475.0,No,Moderate,Good,96.16,107.5,101.32,41.08,4.02,135.21,175.05
2018,Guwahati,Assam,Summer,Brahmaputra,Agro-Industry,PM10,200.98,1.51,25752.0,235546.0,3378.0,237475.0,No,Poor,Acceptable,100.14,141.57,24.73,76.39,3.63,76.18,188.92
2018,Guwahati,Assam,Winter,Brahmaputra,Agro-Industry,O3,194.41,0.83,19129.0,235546.0,3378.0,237475.0,No,Moderate,Good,82.49,120.26,19.93,52.41,4.2,181.36,182.75
2018,Guwahati,Assam,Winter,Brahmaputra,Agro-Industry,PM10,247.72,1.3,27047.5,235546.0,3378.0,237475.0,No,Poor,Acceptable,117.4,157.58,63.57,58.04,3.77,93.97,232.86
2018,Hyderabad,Telangana,Monsoon,Musi,Manufacturing,NO2,53.67,4.31,357539.0,6804164.0,20424.0,8330492.67,No,Good,Heavily Polluted,10.25,15.65,21.07,6.47,0.31,17.2,50.45
2018,Hyderabad,Telangana,Monsoon,Musi,Manufacturing,PM10,62.57,4.31,319065.18,6786231.75,20493.89,8283982.85,No,Satisfactory,Heavily Polluted,23.98,59.24,26.23,7.06,0.35,17.66,58.82
2018,Hyderabad,Telangana,Monsoon,Musi,Power,O3,65.0,4.22,610716.0,6807004.5,20299.0,8345746.0,No,Satisfactory,Heavily Polluted,18.13,28.83,22.03,5.92,0.59,38.53,61.1
2018,Hyderabad,Telangana,Monsoon,Musi,Power,PM10,65.67,4.22,610716.0,6807004.5,20299.0,8345746.0,No,Moderate,Heavily Polluted,23.63,57.43,24.28,7.18,0.51,27.09,61.73
2018,Hyderabad,Telangana,Post-Monsoon,Musi,Manufacturing,PM10,110.51,3.94,328536.47,6804164.0,20161.98,8264667.34,No,Moderate,Heavily Polluted,54.51,118.36,43.83,11.27,0.58,30.55,103.88
2018,Hyderabad,Telangana,Summer,Musi,Manufacturing,O3,84.0,4.1,357539.0,6804164.0,19978.0,8391506.0,No,Satisfactory,Heavily Polluted,22.04,47.36,27.86,5.47,0.65,51.23,78.96
2018,Hyderabad,Telangana,Summer,Musi,Manufacturing,PM10,103.18,3.98,357539.0,6804164.0,20127.4,8281599.38,No,Moderate,Heavily Polluted,43.02,100.34,38.31,7.51,0.76,46.34,96.99
2018,Hyderabad,Telangana,Winter,Musi,Chemical,PM10,133.32,3.66,357539.0,6804164.0,20227.5,8230488.0,No,Moderate,Heavily Polluted,67.41,125.44,41.54,9.91,0.66,34.85,125.32
2018,Hyderabad,Telangana,Winter,Musi,Power,PM10,128.51,3.66,477690.8,6805512.03,20246.49,8348072.78,No,Moderate,Heavily Polluted,60.23,130.71,52.68,12.33,0.91,46.08,120.8
2018,Jaipur,Rajasthan,Monsoon,Banas,Manufacturing,PM10,120.46,3.29,235830.65,3752120.93,6848.94,2196390.41,No,Moderate,Moderately Polluted,48.54,121.32,20.69,9.9,0.7,34.38,113.23
2018,Jaipur,Rajasthan,Monsoon,Banas,Manufacturing,PM2.5,135.4,3.22,237150.6,3712202.6,6790.2,2187339.6,No,Moderate,Moderately Polluted,67.29,56.79,15.16,8.9,0.59,32.3,127.28
2018,Jaipur,Rajasthan,Post-Monsoon,Banas,Manufacturing,PM10,162.89,2.7,229555.5,3749969.0,6803.95,2195902.5,No,Moderate,Moderately Polluted,68.07,148.85,44.07,11.53,1.4,48.19,153.12
2018,Jaipur,Rajasthan,Summer,Banas,Manufacturing,O3,102.5,2.82,223226.25,3749969.0,6852.0,2195902.5,No,Moderate,Moderately Polluted,28.64,61.76,32.48,6.21,0.58,63.67,96.35
2018,Jaipur,Rajasthan,Summer,Banas,Manufacturing,PM10,151.87,2.78,225476.65,3749969.0,6833.83,2195902.5,No,Moderate,Moderately Polluted,56.83,154.09,36.03,9.51,0.85,68.24,142.76
2018,Jaipur,Rajasthan,Winter,Banas,Manufacturing,PM10,177.09,2.62,216897.0,3709198.45,6817.44,2205146.54,No,Poor,Moderately Polluted,75.11,155.78,41.11,13.02,0.88,49.76,166.46
2018,Jaipur,Rajasthan,Winter,Banas,Manufacturing,PM2.5,298.0,2.76,216897.0,3687025.0,6865.0,2210174.0,No,Very Poor,Moderately Polluted,220.94,124.02,21.3,19.23,1.01,60.11,280.12
2018,Jorapokhar,Jharkhand,Monsoon,Damodar,Mining/Coal,O3,204.0,5.47,1308050.0,279722.0,28191.0,74091.0,No,Poor,Moderately Polluted,11.0,85.73,7.68,63.24,0.65,102.19,191.76
2018,Jorapokhar,Jharkhand,Monsoon,Damodar,Mining/Coal,PM10,104.0,5.01,1236376.75,236763.18,30703.51,56108.74,No,Moderate,Moderately Polluted,25.83,98.83,8.17,26.77,0.39,16.41,97.76
2018,Jorapokhar,Jharkhand,Monsoon,Damodar,Mining/Coal,PM2.5,69.0,4.94,1319436.0,298712.67,26004.0,49707.0,No,Satisfactory,Moderately Polluted,51.9,50.2,6.99,25.68,0.39,12.24,64.86
2018,Jorapokhar,Jharkhand,Post-Monsoon,Damodar,Mining/Coal,PM10,268.11,5.04,1265018.23,231419.59,29427.89,57664.44,No,Moderate,Moderately Polluted,66.87,309.43,7.45,22.11,0.0,28.02,252.02
2018,Jorapokhar,Jharkhand,Summer,Damodar,Mining/Coal,PM10,133.27,4.99,1235598.7,239483.57,30348.06,55887.67,No,Moderate,Moderately Polluted,53.82,147.39,9.21,51.5,0.48,31.13,125.27
2018,Jorapokhar,Jharkhand,Summer,Damodar,Mining/Coal,PM2.5,90.0,5.17,1074690.0,307093.0,38007.0,45298.0,No,Satisfactory,Moderately Polluted,49.75,46.22,7.53,29.93,0.27,2.14,84.6
2018,Jorapokhar,Jharkhand,Summer,Damodar,Mining/Coal,SO2,119.71,4.74,1374165.0,235468.14,28052.14,51256.71,No,Moderate,Acceptable,50.47,61.0,7.79,115.11,0.5,29.59,112.53
2018,Jorapokhar,Jharkhand,Winter,Damodar,Mining/Coal,O3,225.0,5.95,845571.0,333552.0,23273.0,58008.0,No,Poor,Moderately Polluted,83.27,99.2,9.42,47.19,0.26,165.48,211.5
2018,Jorapokhar,Jharkhand,Winter,Damodar,Mining/Coal,PM10,208.36,5.03,1270055.48,250735.2,30872.09,58669.99,No,Moderate,Moderately Polluted,80.45,249.79,9.54,63.69,0.29,26.21,195.86
2018,Jorapokhar,Jharkhand,Winter,Damodar,Mining/Coal,PM2.5,90.0,4.54,1337773.0,192348.0,29089.0,70420.0,No,Satisfactory,Moderately Polluted,83.27,58.74,8.64,43.95,0.3,12.69,84.6
2018,Kochi,Kerala,Monsoon,Periyar,Shipping/Refinery,O3,221.71,1.57,22308.0,84198.0,7327.0,856729.0,No,Poor,Acceptable,123.46,145.62,82.56,23.96,2.35,163.9,208.41
2018,Kochi,Kerala,Monsoon,Periyar,Shipping/Refinery,PM10,219.12,1.14,33960.5,84198.0,7327.0,856729.0,No,Poor,Acceptable,97.54,142.82,96.96,50.74,1.86,88.26,205.97
2018,Kochi,Kerala,Post-Monsoon,Periyar,Shipping/Refinery,PM10,252.44,1.18,14738.0,84198.0,7327.0,856729.0,No,Poor,Acceptable,135.48,154.8,78.72,42.78,3.77,107.76,237.29
2018,Kochi,Kerala,Summer,Periyar,Shipping/Refinery,PM10,222.03,0.95,16915.0,84198.0,7327.0,856729.0,No,Poor,Acceptable,89.5,158.2,81.2,22.01,2.08,81.79,208.71
2018,Kochi,Kerala,Winter,Periyar,Shipping/Refinery,PM10,265.77,1.03,26957.33,84198.0,7327.0,856729.0,No,Poor,Acceptable,135.17,176.02,81.57,43.58,2.51,78.17,249.82
2018,Kolkata,West Bengal,Monsoon,Hooghly,Manufacturing,NO2,58.27,4.46,174737.0,4303545.0,26841.73,12320597.0,No,Good,Heavily Polluted,14.25,29.4,32.09,1.3,0.96,11.86,54.77
2018,Kolkata,West Bengal,Monsoon,Hooghly,Manufacturing,O3,45.5,4.56,174737.0,4303545.0,26674.5,12346115.0,No,Good,Heavily Polluted,7.15,14.06,18.37,1.63,0.84,22.44,42.77
2018,Kolkata,West Bengal,Monsoon,Hooghly,Manufacturing,PM10,68.9,4.5,174737.0,4303545.0,26781.05,12322942.11,No,Satisfactory,Heavily Polluted,29.2,54.29,29.54,2.72,0.89,20.45,64.77
2018,Kolkata,West Bengal,Monsoon,Hooghly,Manufacturing,SO2,54.0,4.46,174737.0,4303545.0,26858.0,12299332.0,No,Satisfactory,Heavily Polluted,4.28,9.57,9.2,61.01,0.0,34.54,50.76
2018,Kolkata,West Bengal,Post-Monsoon,Hooghly,Manufacturing,NO2,80.6,3.81,472848.2,4314941.9,26519.6,12239769.4,No,Moderate,Heavily Polluted,17.37,33.92,37.65,2.39,1.2,20.17,75.76
2018,Kolkata,West Bengal,Post-Monsoon,Hooghly,Manufacturing,PM10,235.04,3.64,354402.23,4283532.69,26614.32,12145107.41,No,Moderate,Heavily Polluted,112.44,180.92,57.62,10.78,1.57,35.59,220.94
2018,Kolkata,West Bengal,Summer,Hooghly,Manufacturing,NO2,68.5,4.22,174737.0,4303545.0,26732.0,12299332.0,No,Satisfactory,Heavily Polluted,15.2,41.34,52.08,5.78,0.0,28.2,64.39
2018,Kolkata,West Bengal,Summer,Hooghly,Manufacturing,O3,79.33,4.16,174737.0,4303545.0,26299.0,12024910.5,No,Satisfactory,Heavily Polluted,24.51,46.68,36.38,6.91,0.85,50.56,74.57
2018,Kolkata,West Bengal,Summer,Hooghly,Manufacturing,PM10,73.98,4.13,171345.38,4214884.02,26151.79,12238559.96,No,Poor,Acceptable,26.73,58.24,27.95,5.72,0.35,33.66,69.54
2018,Kolkata,West Bengal,Winter,Hooghly,Manufacturing,O3,220.12,1.7,7792.0,47818.0,6676.0,14321861.0,No,Poor,Acceptable,86.65,134.89,111.27,67.91,2.9,141.0,206.91
2018,Kolkata,West Bengal,Winter,Hooghly,Manufacturing,PM10,336.32,3.6,531010.56,4200739.78,26325.64,12362536.03,No,Poor,Good,181.35,289.3,84.74,16.71,1.08,35.92,316.14
2018,Lucknow,Uttar Pradesh,Monsoon,Gomti,Agro-Industry,PM10,108.07,2.38,191098.41,2808209.5,1986.41,1075431.13,No,Moderate,Acceptable,47.79,97.0,27.47,6.75,0.86,22.14,101.59
2018,Lucknow,Uttar Pradesh,Monsoon,Gomti,Agro-Industry,PM2.5,236.45,2.32,179824.27,2835622.0,1981.64,1072159.77,No,Poor,Acceptable,127.12,97.0,29.61,8.53,0.92,16.76,222.26
2018,Lucknow,Uttar Pradesh,Post-Monsoon,Gomti,Agro-Industry,PM10,180.0,2.41,174052.0,2849657.0,2028.0,1108821.0,No,Moderate,Acceptable,83.49,97.0,34.14,5.91,1.0,33.93,169.2
2018,Lucknow,Uttar Pradesh,Post-Monsoon,Gomti,Agro-Industry,PM2.5,321.29,2.43,187905.45,2849657.0,2004.0,1108821.0,No,Poor,Acceptable,166.37,97.0,58.48,8.36,1.72,32.61,302.01
2018,Lucknow,Uttar Pradesh,Summer,Gomti,Agro-Industry,O3,257.5,1.77,174052.0,2849657.0,2016.0,1070414.0,No,Poor,Acceptable,98.48,97.0,34.72,7.06,0.44,130.18,242.05
2018,Lucknow,Uttar Pradesh,Summer,Gomti,Agro-Industry,PM10,165.07,1.81,187636.98,2841758.23,1994.45,1100782.33,No,Poor,Acceptable,75.0,97.0,46.11,10.5,0.42,42.49,155.17
2018,Lucknow,Uttar Pradesh,Summer,Gomti,Agro-Industry,PM2.5,278.04,1.81,177834.68,2836517.85,2002.38,1092477.6,No,Poor,Acceptable,140.23,97.0,46.39,12.11,0.53,43.09,261.36
2018,Lucknow,Uttar Pradesh,Winter,Gomti,Agro-Industry,PM10,181.0,1.33,174052.0,2787903.0,2009.0,1108821.0,No,Moderate,Acceptable,76.71,97.0,25.24,13.5,0.72,89.05,170.14
2018,Lucknow,Uttar Pradesh,Winter,Gomti,Agro-Industry,PM2.5,349.63,1.57,178475.25,2809412.82,1994.37,1102132.14,No,Very Poor,Acceptable,191.91,97.0,46.89,10.44,1.45,34.94,328.65
2018,Mumbai,Maharashtra,Monsoon,Ulhas,Manufacturing,O3,74.5,4.02,119597.75,9043814.25,22504.75,23620391.0,No,Satisfactory,Heavily Polluted,20.64,50.77,18.88,21.04,1.22,54.02,70.03
2018,Mumbai,Maharashtra,Monsoon,Ulhas,Manufacturing,PM10,77.87,4.07,118988.79,9042905.37,22625.37,23665411.92,No,Satisfactory,Heavily Polluted,20.99,62.99,20.98,15.74,1.3,35.37,73.2
2018,Mumbai,Maharashtra,Monsoon,Ulhas,Manufacturing,PM2.5,107.0,4.09,120826.0,8935657.0,22492.0,23618487.0,No,Moderate,Heavily Polluted,80.13,64.24,20.85,11.77,0.91,39.5,100.58
2018,Mumbai,Maharashtra,Post-Monsoon,Ulhas,Manufacturing,PM10,136.98,3.84,119577.61,9045587.32,22340.57,23619454.61,No,Moderate,Heavily Polluted,53.05,138.9,37.61,20.22,2.07,51.8,128.76
2018,Mumbai,Maharashtra,Summer,Ulhas,Manufacturing,O3,96.67,3.72,120416.58,8935657.0,22787.75,22854729.0,No,Moderate,Heavily Polluted,20.61,62.4,12.54,19.29,1.2,102.86,90.87
2018,Mumbai,Maharashtra,Summer,Ulhas,Manufacturing,PM10,93.76,3.74,119987.9,8935657.0,22616.82,23256572.38,No,Moderate,Heavily Polluted,23.35,82.74,15.76,15.67,1.23,32.33,88.13
2018,Mumbai,Maharashtra,Summer,Ulhas,Manufacturing,SO2,113.0,3.7,118369.5,8935657.0,22488.0,23622295.0,No,Moderate,Heavily Polluted,28.64,108.48,17.64,164.37,1.66,38.49,106.22
2018,Mumbai,Maharashtra,Winter,Ulhas,Manufacturing,PM10,156.64,3.6,119133.74,9010165.33,22532.56,23620983.36,No,Moderate,Heavily Polluted,66.31,163.06,45.48,16.75,1.69,45.69,147.24
2018,Patna,Bihar,Monsoon,Ganga,Agro-Industry,NO2,136.92,4.64,236144.0,2248587.0,1947.0,461679.0,No,Moderate,Severely Polluted,63.03,56.45,95.3,38.06,1.03,65.44,128.7
2018,Patna,Bihar,Monsoon,Ganga,Agro-Industry,O3,150.62,4.63,236144.0,2248379.46,1947.92,461423.62,No,Poor,Severely Polluted,63.88,63.65,59.06,37.02,0.9,90.5,141.58
2018,Patna,Bihar,Monsoon,Ganga,Agro-Industry,PM10,112.03,4.57,236144.0,2247946.8,1943.54,460891.2,No,Satisfactory,Severely Polluted,57.88,103.22,62.65,22.93,1.08,55.06,105.31
2018,Patna,Bihar,Monsoon,Ganga,Agro-Industry,PM2.5,160.57,4.64,236144.0,2248587.0,1947.0,461679.0,No,Moderate,Severely Polluted,79.06,56.45,42.43,32.34,0.84,60.28,150.94
2018,Patna,Bihar,Monsoon,Ganga,Manufacturing,NO2,99.88,4.62,143965.0,2171306.0,2002.5,460019.0,No,Moderate,Heavily Polluted,47.74,57.82,77.02,47.0,1.09,59.09,93.89
2018,Patna,Bihar,Monsoon,Ganga,Manufacturing,O3,85.33,4.62,143965.0,2171306.0,2002.5,460019.0,No,Satisfactory,Heavily Polluted,36.84,57.82,55.81,40.73,0.86,64.15,80.21
2018,Patna,Bihar,Monsoon,Ganga,Manufacturing,PM10,83.5,4.62,143965.0,2171306.0,2002.5,460019.0,No,Satisfactory,Heavily Polluted,38.53,57.82,45.3,47.04,0.72,50.47,78.49
2018,Patna,Bihar,Monsoon,Ganga,Manufacturing,SO2,101.25,4.62,143965.0,2171306.0,2002.5,460019.0,No,Moderate,Heavily Polluted,46.8,57.82,73.7,82.37,1.03,60.46,95.18
2018,Patna,Bihar,Post-Monsoon,Ganga,Manufacturing,PM2.5,367.2,4.02,51786.0,2095374.0,1940.0,460019.0,No,Very Poor,Heavily Polluted,208.78,103.22,17.23,34.22,2.29,50.06,345.17
2018,Patna,Bihar,Post-Monsoon,Ganga,Power,O3,166.0,4.34,704781.0,2247238.0,1976.0,448471.5,No,Moderate,Heavily Polluted,71.81,103.22,25.78,25.87,0.89,104.55,156.04
2018,Patna,Bihar,Post-Monsoon,Ganga,Power,PM10,197.83,4.34,704781.0,2247238.0,1976.0,448471.5,No,Moderate,Heavily Polluted,83.16,103.22,32.9,25.34,1.34,77.67,185.96
2018,Patna,Bihar,Post-Monsoon,Ganga,Power,PM2.5,289.28,4.34,704781.0,2247238.0,1976.0,448471.5,No,Poor,Heavily Polluted,126.66,103.22,35.77,30.01,1.88,74.23,271.92
2018,Patna,Bihar,Summer,Ganga,Agro-Industry,O3,168.73,3.48,236144.0,2247238.0,1986.33,460019.0,No,Poor,Moderately Polluted,61.3,95.68,54.99,43.85,1.02,104.37,158.61
2018,Patna,Bihar,Summer,Ganga,Agro-Industry,PM10,204.24,3.58,236144.0,2247238.0,1975.4,460019.0,No,Very Poor,Heavily Polluted,87.75,110.96,30.33,45.54,1.23,73.03,191.99
2018,Patna,Bihar,Summer,Ganga,Agro-Industry,PM2.5,283.16,3.7,236144.0,2247238.0,1973.74,460019.0,No,Very Poor,Heavily Polluted,136.1,117.03,45.29,45.89,1.73,58.1,266.17
2018,Patna,Bihar,Winter,Ganga,Agro-Industry,PM10,333.0,3.83,236144.0,2247238.0,1925.0,460019.0,No,Very Poor,Heavily Polluted,146.57,203.04,26.45,35.44,1.45,16.52,313.02
2018,Patna,Bihar,Winter,Ganga,Agro-Industry,PM2.5,414.21,3.83,236144.0,2247238.0,1925.0,460019.0,No,Very Poor,Heavily Polluted,274.61,203.04,35.2,32.87,2.49,19.99,389.36
2018,Patna,Bihar,Winter,Ganga,Manufacturing,PM10,297.39,4.22,216391.36,2230966.86,1961.43,460019.0,No,Very Poor,Heavily Polluted,134.35,179.89,36.2,39.55,1.6,53.3,279.55
2018,Patna,Bihar,Winter,Ganga,Manufacturing,PM2.5,380.0,4.45,161806.1,2186002.52,1979.19,460019.0,No,Very Poor,Heavily Polluted,227.01,173.76,50.11,45.36,2.45,38.39,357.2
2018,Shillong,Meghalaya,Monsoon,Umiam,Handicrafts,NO2,87.52,1.19,42707.0,235546.0,3378.0,141053.0,No,Satisfactory,Acceptable,57.68,64.33,64.47,24.34,1.77,31.78,82.27
2018,Shillong,Meghalaya,Monsoon,Umiam,Handicrafts,O3,88.88,0.96,37995.0,235546.0,3378.0,141053.0,No,Satisfactory,Good,37.84,57.4,40.72,40.55,1.54,84.39,83.55
2018,Shillong,Meghalaya,Monsoon,Umiam,Handicrafts,PM10,101.34,0.88,36131.0,235546.0,3378.0,141053.0,No,Moderate,Good,52.14,56.56,32.89,31.38,0.68,42.82,95.26
2018,Shillong,Meghalaya,Post-Monsoon,Umiam,Handicrafts,O3,89.89,1.45,19434.0,235546.0,3378.0,141053.0,No,Satisfactory,Acceptable,48.11,75.44,55.31,30.92,1.53,87.32,84.5
2018,Shillong,Meghalaya,Post-Monsoon,Umiam,Handicrafts,PM10,122.09,0.58,36629.0,235546.0,3378.0,141053.0,No,Moderate,Good,61.69,64.03,31.15,8.85,2.05,32.22,114.76
2018,Shillong,Meghalaya,Summer,Umiam,Handicrafts,O3,95.35,0.91,16561.0,235546.0,3378.0,141053.0,No,Satisfactory,Good,45.49,55.19,54.8,18.83,1.73,70.35,89.63
2018,Shillong,Meghalaya,Summer,Umiam,Handicrafts,PM10,97.82,1.24,37628.5,235546.0,3378.0,141053.0,No,Satisfactory,Good,44.82,63.32,28.74,29.88,2.12,47.44,91.95
2018,Shillong,Meghalaya,Winter,Umiam,Handicrafts,O3,101.24,0.81,19129.0,235546.0,3378.0,141053.0,No,Moderate,Good,36.89,55.85,10.59,25.69,2.0,88.48,95.17
2018,Shillong,Meghalaya,Winter,Umiam,Handicrafts,PM10,119.66,1.3,27047.5,235546.0,3378.0,141053.0,No,Moderate,Acceptable,59.84,78.5,32.88,26.24,1.93,45.16,112.48
2018,Talcher,Odisha,Monsoon,Brahmani,Thermal Power,NO2,25.27,4.58,2365981.0,498116.45,38591.64,123258.0,No,Satisfactory,Moderately Polluted,19.9,0.12,48.58,2.48,1.08,13.95,23.75
2018,Talcher,Odisha,Monsoon,Brahmani,Thermal Power,O3,104.0,3.95,1946752.0,440870.0,35829.0,177172.0,No,Moderate,Acceptable,10.04,16.04,1.49,15.2,2.65,25.3,97.76
2018,Talcher,Odisha,Monsoon,Brahmani,Thermal Power,PM10,106.44,4.7,2599497.44,519362.95,38832.77,137484.27,No,Moderate,Moderately Polluted,26.33,96.47,7.7,33.45,1.65,10.49,100.05
2018,Talcher,Odisha,Monsoon,Brahmani,Thermal Power,PM2.5,108.25,4.2,2677963.25,423249.5,37152.5,126178.5,No,Moderate,Moderately Polluted,25.99,20.26,4.21,18.87,2.6,23.22,101.76
2018,Talcher,Odisha,Monsoon,Brahmani,Thermal Power,SO2,96.83,4.36,2219781.83,495527.67,37787.83,162880.0,No,Moderate,Acceptable,12.31,33.86,2.63,55.82,1.96,15.9,91.02
2018,Talcher,Odisha,Post-Monsoon,Brahmani,Thermal Power,NO2,68.54,4.73,2784594.31,407967.54,39602.54,130316.69,No,Good,Moderately Polluted,34.91,33.58,76.01,8.83,1.87,13.03,64.43
2018,Talcher,Odisha,Post-Monsoon,Brahmani,Thermal Power,PM10,286.97,4.9,2724178.48,500271.88,38495.48,129464.52,No,Satisfactory,Moderately Polluted,75.89,321.6,6.17,23.13,1.69,11.18,269.75
2018,Talcher,Odisha,Post-Monsoon,Brahmani,Thermal Power,PM2.5,111.33,4.99,2658964.13,487384.87,40320.13,124385.2,No,Satisfactory,Moderately Polluted,48.01,2.11,12.2,15.36,2.49,12.66,104.65
2018,Talcher,Odisha,Summer,Brahmani,Thermal Power,PM10,169.89,4.71,2609411.63,497801.07,38176.36,134512.73,No,Very Poor,Moderately Polluted,77.4,170.23,17.1,40.03,2.06,25.67,159.7
2018,Talcher,Odisha,Summer,Brahmani,Thermal Power,PM2.5,139.0,4.33,2216950.0,308497.0,46967.0,144038.0,No,Moderate,Moderately Polluted,102.35,38.76,1.36,60.16,1.48,12.32,130.66
2018,Talcher,Odisha,Summer,Brahmani,Thermal Power,SO2,135.0,4.23,2177204.0,663783.0,41602.0,171153.0,No,Moderate,Moderately Polluted,43.42,22.63,10.48,57.3,4.27,27.68,126.9
2018,Talcher,Odisha,Winter,Brahmani,Thermal Power,PM10,305.46,4.76,2651143.37,504133.19,37627.83,139041.61,No,Very Poor,Moderately Polluted,119.95,315.07,16.61,27.41,2.19,12.09,287.13
2018,Thiruvananthapuram,Kerala,Monsoon,Karamana,IT/Electronics,O3,62.43,2.34,267702.39,46586.09,245939.52,611971.7,No,Satisfactory,Acceptable,12.11,28.46,7.19,5.5,0.99,32.28,58.68
2018,Thiruvananthapuram,Kerala,Monsoon,Karamana,IT/Electronics,PM10,61.15,2.3,250625.54,49700.34,257206.4,620747.38,No,Satisfactory,Acceptable,16.53,43.34,8.33,5.88,0.91,30.9,57.48
2018,Thiruvananthapuram,Kerala,Post-Monsoon,Karamana,IT/Electronics,O3,79.75,2.44,241121.25,55665.25,270080.25,680875.25,No,Satisfactory,Acceptable,24.28,39.64,7.46,5.5,1.19,45.33,74.96
2018,Thiruvananthapuram,Kerala,Post-Monsoon,Karamana,IT/Electronics,PM10,84.58,2.26,255221.35,48742.26,256913.74,661188.68,No,Satisfactory,Acceptable,37.3,59.79,7.35,6.9,1.21,26.57,79.51
2018,Thiruvananthapuram,Kerala,Summer,Karamana,IT/Electronics,O3,70.82,2.45,258981.86,54554.04,269123.93,608431.11,No,Satisfactory,Good,15.95,32.86,10.26,5.7,0.86,41.62,66.57
2018,Thiruvananthapuram,Kerala,Summer,Karamana,IT/Electronics,PM10,78.6,2.28,256964.14,49613.14,252929.65,648564.08,No,Satisfactory,Acceptable,32.49,62.0,12.71,6.76,1.08,42.46,73.88
2018,Thiruvananthapuram,Kerala,Summer,Karamana,IT/Electronics,PM2.5,65.0,2.46,212891.0,31085.0,230085.0,655923.0,No,Satisfactory,Acceptable,64.52,56.07,9.89,5.52,0.84,43.25,61.1
2018,Thiruvananthapuram,Kerala,Winter,Karamana,IT/Electronics,O3,120.0,1.43,286230.0,60691.0,267776.0,539826.0,No,Moderate,Good,38.06,53.93,10.5,4.52,1.25,56.36,112.8
2018,Thiruvananthapuram,Kerala,Winter,Karamana,IT/Electronics,PM10,119.99,2.37,255054.43,50711.6,244357.37,606225.6,No,Moderate,Acceptable,58.53,88.3,12.82,9.18,1.68,53.39,112.79
2018,Visakhapatnam,Andhra Pradesh,Monsoon,Gosthani,Manufacturing,PM10,98.89,3.65,206493.52,2123626.29,573.15,174006.46,No,Moderate,Heavily Polluted,37.72,102.99,39.47,10.56,0.63,22.87,92.96
2018,Visakhapatnam,Andhra Pradesh,Monsoon,Gosthani,Mining,PM10,96.27,3.89,223070.0,2128604.0,581.0,172195.0,No,Satisfactory,Heavily Polluted,38.65,96.93,40.17,10.2,0.74,13.92,90.49
2018,Visakhapatnam,Andhra Pradesh,Post-Monsoon,Gosthani,Manufacturing,O3,85.67,2.86,223070.0,2128604.0,576.0,172195.0,No,Good,Moderately Polluted,30.58,64.39,15.43,4.6,0.61,66.84,80.53
2018,Visakhapatnam,Andhra Pradesh,Post-Monsoon,Gosthani,Manufacturing,PM10,112.08,2.86,223070.0,2128604.0,576.0,172195.0,No,Good,Moderately Polluted,53.99,104.45,26.96,7.72,0.75,63.11,105.36
2018,Visakhapatnam,Andhra Pradesh,Post-Monsoon,Gosthani,Manufacturing,PM2.5,387.0,2.86,223070.0,2128604.0,576.0,172195.0,No,Very Poor,Moderately Polluted,198.38,196.15,41.63,19.32,0.73,43.18,363.78
2018,Visakhapatnam,Andhra Pradesh,Post-Monsoon,Gosthani,Power,O3,131.67,3.24,515480.5,2146121.5,579.5,170444.5,No,Moderate,Moderately Polluted,38.74,83.59,20.7,6.13,0.62,98.68,123.77
2018,Visakhapatnam,Andhra Pradesh,Post-Monsoon,Gosthani,Power,PM10,142.68,3.24,515480.5,2146121.5,579.5,170444.5,No,Moderate,Moderately Polluted,66.29,148.72,44.74,9.33,0.68,47.46,134.12
2018,Visakhapatnam,Andhra Pradesh,Summer,Gosthani,Manufacturing,O3,84.0,2.89,223070.0,2128604.0,572.0,172195.0,No,Satisfactory,Moderately Polluted,23.42,42.92,21.57,2.33,0.31,65.33,78.96
2018,Visakhapatnam,Andhra Pradesh,Summer,Gosthani,Manufacturing,PM10,74.98,2.89,223070.0,2128604.0,572.0,172195.0,No,Moderate,Moderately Polluted,24.77,74.31,28.98,14.33,0.56,18.93,70.48
2018,Visakhapatnam,Andhra Pradesh,Summer,Gosthani,Mining,PM10,97.15,3.05,223070.0,2128604.0,584.89,172195.0,No,Moderate,Moderately Polluted,35.74,96.1,36.32,13.18,0.59,24.37,91.32
2018,Visakhapatnam,Andhra Pradesh,Summer,Gosthani,Mining,PM2.5,119.0,3.18,223070.0,2128604.0,592.0,172195.0,No,Moderate,Moderately Polluted,81.14,64.46,34.7,8.49,0.46,34.93,111.86
2018,Visakhapatnam,Andhra Pradesh,Winter,Gosthani,Manufacturing,NO2,61.0,2.99,223070.0,2128604.0,577.0,172195.0,No,Satisfactory,Moderately Polluted,5.89,24.42,36.94,3.65,0.54,17.13,57.34
2018,Visakhapatnam,Andhra Pradesh,Winter,Gosthani,Manufacturing,O3,174.8,2.99,223070.0,2128604.0,577.0,172195.0,No,Poor,Moderately Polluted,59.92,95.92,25.03,5.1,0.67,106.56,164.31
2018,Visakhapatnam,Andhra Pradesh,Winter,Gosthani,Manufacturing,PM10,168.68,2.99,223070.0,2128604.0,577.0,172195.0,No,Moderate,Moderately Polluted,80.12,139.3,39.12,10.11,0.83,99.83,158.56
2018,Visakhapatnam,Andhra Pradesh,Winter,Gosthani,Mining,PM10,151.39,3.03,223070.0,2128604.0,569.5,172195.0,No,Moderate,Moderately Polluted,67.35,162.4,44.44,12.3,0.81,40.6,142.31
2018,Visakhapatnam,Andhra Pradesh,Winter,Gosthani,Power,PM10,217.03,3.04,515480.5,2146121.5,572.0,170444.5,No,Moderate,Moderately Polluted,96.68,189.3,55.49,13.44,1.36,60.94,204.01
2019,Ahmedabad,Gujarat,Monsoon,Sabarmati,Chemical,NO2,428.39,2.46,165242.22,5932704.76,10685.95,6646657.91,Yes,Very Poor,Moderately Polluted,44.02,102.04,143.65,59.64,23.59,58.42,402.69
2019,Ahmedabad,Gujarat,Monsoon,Sabarmati,Chemical,O3,406.5,2.53,187990.0,5946168.0,10762.0,6658392.0,Yes,Severe,Moderately Polluted,47.06,75.12,71.55,51.97,21.8,78.04,382.11
2019,Ahmedabad,Gujarat,Monsoon,Sabarmati,Chemical,PM10,490.11,2.51,183714.32,5897273.52,10777.3,6615777.3,Yes,Severe,Moderately Polluted,44.46,127.16,64.91,52.83,30.88,43.12,460.7
2019,Ahmedabad,Gujarat,Monsoon,Sabarmati,Chemical,SO2,426.92,2.45,165915.23,5933103.08,10690.62,6647005.08,Yes,Severe,Moderately Polluted,37.11,96.07,86.44,122.12,21.92,42.85,401.3
2019,Ahmedabad,Gujarat,Post-Monsoon,Sabarmati,Chemical,NO2,691.6,1.95,187990.0,5946168.0,10822.92,6658392.0,Yes,Severe,Acceptable,85.42,153.74,194.32,129.52,33.74,62.82,650.1
2019,Ahmedabad,Gujarat,Post-Monsoon,Sabarmati,Chemical,O3,265.5,2.02,187990.0,5946168.0,10743.0,6658392.0,Yes,Poor,Acceptable,73.8,118.76,97.88,100.81,2.54,147.78,249.57
2019,Ahmedabad,Gujarat,Post-Monsoon,Sabarmati,Chemical,PM10,595.14,1.99,187990.0,5946168.0,10774.71,6658392.0,Yes,Severe,Acceptable,84.67,180.23,132.2,116.99,35.51,48.94,559.43
2019,Ahmedabad,Gujarat,Post-Monsoon,Sabarmati,Chemical,SO2,394.0,1.87,187990.0,5946168.0,10907.44,6658392.0,Yes,Poor,Acceptable,51.79,94.93,112.12,147.95,17.38,39.41,370.36
2019,Ahmedabad,Gujarat,Summer,Sabarmati,Chemical,NO2,501.0,1.93,187990.0,5946168.0,10783.0,6658392.0,Yes,Very Poor,Acceptable,76.83,81.12,103.12,73.18,20.62,70.69,470.94
2019,Ahmedabad,Gujarat,Summer,Sabarmati,Chemical,PM10,490.21,1.87,179853.83,5910555.55,10838.23,6627353.45,Yes,Very Poor,Acceptable,57.56,110.36,71.35,58.04,21.44,43.48,460.8
2019,Ahmedabad,Gujarat,Summer,Sabarmati,Chemical,PM2.5,701.9,1.91,185567.7,5939798.85,10796.88,6652840.88,Yes,Severe,Acceptable,113.45,84.4,70.25,39.76,31.18,42.27,659.79
2019,Ahmedabad,Gujarat,Summer,Sabarmati,Chemical,SO2,401.43,2.14,211287.0,5903707.0,10712.5,6621384.5,Yes,Severe,Acceptable,71.24,98.41,71.49,119.24,18.37,29.71,377.34
2019,Ahmedabad,Gujarat,Winter,Sabarmati,Chemical,NO2,1160.5,2.06,234584.0,5946168.0,10642.0,6658392.0,Yes,Severe,Acceptable,96.9,109.84,111.16,87.47,50.47,50.72,1090.87
2019,Ahmedabad,Gujarat,Winter,Sabarmati,Chemical,PM10,474.56,1.93,188254.95,5933294.82,10801.03,6663776.62,Yes,Severe,Acceptable,66.7,120.6,60.31,53.3,21.71,40.41,446.09
2019,Ahmedabad,Gujarat,Winter,Sabarmati,Chemical,PM2.5,1186.43,2.06,234584.0,5946168.0,10642.0,6658392.0,Yes,Severe,Acceptable,135.04,109.84,96.73,67.75,83.25,53.63,1115.24
2019,Ahmedabad,Gujarat,Winter,Sabarmati,Chemical,SO2,191.33,1.82,187990.0,5952768.0,10713.5,6710399.5,Yes,Poor,Acceptable,43.8,79.66,65.44,124.3,4.38,49.55,179.85
2019,Aizawl,Mizoram,Monsoon,Tlawng,Handicrafts,O3,79.53,1.56,18058.0,237246.0,3408.0,88277.0,Yes,Satisfactory,Acceptable,40.03,49.44,25.82,21.14,1.68,71.34,74.76
2019,Aizawl,Mizoram,Monsoon,Tlawng,Handicrafts,PM10,86.14,1.33,51338.0,237246.0,3408.0,88277.0,Yes,Satisfactory,Acceptable,42.11,49.93,14.63,37.16,1.82,48.38,80.97
2019,Aizawl,Mizoram,Monsoon,Tlawng,Handicrafts,PM2.5,93.53,0.91,9194.0,237246.0,3408.0,88277.0,Yes,Satisfactory,Good,51.95,51.45,41.73,20.75,1.17,37.86,87.92
2019,Aizawl,Mizoram,Post-Monsoon,Tlawng,Handicrafts,O3,101.62,0.98,30641.0,237246.0,3408.0,88277.0,Yes,Satisfactory,Good,50.86,57.88,28.57,18.96,1.12,73.96,95.52
2019,Aizawl,Mizoram,Summer,Tlawng,Handicrafts,O3,83.94,1.66,26443.0,237246.0,3408.0,88277.0,Yes,Satisfactory,Acceptable,46.16,55.22,48.36,18.27,1.07,76.16,78.9
2019,Aizawl,Mizoram,Summer,Tlawng,Handicrafts,PM10,83.79,1.73,11237.0,237246.0,3408.0,88277.0,Yes,Satisfactory,Acceptable,45.6,68.14,8.84,30.4,1.74,56.54,78.76
2019,Aizawl,Mizoram,Winter,Tlawng,Handicrafts,PM10,99.12,1.19,27961.0,237246.0,3408.0,88277.0,Yes,Moderate,Acceptable,46.92,72.39,22.26,26.32,0.47,28.36,93.17
2019,Amaravati,Andhra Pradesh,Monsoon,Krishna,Agro-processing,NO2,68.0,3.12,186818.67,34518.0,126772.0,209858.33,No,Satisfactory,Acceptable,10.25,22.67,28.49,14.78,0.59,24.36,63.92
2019,Amaravati,Andhra Pradesh,Monsoon,Krishna,Agro-processing,O3,46.9,2.73,176384.27,36386.27,105312.63,238532.27,No,Satisfactory,Acceptable,11.67,25.95,14.61,16.13,0.41,31.68,44.09
2019,Amaravati,Andhra Pradesh,Monsoon,Krishna,Agro-processing,PM10,67.29,2.6,192633.78,35423.99,109053.48,236063.69,No,Moderate,Acceptable,20.79,52.95,18.72,14.12,0.64,31.17,63.25
2019,Amaravati,Andhra Pradesh,Post-Monsoon,Krishna,Agro-processing,O3,55.6,2.8,192532.2,33557.5,110541.8,227794.2,No,Satisfactory,Acceptable,10.28,24.91,11.02,12.19,0.56,29.94,52.26
2019,Amaravati,Andhra Pradesh,Post-Monsoon,Krishna,Agro-processing,PM10,94.04,2.66,193207.02,37611.18,117569.76,255722.24,No,Satisfactory,Acceptable,44.06,73.59,14.93,14.79,0.75,40.82,88.4
2019,Amaravati,Andhra Pradesh,Summer,Krishna,Agro-processing,O3,101.0,1.99,164436.0,29503.0,143819.0,231246.0,No,Moderate,Good,16.52,36.76,3.14,8.92,0.61,39.57,94.94
2019,Amaravati,Andhra Pradesh,Summer,Krishna,Agro-processing,PM10,87.22,2.62,184842.56,33692.11,114105.31,247705.16,No,Moderate,Good,28.8,78.89,15.16,14.98,0.56,35.97,81.99
2019,Amaravati,Andhra Pradesh,Winter,Krishna,Agro-processing,PM10,151.07,2.59,189520.33,36231.21,111778.93,244925.88,No,Moderate,Acceptable,69.18,117.67,41.27,15.88,0.81,35.79,142.01
2019,Amritsar,Punjab,Monsoon,Beas,Agro-Industry,PM10,89.59,2.76,58813.0,2125621.0,4650.28,833889.0,Yes,Moderate,Moderately Polluted,37.95,91.31,12.0,11.88,0.54,23.0,84.21
2019,Amritsar,Punjab,Monsoon,Beas,Manufacturing,PM10,79.83,2.74,52982.0,2125621.0,4644.5,833889.0,Yes,Satisfactory,Moderately Polluted,36.4,66.33,10.96,13.22,0.83,20.98,75.04
2019,Amritsar,Punjab,Monsoon,Beas,Power,PM10,58.18,2.4,1725418.0,2067761.0,4597.0,825218.0,Yes,Good,Acceptable,29.29,55.46,9.63,6.89,0.41,16.79,54.69
2019,Amritsar,Punjab,Post-Monsoon,Beas,Agro-Industry,PM10,170.61,1.75,58813.0,2125621.0,4588.56,833889.0,Yes,Satisfactory,Acceptable,77.76,140.61,11.3,12.19,0.51,19.04,160.37
2019,Amritsar,Punjab,Summer,Beas,Agro-Industry,PM10,99.35,2.14,58813.0,2192887.0,4629.0,876474.0,Yes,Moderate,Acceptable,51.22,88.46,15.27,6.08,0.57,26.22,93.39
2019,Amritsar,Punjab,Summer,Beas,Manufacturing,PM10,113.26,1.72,58813.0,2125621.0,4638.0,833889.0,Yes,Moderate,Acceptable,50.5,103.57,26.44,24.9,0.93,26.0,106.46
2019,Amritsar,Punjab,Summer,Beas,Power,NO2,139.0,1.74,892115.5,2096691.0,4787.0,829553.5,Yes,Moderate,Acceptable,54.24,94.69,138.35,5.88,0.76,27.24,130.66
2019,Amritsar,Punjab,Summer,Beas,Power,PM10,111.07,1.74,892115.5,2096691.0,4787.0,829553.5,Yes,Satisfactory,Acceptable,51.71,108.4,23.33,5.88,0.81,24.98,104.41
2019,Amritsar,Punjab,Winter,Beas,Agro-Industry,PM10,137.94,1.36,58813.0,2159254.0,4628.5,855181.5,Yes,Satisfactory,Acceptable,68.48,98.98,11.96,8.78,0.63,27.57,129.66
2019,Amritsar,Punjab,Winter,Beas,Manufacturing,NO2,56.0,1.86,58813.0,2125621.0,4712.0,833889.0,Yes,Satisfactory,Acceptable,2.85,11.43,26.75,5.39,0.0,6.11,52.64
2019,Amritsar,Punjab,Winter,Beas,Manufacturing,PM10,96.33,1.77,58813.0,2125621.0,4724.79,833889.0,Yes,Moderate,Acceptable,44.66,93.3,21.07,5.46,0.04,10.97,90.55
2019,Amritsar,Punjab,Winter,Beas,Manufacturing,PM2.5,60.0,1.68,58813.0,2125621.0,4739.0,833889.0,Yes,Satisfactory,Acceptable,44.38,41.67,16.96,6.95,0.0,14.83,56.4
2019,Bengaluru,Karnataka,Monsoon,Arkavathi,Agro-Industry,O3,68.33,4.42,168044.0,8332044.0,4816.0,3174273.5,Yes,Satisfactory,Heavily Polluted,15.69,38.1,19.76,4.55,0.73,45.9,64.23
2019,Bengaluru,Karnataka,Monsoon,Arkavathi,Agro-Industry,PM10,66.95,4.72,168044.0,8349663.27,4902.8,3203807.2,Yes,Satisfactory,Heavily Polluted,23.03,55.89,21.55,5.35,0.74,30.8,62.93
2019,Bengaluru,Karnataka,Monsoon,Arkavathi,Power,O3,90.5,4.45,805616.0,8300784.0,4926.0,3292628.0,Yes,Satisfactory,Heavily Polluted,15.56,34.64,29.03,5.44,1.0,38.88,85.07
2019,Bengaluru,Karnataka,Monsoon,Arkavathi,Power,PM10,64.23,4.59,632241.16,8390990.74,4892.28,3274692.6,Yes,Satisfactory,Severely Polluted,18.58,49.19,20.44,4.75,0.79,22.64,60.38
2019,Bengaluru,Karnataka,Monsoon,Arkavathi,Power,PM2.5,93.5,4.45,805616.0,8300784.0,4926.0,3292628.0,Yes,Satisfactory,Heavily Polluted,58.56,42.02,20.6,4.97,0.91,24.64,87.89
2019,Bengaluru,Karnataka,Post-Monsoon,Arkavathi,Agro-Industry,O3,92.0,4.18,168044.0,8363304.0,4859.0,3226672.0,Yes,Satisfactory,Heavily Polluted,20.9,38.1,30.37,4.7,0.82,43.61,86.48
2019,Bengaluru,Karnataka,Post-Monsoon,Arkavathi,Agro-Industry,PM10,78.04,4.18,168044.0,8363304.0,4859.0,3226672.0,Yes,Satisfactory,Heavily Polluted,26.23,54.75,27.81,5.02,0.88,27.7,73.36
2019,Bengaluru,Karnataka,Post-Monsoon,Arkavathi,Agro-Industry,PM2.5,146.0,4.18,168044.0,8363304.0,4859.0,3226672.0,Yes,Moderate,Heavily Polluted,73.77,70.64,36.15,4.81,0.87,34.15,137.24
2019,Bengaluru,Karnataka,Post-Monsoon,Arkavathi,Power,PM10,96.2,4.16,486830.0,8332044.0,4827.0,3259650.0,Yes,Satisfactory,Heavily Polluted,40.26,80.77,30.55,6.11,1.07,36.55,90.43
2019,Bengaluru,Karnataka,Summer,Arkavathi,Agro-Industry,O3,99.0,3.94,168044.0,8363304.0,4875.0,3226672.0,Yes,Satisfactory,Heavily Polluted,26.8,58.04,27.08,4.3,0.8,69.23,93.06
2019,Bengaluru,Karnataka,Summer,Arkavathi,Agro-Industry,PM10,118.02,3.74,168044.0,8363304.0,4857.31,3226672.0,Yes,Moderate,Moderately Polluted,46.96,100.89,31.43,5.23,0.98,52.99,110.94
2019,Bengaluru,Karnataka,Winter,Arkavathi,Agro-Industry,PM10,101.46,4.09,166048.81,8398900.27,4851.73,3226672.0,Yes,Moderate,Heavily Polluted,45.16,90.29,34.7,5.83,0.96,48.93,95.37
2019,Bhopal,Madhya Pradesh,Monsoon,Betwa,Manufacturing,O3,77.45,3.19,148030.33,1703487.0,4725.33,432972.0,Yes,Moderate,Acceptable,23.81,46.53,44.01,18.98,0.99,62.3,72.8
2019,Bhopal,Madhya Pradesh,Monsoon,Betwa,Manufacturing,PM10,85.8,3.74,179323.14,2179911.0,2776.57,413066.86,Yes,Moderate,Acceptable,22.77,49.88,31.53,12.76,1.44,31.27,80.65
2019,Bhopal,Madhya Pradesh,Post-Monsoon,Betwa,Manufacturing,O3,68.0,3.64,124205.5,2618358.5,1305.0,423570.5,Yes,Satisfactory,Heavily Polluted,6.53,21.31,13.46,7.08,0.71,43.46,63.92
2019,Bhopal,Madhya Pradesh,Post-Monsoon,Betwa,Manufacturing,PM10,137.57,3.64,124205.5,2618358.5,1305.0,423570.5,Yes,Satisfactory,Heavily Polluted,53.49,136.08,40.38,10.69,1.12,57.3,129.32
2019,Bhopal,Madhya Pradesh,Post-Monsoon,Betwa,Power,PM10,205.6,4.18,1466534.0,2537229.0,1343.0,417362.0,Yes,Moderate,Heavily Polluted,89.59,190.2,50.53,17.68,1.38,68.13,193.26
2019,Bhopal,Madhya Pradesh,Summer,Betwa,Manufacturing,O3,137.31,1.03,30525.5,36003.0,11546.0,502640.0,Yes,Moderate,Acceptable,62.8,82.45,70.44,43.17,2.0,154.64,129.07
2019,Bhopal,Madhya Pradesh,Summer,Betwa,Manufacturing,PM10,134.3,0.65,34969.0,36003.0,11546.0,502640.0,Yes,Moderate,Good,67.47,96.28,60.75,7.46,1.28,60.85,126.24
2019,Bhopal,Madhya Pradesh,Winter,Betwa,Manufacturing,O3,158.38,1.5,34231.0,36003.0,11546.0,502640.0,Yes,Moderate,Acceptable,85.24,96.56,37.27,31.8,1.5,138.02,148.88
2019,Bhopal,Madhya Pradesh,Winter,Betwa,Manufacturing,PM10,185.52,3.87,124205.5,2618358.5,1313.5,423570.5,Yes,Poor,Heavily Polluted,84.71,155.64,52.68,11.7,1.12,58.02,174.39
2019,Brajrajnagar,Odisha,Monsoon,Ib,Coal/Power,NO2,99.0,4.03,799856.0,141195.0,24832.0,75346.0,No,Satisfactory,Moderately Polluted,5.08,12.24,12.55,2.15,1.59,7.07,93.06
2019,Brajrajnagar,Odisha,Monsoon,Ib,Coal/Power,PM10,96.76,4.3,901384.93,169107.1,22996.69,71747.9,No,Moderate,Acceptable,25.28,52.2,11.17,5.83,1.63,9.5,90.95
2019,Brajrajnagar,Odisha,Monsoon,Ib,Coal/Power,PM2.5,97.5,5.02,1000834.5,125818.5,28161.0,67661.5,No,Moderate,Moderately Polluted,35.47,14.36,9.96,5.69,1.48,14.22,91.65
2019,Brajrajnagar,Odisha,Post-Monsoon,Ib,Coal/Power,PM10,130.34,4.36,877283.0,168878.44,21761.07,68542.44,No,Moderate,Moderately Polluted,55.35,119.0,10.9,10.79,1.36,5.78,122.52
2019,Brajrajnagar,Odisha,Summer,Ib,Coal/Power,PM10,161.3,4.3,899641.43,171204.81,22774.16,68532.92,No,Moderate,Moderately Polluted,71.1,142.41,19.79,8.01,2.14,16.89,151.62
2019,Brajrajnagar,Odisha,Summer,Ib,Coal/Power,PM2.5,139.0,3.98,723203.5,201154.5,28376.5,76148.0,No,Moderate,Acceptable,65.81,25.7,17.01,7.86,1.25,18.37,130.66
2019,Brajrajnagar,Odisha,Winter,Ib,Coal/Power,PM10,202.71,4.24,893366.09,164608.83,22627.3,69169.32,No,Poor,Moderately Polluted,90.2,158.17,22.57,13.77,2.32,10.97,190.55
2019,Chandigarh,Chandigarh,Monsoon,Sukhna,Manufacturing,NO2,116.98,1.45,16930.0,260386.0,3384.0,1384966.0,Yes,Moderate,Acceptable,51.35,69.84,80.82,7.51,2.16,11.11,109.96
2019,Chandigarh,Chandigarh,Monsoon,Sukhna,Manufacturing,PM10,87.3,4.45,165385.74,1501761.87,10025.94,1115599.5,Yes,Moderate,Acceptable,29.08,81.33,6.82,12.6,0.69,28.5,82.06
2019,Chandigarh,Chandigarh,Post-Monsoon,Sukhna,Manufacturing,PM10,154.11,3.81,157576.39,1578902.0,10300.11,1150354.16,No,Satisfactory,Heavily Polluted,70.89,125.93,11.82,11.08,0.78,14.81,144.86
2019,Chandigarh,Chandigarh,Summer,Sukhna,Manufacturing,O3,113.03,1.56,26877.0,260386.0,3384.0,1384966.0,Yes,Moderate,Acceptable,50.9,66.49,52.4,35.28,2.66,88.44,106.25
2019,Chandigarh,Chandigarh,Winter,Sukhna,Manufacturing,PM10,139.19,3.66,165740.58,1498991.94,10059.33,1151241.03,Yes,Moderate,Good,67.97,117.52,13.94,10.04,0.91,11.46,130.84
2019,Chennai,Tamil Nadu,Monsoon,Cooum,Manufacturing,O3,100.83,4.89,112193.81,6372195.62,29235.26,20349117.34,Yes,Moderate,Severely Polluted,31.86,36.21,16.71,6.48,0.85,51.94,94.78
2019,Chennai,Tamil Nadu,Monsoon,Cooum,Manufacturing,PM10,91.0,4.87,115145.03,6369104.94,29166.71,20314056.71,Yes,Satisfactory,Severely Polluted,29.85,52.32,16.25,6.8,0.89,36.51,85.54
2019,Chennai,Tamil Nadu,Monsoon,Cooum,Manufacturing,PM2.5,97.64,4.81,145272.24,6337554.03,29623.94,20410052.12,Yes,Moderate,Severely Polluted,50.13,33.39,19.85,5.54,0.9,27.77,91.78
2019,Chennai,Tamil Nadu,Post-Monsoon,Cooum,Manufacturing,O3,84.38,4.36,103421.0,6381383.0,29905.0,20407768.0,Yes,Moderate,Heavily Polluted,27.74,35.2,14.23,6.15,0.76,47.71,79.32
2019,Chennai,Tamil Nadu,Post-Monsoon,Cooum,Manufacturing,PM10,116.65,4.49,99538.06,6381383.0,29782.65,20418852.71,Yes,Moderate,Heavily Polluted,49.28,89.23,16.29,7.2,0.73,39.24,109.65
2019,Chennai,Tamil Nadu,Post-Monsoon,Cooum,Manufacturing,PM2.5,112.5,4.36,103421.0,6381383.0,29905.0,20407768.0,Yes,Satisfactory,Heavily Polluted,61.32,44.26,28.18,6.91,0.88,29.72,105.75
2019,Chennai,Tamil Nadu,Summer,Cooum,Manufacturing,NO2,83.0,4.63,100120.5,6604979.0,29265.0,20284439.0,Yes,Satisfactory,Severely Polluted,27.7,31.58,44.19,7.05,0.67,18.63,78.02
2019,Chennai,Tamil Nadu,Summer,Cooum,Manufacturing,O3,79.0,4.63,100120.5,6604979.0,29265.0,20284439.0,Yes,Satisfactory,Severely Polluted,36.7,31.58,15.6,6.24,0.81,39.46,74.26
2019,Chennai,Tamil Nadu,Summer,Cooum,Manufacturing,PM10,95.23,4.61,103367.77,6384989.39,29712.19,20163099.18,Yes,Satisfactory,Severely Polluted,39.44,177.19,15.16,6.49,1.03,23.07,89.52
2019,Chennai,Tamil Nadu,Summer,Cooum,Manufacturing,PM2.5,107.16,4.63,100120.5,6604979.0,29265.0,20284439.0,Yes,Moderate,Severely Polluted,55.59,31.58,19.26,9.82,0.79,24.46,100.73
2019,Chennai,Tamil Nadu,Winter,Cooum,Manufacturing,PM10,92.1,4.66,139765.5,6364834.3,29702.59,20364797.65,Yes,Moderate,Severely Polluted,40.47,61.81,14.12,12.15,0.82,32.41,86.57
2019,Chennai,Tamil Nadu,Winter,Cooum,Manufacturing,PM2.5,166.52,4.68,139765.5,6379570.52,29628.45,20419841.86,Yes,Poor,Severely Polluted,92.85,60.54,13.56,12.55,0.92,42.35,156.53
2019,Coimbatore,Tamil Nadu,Monsoon,Noyyal,Manufacturing,O3,76.88,4.89,139669.0,2665410.75,8150.75,5406487.75,No,Satisfactory,Severely Polluted,13.32,17.7,7.16,8.59,1.38,20.49,72.27
2019,Coimbatore,Tamil Nadu,Monsoon,Noyyal,Manufacturing,PM10,75.11,4.88,139669.0,2691517.68,8115.06,5432821.25,No,Satisfactory,Severely Polluted,27.86,37.24,9.77,9.78,1.36,19.7,70.6
2019,Coimbatore,Tamil Nadu,Monsoon,Noyyal,Manufacturing,PM2.5,72.75,4.96,139669.0,2665410.75,8158.25,5406487.75,No,Satisfactory,Severely Polluted,33.64,23.98,13.08,9.75,1.42,20.98,68.38
2019,Coimbatore,Tamil Nadu,Post-Monsoon,Noyyal,Manufacturing,NO2,108.0,4.73,139669.0,2719223.0,8116.0,5460767.0,No,Moderate,Severely Polluted,30.55,36.22,40.93,11.23,2.13,20.31,101.52
2019,Coimbatore,Tamil Nadu,Post-Monsoon,Noyyal,Manufacturing,O3,85.35,4.72,139669.0,2719223.0,8091.7,5460767.0,No,Satisfactory,Severely Polluted,21.52,26.77,11.41,10.39,1.32,35.65,80.23
2019,Coimbatore,Tamil Nadu,Post-Monsoon,Noyyal,Manufacturing,PM10,81.0,4.71,139669.0,2719223.0,8067.4,5460767.0,No,Satisfactory,Severely Polluted,33.98,43.2,21.95,11.74,1.12,31.05,76.14
2019,Coimbatore,Tamil Nadu,Summer,Noyyal,Manufacturing,O3,136.38,1.33,25999.5,51366.0,4713.0,6894093.0,Yes,Moderate,Acceptable,58.15,89.86,79.22,60.78,4.17,148.18,128.2
2019,Coimbatore,Tamil Nadu,Summer,Noyyal,Manufacturing,PM10,131.22,1.05,14155.0,51366.0,4713.0,6894093.0,Yes,Moderate,Acceptable,75.27,88.91,70.18,73.54,2.39,63.04,123.35
2019,Coimbatore,Tamil Nadu,Winter,Noyyal,Manufacturing,NO2,68.0,4.58,139669.0,2723616.0,8288.0,5460767.0,No,Satisfactory,Severely Polluted,34.3,40.04,48.68,1.23,1.07,22.84,63.92
2019,Coimbatore,Tamil Nadu,Winter,Noyyal,Manufacturing,O3,69.6,4.58,139669.0,2723616.0,8288.0,5460767.0,No,Satisfactory,Severely Polluted,29.67,35.34,15.47,3.58,0.43,41.7,65.42
2019,Coimbatore,Tamil Nadu,Winter,Noyyal,Manufacturing,PM10,78.34,4.29,130077.38,2500928.5,7990.08,5580210.83,Yes,Moderate,Acceptable,44.28,57.07,30.41,11.79,0.72,39.4,73.64
2019,Delhi,Delhi,Monsoon,Yamuna,Manufacturing,PM10,136.93,5.75,201253.02,13690861.75,12542.56,3230079.5,Yes,Poor,Severely Polluted,46.11,131.71,32.5,10.23,1.07,36.68,128.71
2019,Delhi,Delhi,Post-Monsoon,Yamuna,Manufacturing,PM10,302.69,5.63,188926.21,13667573.86,12408.91,3197585.16,Yes,Satisfactory,Severely Polluted,163.86,275.78,51.28,12.59,1.62,38.59,284.53
2019,Delhi,Delhi,Summer,Yamuna,Manufacturing,PM10,217.51,5.6,200365.31,13665039.83,12627.7,3219341.79,Yes,Poor,Severely Polluted,85.44,219.19,48.7,19.81,1.3,48.43,204.46
2019,Delhi,Delhi,Winter,Yamuna,Manufacturing,PM10,328.2,5.66,197810.0,13762212.0,12493.5,3236223.73,Yes,Severe,Severely Polluted,179.13,282.62,54.87,14.25,1.68,32.55,308.51
2019,Ernakulam,Kerala,Monsoon,Periyar,Shipping/Refinery,PM10,216.15,1.13,40016.25,94234.0,7504.0,751441.0,Yes,Poor,Acceptable,97.42,141.94,28.72,24.05,2.46,99.2,203.18
2019,Ernakulam,Kerala,Post-Monsoon,Periyar,Shipping/Refinery,PM10,243.62,1.69,20437.0,94234.0,7504.0,751441.0,Yes,Poor,Acceptable,111.6,136.96,34.92,31.79,1.74,74.28,229.0
2019,Ernakulam,Kerala,Summer,Periyar,Shipping/Refinery,PM10,212.29,1.42,28288.33,94234.0,7504.0,751441.0,Yes,Poor,Acceptable,101.95,131.76,66.02,34.69,1.89,81.93,199.55
2019,Ernakulam,Kerala,Winter,Periyar,Shipping/Refinery,PM10,252.24,1.13,23221.67,94234.0,7504.0,751441.0,Yes,Poor,Acceptable,144.14,171.65,84.81,18.96,2.36,70.82,237.11
2019,Gurugram,Haryana,Monsoon,Sahibi,Automobile,NO2,90.0,3.96,523742.0,223407.0,195254.0,2132380.0,No,Satisfactory,Acceptable,30.48,75.2,80.01,4.67,0.55,42.18,84.6
2019,Gurugram,Haryana,Monsoon,Sahibi,Automobile,O3,72.0,3.75,594186.0,204920.0,268602.0,2768478.0,No,Satisfactory,Acceptable,28.57,12.48,7.66,14.93,0.49,29.59,67.68
2019,Gurugram,Haryana,Monsoon,Sahibi,Automobile,PM10,117.93,3.44,786894.6,147053.13,221935.34,2091008.25,No,Very Poor,Acceptable,50.81,111.54,15.19,13.72,0.62,42.14,110.85
2019,Gurugram,Haryana,Monsoon,Sahibi,Automobile,PM2.5,133.2,3.65,855981.6,149340.8,220716.4,2379519.2,No,Very Poor,Acceptable,85.48,49.55,17.81,13.38,0.48,29.67,125.21
2019,Gurugram,Haryana,Monsoon,Sahibi,Automobile,SO2,52.0,3.68,906134.0,141829.5,269899.0,2180916.0,No,Satisfactory,Acceptable,29.84,53.02,7.7,70.1,0.4,24.12,48.88
2019,Gurugram,Haryana,Post-Monsoon,Sahibi,Automobile,PM10,262.43,3.5,809735.87,155594.33,230548.9,2059828.82,No,Satisfactory,Moderately Polluted,143.14,239.21,40.34,13.42,1.34,38.71,246.68
2019,Gurugram,Haryana,Summer,Sahibi,Automobile,PM10,195.62,3.48,779938.66,148397.68,221605.29,2040446.42,No,Moderate,Acceptable,85.05,208.43,15.96,10.55,0.48,38.53,183.88
2019,Gurugram,Haryana,Summer,Sahibi,Automobile,PM2.5,76.0,3.48,947183.0,92553.0,260311.0,1825952.0,No,Satisfactory,Acceptable,25.61,16.77,14.87,2.93,0.39,21.26,71.44
2019,Gurugram,Haryana,Winter,Sahibi,Automobile,NO2,171.0,3.09,852384.0,91954.0,244334.0,1855575.0,No,Moderate,Acceptable,88.93,176.06,203.41,5.05,0.73,35.01,160.74
2019,Gurugram,Haryana,Winter,Sahibi,Automobile,PM10,257.73,3.49,768144.79,152188.55,222285.57,2137879.18,No,Severe,Acceptable,128.02,237.5,43.44,15.73,1.46,31.93,242.27
2019,Guwahati,Assam,Monsoon,Brahmaputra,Agro-Industry,O3,55.0,3.75,256001.2,1562923.0,1585.2,204835.0,No,Satisfactory,Heavily Polluted,14.67,26.05,8.98,15.13,0.39,34.67,51.7
2019,Guwahati,Assam,Monsoon,Brahmaputra,Agro-Industry,PM10,60.57,3.85,256589.26,1562923.0,1567.56,203821.79,No,Satisfactory,Heavily Polluted,31.28,64.89,10.94,11.86,0.53,12.41,56.94
2019,Guwahati,Assam,Monsoon,Brahmaputra,Power,O3,113.0,3.8,259162.0,1575480.0,1558.5,199389.0,No,Moderate,Heavily Polluted,14.39,33.16,9.13,12.11,0.53,71.45,106.22
2019,Guwahati,Assam,Monsoon,Brahmaputra,Power,PM10,121.27,3.8,259162.0,1575480.0,1558.5,199389.0,No,Moderate,Heavily Polluted,27.45,121.89,9.51,11.64,0.44,17.43,113.99
2019,Guwahati,Assam,Post-Monsoon,Brahmaputra,Agro-Industry,PM10,140.4,2.93,259162.0,1562923.0,1565.0,199389.0,No,Moderate,Moderately Polluted,64.88,123.0,14.98,10.4,0.9,18.24,131.98
2019,Guwahati,Assam,Post-Monsoon,Brahmaputra,Power,O3,35.0,3.06,2328160.0,1588037.0,1565.0,199389.0,No,Good,Moderately Polluted,8.12,14.41,7.95,9.7,0.34,17.8,32.9
2019,Guwahati,Assam,Post-Monsoon,Brahmaputra,Power,PM10,103.17,3.06,2328160.0,1588037.0,1565.0,199389.0,No,Good,Moderately Polluted,52.26,91.15,13.9,14.0,0.71,18.31,96.98
2019,Guwahati,Assam,Summer,Brahmaputra,Agro-Industry,O3,72.1,2.96,258371.8,1562923.0,1531.2,200750.5,No,Satisfactory,Moderately Polluted,22.12,38.3,10.63,18.81,0.42,52.73,67.77
2019,Guwahati,Assam,Summer,Brahmaputra,Agro-Industry,PM10,123.95,2.93,256656.49,1562923.0,1542.49,203705.95,No,Satisfactory,Moderately Polluted,70.85,132.14,16.98,20.06,0.69,40.37,116.51
2019,Guwahati,Assam,Summer,Brahmaputra,Energy,PM10,223.29,3.12,259162.0,1539207.0,1580.0,193810.0,No,Moderate,Moderately Polluted,97.95,183.02,18.65,22.01,0.98,37.9,209.89
2019,Guwahati,Assam,Winter,Brahmaputra,Agro-Industry,PM10,244.76,2.84,254223.67,1533463.51,1602.33,194068.18,Yes,Poor,Acceptable,112.85,174.33,12.32,15.37,1.17,23.38,230.07
2019,Hyderabad,Telangana,Monsoon,Musi,Chemical,O3,43.2,4.23,228138.0,7166979.2,20659.2,8603095.4,Yes,Satisfactory,Heavily Polluted,9.86,26.53,13.67,5.0,0.32,28.55,40.61
2019,Hyderabad,Telangana,Monsoon,Musi,Chemical,PM10,57.41,4.24,228138.0,7157061.7,20523.57,8606274.45,Yes,Satisfactory,Heavily Polluted,20.37,50.44,15.64,5.66,0.4,27.04,53.97
2019,Hyderabad,Telangana,Monsoon,Musi,Manufacturing,O3,37.33,4.25,228138.0,7202429.0,20721.0,8610671.0,Yes,Good,Heavily Polluted,6.98,13.79,12.47,5.06,0.32,16.41,35.09
2019,Hyderabad,Telangana,Monsoon,Musi,Manufacturing,PM10,59.39,4.25,228138.0,7202429.0,20721.0,8610671.0,Yes,Good,Heavily Polluted,18.56,52.57,19.97,8.82,0.4,16.76,55.83
2019,Hyderabad,Telangana,Monsoon,Musi,Power,PM10,49.97,4.29,736521.5,7202429.0,20464.0,8695784.5,Yes,Good,Heavily Polluted,20.85,42.04,16.99,6.36,0.42,16.38,46.97
2019,Hyderabad,Telangana,Post-Monsoon,Musi,Manufacturing,PM10,137.97,3.95,228138.0,7202429.0,20701.0,8591732.0,Yes,Satisfactory,Heavily Polluted,68.56,130.78,33.52,7.55,0.69,30.54,129.69
2019,Hyderabad,Telangana,Post-Monsoon,Musi,Power,PM10,78.52,3.9,736521.5,7172887.5,20546.5,8601201.5,Yes,Satisfactory,Heavily Polluted,38.42,68.8,24.07,4.15,0.6,19.92,73.81
2019,Hyderabad,Telangana,Summer,Musi,Manufacturing,PM10,104.9,3.87,197477.58,7224735.52,20281.79,8638425.4,Yes,Moderate,Heavily Polluted,42.36,112.03,33.42,7.64,0.62,39.3,98.61
2019,Hyderabad,Telangana,Winter,Musi,Manufacturing,PM10,122.75,3.98,216088.46,7219820.53,20753.95,8605695.5,Yes,Moderate,Heavily Polluted,60.51,120.41,41.62,7.14,0.7,29.76,115.38
2019,Hyderabad,Telangana,Winter,Musi,Power,PM10,133.29,4.2,1244905.0,7143346.0,20255.0,8610671.0,Yes,Moderate,Heavily Polluted,67.62,133.1,48.3,10.36,0.72,32.4,125.29
2019,Jaipur,Rajasthan,Monsoon,Banas,Manufacturing,O3,81.75,3.33,92287.0,4193221.5,6813.5,2314241.5,Yes,Satisfactory,Moderately Polluted,23.17,49.22,23.91,12.03,0.66,54.72,76.84
2019,Jaipur,Rajasthan,Monsoon,Banas,Manufacturing,PM10,86.71,3.32,92287.0,4169972.29,6884.28,2296730.7,Yes,Moderate,Moderately Polluted,35.26,81.44,24.62,10.42,0.72,35.09,81.51
2019,Jaipur,Rajasthan,Post-Monsoon,Banas,Manufacturing,PM10,150.3,2.83,108688.54,4215708.44,6802.44,2303991.93,Yes,Satisfactory,Moderately Polluted,65.71,134.66,43.69,12.58,0.95,49.4,141.28
2019,Jaipur,Rajasthan,Summer,Banas,Manufacturing,O3,86.0,2.54,60013.0,4237470.0,6843.0,2294073.0,Yes,Satisfactory,Moderately Polluted,28.96,61.5,31.5,10.25,0.8,64.48,80.84
2019,Jaipur,Rajasthan,Summer,Banas,Manufacturing,PM10,133.64,2.64,92996.32,4192249.01,6875.53,2314684.76,Yes,Moderate,Moderately Polluted,50.05,134.72,32.77,12.45,0.93,55.39,125.62
2019,Jaipur,Rajasthan,Winter,Banas,Manufacturing,PM10,133.48,2.57,82246.2,4148973.0,6818.14,2327463.07,Yes,Poor,Acceptable,55.72,125.93,37.58,13.56,1.08,43.34,125.47
2019,Jorapokhar,Jharkhand,Monsoon,Damodar,Mining/Coal,O3,135.33,4.97,1250907.89,240248.89,32137.44,51908.0,No,Moderate,Moderately Polluted,34.61,28.54,9.38,4.16,1.36,66.74,127.21
2019,Jorapokhar,Jharkhand,Monsoon,Damodar,Mining/Coal,PM10,102.99,5.04,1241269.21,234454.38,29859.21,57561.71,No,Moderate,Moderately Polluted,24.78,62.96,9.49,12.27,0.99,11.4,96.81
2019,Jorapokhar,Jharkhand,Monsoon,Damodar,Mining/Coal,PM2.5,88.47,5.36,1183447.32,251026.0,29179.37,57648.89,No,Satisfactory,Moderately Polluted,49.42,34.66,9.22,4.99,1.13,11.71,83.16
2019,Jorapokhar,Jharkhand,Post-Monsoon,Damodar,Mining/Coal,O3,165.0,4.54,1410240.0,281623.0,23871.33,53541.67,No,Poor,Moderately Polluted,51.55,74.79,9.25,5.47,0.0,107.8,155.1
2019,Jorapokhar,Jharkhand,Post-Monsoon,Damodar,Mining/Coal,PM10,149.05,5.07,1270992.89,229438.6,30891.69,56354.44,No,Satisfactory,Acceptable,70.68,127.48,9.24,12.08,0.0,48.43,140.11
2019,Jorapokhar,Jharkhand,Post-Monsoon,Damodar,Mining/Coal,PM2.5,129.0,5.43,1278963.67,295598.0,29163.33,57078.67,No,Moderate,Moderately Polluted,81.46,67.78,9.35,7.75,0.0,25.74,121.26
2019,Jorapokhar,Jharkhand,Summer,Damodar,Mining/Coal,O3,197.33,4.61,1058978.33,221490.67,23196.0,48874.0,No,Poor,Moderately Polluted,47.45,73.04,8.26,6.99,1.04,111.92,185.49
2019,Jorapokhar,Jharkhand,Summer,Damodar,Mining/Coal,PM10,130.87,4.92,1198819.19,236649.69,29807.6,56360.88,No,Moderate,Moderately Polluted,56.89,117.81,8.97,10.84,0.96,33.67,123.02
2019,Jorapokhar,Jharkhand,Summer,Damodar,Mining/Coal,PM2.5,99.0,4.93,1109715.0,197533.0,33506.0,54967.0,No,Moderate,Moderately Polluted,46.69,39.7,7.59,4.76,1.52,25.02,93.06
2019,Jorapokhar,Jharkhand,Winter,Damodar,Mining/Coal,PM10,238.43,5.04,1246989.87,253661.53,29997.6,56919.94,No,Severe,Moderately Polluted,94.26,215.01,9.77,53.07,0.23,36.98,224.12
2019,Jorapokhar,Jharkhand,Winter,Damodar,Mining/Coal,SO2,93.0,4.49,1105949.0,311629.0,30788.0,38446.0,No,Satisfactory,Moderately Polluted,24.75,38.27,9.7,43.76,0.0,17.35,87.42
2019,Kochi,Kerala,Monsoon,Periyar,Shipping/Refinery,PM10,236.59,1.14,40016.25,94234.0,7504.0,908133.0,Yes,Poor,Acceptable,109.24,153.82,32.95,26.18,2.65,109.25,222.39
2019,Kochi,Kerala,Post-Monsoon,Periyar,Shipping/Refinery,PM10,265.68,1.66,20437.0,94234.0,7504.0,908133.0,Yes,Poor,Acceptable,129.28,158.66,39.61,36.4,1.84,80.34,249.74
2019,Kochi,Kerala,Summer,Periyar,Shipping/Refinery,PM10,237.86,1.36,28288.33,94234.0,7504.0,908133.0,Yes,Poor,Acceptable,114.89,145.66,76.83,38.06,2.04,93.25,223.59
2019,Kochi,Kerala,Winter,Periyar,Shipping/Refinery,PM10,275.55,1.14,23221.67,94234.0,7504.0,908133.0,Yes,Poor,Acceptable,168.02,191.21,94.35,21.48,2.59,76.63,259.02
2019,Kolkata,West Bengal,Monsoon,Hooghly,Manufacturing,NO2,55.0,4.26,490420.5,4632345.5,26781.0,12072329.0,Yes,Satisfactory,Heavily Polluted,18.41,32.41,36.97,2.6,0.52,13.15,51.7
2019,Kolkata,West Bengal,Monsoon,Hooghly,Manufacturing,O3,44.25,4.46,410498.88,4645665.75,26839.5,12319902.75,Yes,Good,Severely Polluted,13.56,25.45,15.38,2.86,0.42,27.1,41.6
2019,Kolkata,West Bengal,Monsoon,Hooghly,Manufacturing,PM10,59.53,4.48,326333.62,4645783.63,26798.25,12361036.02,Yes,Satisfactory,Severely Polluted,25.55,48.25,19.03,3.99,0.47,24.11,55.96
2019,Kolkata,West Bengal,Post-Monsoon,Hooghly,Manufacturing,PM10,164.57,3.92,490420.5,4645884.11,26641.06,12396569.13,Yes,Satisfactory,Heavily Polluted,72.16,136.45,41.17,8.45,0.99,33.54,154.7
2019,Kolkata,West Bengal,Summer,Hooghly,Manufacturing,PM10,111.3,3.74,230786.4,4661612.58,26623.97,12360901.75,Yes,Moderate,Heavily Polluted,52.73,104.28,38.36,6.42,0.59,30.11,104.62
2019,Kolkata,West Bengal,Winter,Hooghly,Manufacturing,NO2,75.5,3.96,170734.0,4658986.0,26457.0,12370667.0,Yes,Satisfactory,Heavily Polluted,32.52,47.54,54.88,4.04,0.66,24.74,70.97
2019,Kolkata,West Bengal,Winter,Hooghly,Manufacturing,PM10,283.65,3.77,170734.0,4658986.0,26558.98,12413723.53,Yes,Very Poor,Heavily Polluted,143.25,243.13,83.81,15.68,1.24,32.04,266.63
2019,Lucknow,Uttar Pradesh,Monsoon,Gomti,Agro-Industry,PM10,104.21,2.95,212212.56,3058052.84,2013.37,1151058.22,Yes,Moderate,Moderately Polluted,43.57,97.0,21.64,5.08,1.14,30.67,97.96
2019,Lucknow,Uttar Pradesh,Monsoon,Gomti,Agro-Industry,PM2.5,218.67,3.23,224137.0,3050234.0,1999.0,1159218.0,Yes,Poor,Moderately Polluted,108.82,97.0,23.62,5.29,0.99,45.0,205.55
2019,Lucknow,Uttar Pradesh,Post-Monsoon,Gomti,Agro-Industry,PM10,157.86,1.77,206151.29,3087667.29,2015.43,1139560.57,Yes,Satisfactory,Acceptable,71.61,97.0,31.64,5.75,1.19,31.03,148.39
2019,Lucknow,Uttar Pradesh,Post-Monsoon,Gomti,Agro-Industry,PM2.5,323.32,1.97,196608.9,3189433.49,2030.06,1105652.16,Yes,Poor,Acceptable,172.68,97.0,55.95,10.04,1.27,37.79,303.92
2019,Lucknow,Uttar Pradesh,Summer,Gomti,Agro-Industry,NO2,199.0,2.45,200374.0,3110685.5,2026.75,1130094.75,Yes,Poor,Moderately Polluted,74.14,97.0,101.99,9.5,1.23,37.82,187.06
2019,Lucknow,Uttar Pradesh,Summer,Gomti,Agro-Industry,PM10,174.46,2.49,391741.57,3063662.46,2041.74,1145319.54,Yes,Moderate,Moderately Polluted,76.76,97.0,29.11,7.39,1.23,39.34,163.99
2019,Lucknow,Uttar Pradesh,Summer,Gomti,Agro-Industry,PM2.5,259.32,2.44,233846.93,3104185.1,2028.78,1132118.31,Yes,Poor,Moderately Polluted,126.28,97.0,43.86,9.4,1.5,38.83,243.76
2019,Lucknow,Uttar Pradesh,Winter,Gomti,Agro-Industry,PM10,173.85,2.2,207941.8,3060853.18,2039.88,1133515.12,Yes,Poor,Acceptable,74.02,97.0,26.44,7.58,1.14,23.51,163.42
2019,Lucknow,Uttar Pradesh,Winter,Gomti,Agro-Industry,PM2.5,316.69,2.09,208933.34,3060203.02,2025.61,1142358.41,Yes,Severe,Acceptable,166.57,97.0,49.34,10.82,1.27,24.93,297.69
2019,Mumbai,Maharashtra,Monsoon,Ulhas,Manufacturing,PM10,64.8,4.06,110860.39,9804959.79,22910.05,24812614.1,Yes,Satisfactory,Heavily Polluted,13.15,48.08,12.55,9.93,0.54,13.04,60.91
2019,Mumbai,Maharashtra,Post-Monsoon,Ulhas,Manufacturing,PM10,115.15,3.68,172617.0,9980778.57,22757.07,24405256.2,Yes,Good,Heavily Polluted,47.95,97.06,31.78,12.48,0.96,22.15,108.24
2019,Mumbai,Maharashtra,Summer,Ulhas,Manufacturing,O3,128.0,3.44,110350.0,10125588.5,23256.0,23695987.0,Yes,Moderate,Heavily Polluted,19.6,74.46,11.7,7.46,1.61,80.53,120.32
2019,Mumbai,Maharashtra,Summer,Ulhas,Manufacturing,PM10,102.64,3.6,131105.67,10024848.98,23032.92,24182716.03,Yes,Moderate,Heavily Polluted,22.23,88.19,17.3,17.52,1.73,33.89,96.48
2019,Mumbai,Maharashtra,Winter,Ulhas,Manufacturing,PM10,166.42,3.65,151169.48,9932962.87,22731.94,24847839.73,Yes,Moderate,Heavily Polluted,67.88,168.22,40.44,17.9,1.99,48.71,156.43
2019,Patna,Bihar,Monsoon,Ganga,Agro-Industry,NO2,108.33,4.52,194532.0,2412065.0,2001.44,445184.0,Yes,Moderate,Heavily Polluted,40.55,57.06,84.23,40.74,1.38,53.78,101.83
2019,Patna,Bihar,Monsoon,Ganga,Agro-Industry,O3,142.26,4.43,194532.0,2412065.0,1997.48,445184.0,Yes,Moderate,Heavily Polluted,44.52,56.52,15.76,43.38,1.19,85.85,133.72
2019,Patna,Bihar,Monsoon,Ganga,Agro-Industry,PM10,95.41,4.64,194532.0,2412065.0,2007.0,445184.0,Yes,Moderate,Severely Polluted,31.55,57.82,31.86,43.51,1.24,46.36,89.69
2019,Patna,Bihar,Monsoon,Ganga,Manufacturing,PM10,109.94,4.69,157392.0,2342235.0,2043.0,445184.0,Yes,Satisfactory,Severely Polluted,34.39,103.22,37.9,48.92,1.58,58.8,103.34
2019,Patna,Bihar,Monsoon,Ganga,Power,NO2,87.0,4.78,775090.0,2412065.0,1995.0,437680.5,Yes,Satisfactory,Severely Polluted,46.19,103.22,118.9,55.33,2.61,82.8,81.78
2019,Patna,Bihar,Monsoon,Ganga,Power,O3,190.5,4.78,775090.0,2412065.0,1995.0,437680.5,Yes,Moderate,Severely Polluted,51.92,103.22,37.46,53.98,1.12,129.4,179.07
2019,Patna,Bihar,Monsoon,Ganga,Power,PM10,101.63,4.78,775090.0,2412065.0,1995.0,437680.5,Yes,Moderate,Severely Polluted,38.33,103.22,61.04,48.52,1.26,27.36,95.53
2019,Patna,Bihar,Post-Monsoon,Ganga,Manufacturing,PM10,152.67,3.52,157392.0,2342235.0,2026.5,445184.0,Yes,Satisfactory,Heavily Polluted,61.85,103.22,44.77,55.97,1.57,36.4,143.51
2019,Patna,Bihar,Post-Monsoon,Ganga,Manufacturing,PM2.5,345.47,3.43,157392.0,2342235.0,2037.64,445184.0,Yes,Poor,Heavily Polluted,188.52,103.22,49.03,48.91,1.91,59.26,324.74
2019,Patna,Bihar,Summer,Ganga,Agro-Industry,NO2,189.0,4.29,194532.0,2412065.0,1972.0,445184.0,Yes,Moderate,Heavily Polluted,73.24,102.23,155.4,42.43,2.06,81.17,177.66
2019,Patna,Bihar,Summer,Ganga,Agro-Industry,O3,187.69,4.26,194532.0,2412065.0,2002.54,446000.92,Yes,Moderate,Heavily Polluted,47.7,98.65,24.31,41.1,1.23,111.84,176.43
2019,Patna,Bihar,Summer,Ganga,Agro-Industry,PM10,173.57,4.26,194532.0,2412065.0,1988.67,445585.74,Yes,Moderate,Heavily Polluted,66.55,111.07,36.36,41.65,1.37,75.95,163.16
2019,Patna,Bihar,Summer,Ganga,Agro-Industry,PM2.5,321.5,4.24,194532.0,2412065.0,1977.0,445184.0,Yes,Very Poor,Heavily Polluted,158.18,134.29,59.92,36.31,2.91,62.19,302.21
2019,Patna,Bihar,Winter,Ganga,Agro-Industry,PM10,295.88,4.24,194532.0,2412065.0,1953.3,445184.0,Yes,Very Poor,Heavily Polluted,135.87,190.99,36.85,26.68,1.45,40.15,278.13
2019,Patna,Bihar,Winter,Ganga,Agro-Industry,PM2.5,394.53,4.11,194532.0,2412065.0,1952.05,445184.0,Yes,Severe,Heavily Polluted,245.23,195.17,42.02,20.52,2.59,31.53,370.86
2019,Patna,Bihar,Winter,Ganga,Manufacturing,PM10,287.5,3.85,157392.0,2342235.0,1982.5,445184.0,Yes,Very Poor,Heavily Polluted,123.51,171.75,39.32,39.92,0.86,54.28,270.25
2019,Patna,Bihar,Winter,Ganga,Manufacturing,PM2.5,446.26,3.85,157392.0,2342235.0,1982.5,445184.0,Yes,Severe,Heavily Polluted,309.45,171.75,41.78,34.92,2.22,44.01,419.48
2019,Shillong,Meghalaya,Monsoon,Umiam,Handicrafts,O3,43.63,1.78,45072.21,16120.29,50895.68,92287.21,Yes,Satisfactory,Acceptable,11.47,19.09,5.29,5.62,0.34,31.69,41.01
2019,Shillong,Meghalaya,Monsoon,Umiam,Handicrafts,PM10,40.43,1.61,47950.11,33196.67,42263.67,107230.11,Yes,Satisfactory,Acceptable,250.64,283.15,4.73,9.36,0.46,27.77,38.0
2019,Shillong,Meghalaya,Post-Monsoon,Umiam,Handicrafts,O3,42.15,1.73,46891.29,8941.27,53200.98,92637.36,No,Good,Good,15.58,22.09,2.8,5.3,0.25,30.05,39.62
2019,Shillong,Meghalaya,Post-Monsoon,Umiam,Handicrafts,PM10,35.83,1.79,47283.33,9027.33,50715.5,81665.0,No,Satisfactory,Good,16.56,23.5,1.98,4.3,0.24,19.18,33.68
2019,Shillong,Meghalaya,Summer,Umiam,Handicrafts,O3,92.88,1.69,21374.33,237246.0,3408.0,149516.0,Yes,Satisfactory,Acceptable,52.04,60.15,38.7,25.45,1.46,72.93,87.31
2019,Shillong,Meghalaya,Winter,Umiam,Handicrafts,O3,50.0,1.89,45067.04,9458.07,50339.96,89905.57,No,Good,Good,7.9,8.12,1.87,4.54,0.18,24.32,47.0
2019,Shillong,Meghalaya,Winter,Umiam,Handicrafts,PM10,81.37,1.43,42937.25,121917.5,23103.0,123433.0,Yes,Moderate,Acceptable,33.3,52.22,10.27,19.78,0.45,35.42,76.49
2019,Shillong,Meghalaya,Winter,Umiam,Handicrafts,PM2.5,50.0,1.53,41987.0,9792.0,56075.0,76787.0,No,Good,Good,21.1,9.35,1.7,3.98,0.38,18.38,47.0
2019,Talcher,Odisha,Monsoon,Brahmani,Thermal Power,O3,51.0,4.98,2397466.0,544328.0,30996.0,113055.0,No,Satisfactory,Moderately Polluted,0.04,14.3,8.36,1.29,0.65,17.17,47.94
2019,Talcher,Odisha,Monsoon,Brahmani,Thermal Power,PM10,93.07,4.66,2651254.0,481215.54,36456.35,142712.88,No,Moderate,Moderately Polluted,22.84,79.14,6.87,27.72,1.5,3.29,87.49
2019,Talcher,Odisha,Monsoon,Brahmani,Thermal Power,SO2,82.79,4.61,2662624.43,507877.57,41816.29,123583.57,No,Satisfactory,Moderately Polluted,16.42,42.52,6.4,49.74,1.37,4.47,77.82
2019,Talcher,Odisha,Post-Monsoon,Brahmani,Thermal Power,PM10,152.18,4.74,2556610.0,480619.0,39878.92,134873.66,No,Satisfactory,Moderately Polluted,48.37,139.55,7.52,32.38,1.66,12.07,143.05
2019,Talcher,Odisha,Summer,Brahmani,Thermal Power,PM10,148.61,4.87,2555910.38,510956.05,37863.91,130922.2,No,Moderate,Moderately Polluted,42.29,173.21,11.58,27.45,1.56,7.94,139.69
2019,Talcher,Odisha,Winter,Brahmani,Thermal Power,PM10,284.04,4.77,2570718.66,513297.69,38015.71,130785.96,No,Poor,Moderately Polluted,95.92,318.1,14.71,20.79,2.43,11.98,267.0
2019,Thiruvananthapuram,Kerala,Monsoon,Karamana,IT/Electronics,O3,55.34,2.36,261790.34,50641.97,253575.9,641511.97,No,Good,Acceptable,9.13,23.65,3.5,1.37,0.72,30.46,52.02
2019,Thiruvananthapuram,Kerala,Monsoon,Karamana,IT/Electronics,PM10,54.43,2.29,267805.57,50308.27,254667.15,637225.53,No,Satisfactory,Good,13.82,35.43,3.78,1.72,0.76,21.04,51.16
2019,Thiruvananthapuram,Kerala,Monsoon,Karamana,IT/Electronics,PM2.5,58.0,2.25,348067.0,46578.0,278289.0,567979.0,No,Satisfactory,Acceptable,27.82,23.28,3.75,1.05,0.7,27.47,54.52
2019,Thiruvananthapuram,Kerala,Post-Monsoon,Karamana,IT/Electronics,O3,59.67,2.25,274554.95,45288.33,255555.57,602168.38,No,Satisfactory,Acceptable,13.22,24.93,3.37,3.0,0.86,32.45,56.09
2019,Thiruvananthapuram,Kerala,Post-Monsoon,Karamana,IT/Electronics,PM10,77.95,2.33,258862.68,47865.27,263497.76,658396.3,No,Moderate,Good,21.0,41.3,9.47,6.32,1.3,28.04,73.27
2019,Thiruvananthapuram,Kerala,Post-Monsoon,Karamana,IT/Electronics,PM2.5,65.33,2.34,278621.0,44495.67,278838.0,618474.67,No,Satisfactory,Acceptable,36.05,32.42,3.11,1.07,0.93,22.5,61.41
2019,Thiruvananthapuram,Kerala,Summer,Karamana,IT/Electronics,O3,72.84,2.4,258874.47,57068.68,260803.74,617992.26,No,Satisfactory,Acceptable,22.32,47.32,5.92,2.72,0.8,55.34,68.47
2019,Thiruvananthapuram,Kerala,Summer,Karamana,IT/Electronics,PM10,79.53,2.17,253506.42,52270.19,247633.19,622521.78,No,Satisfactory,Acceptable,29.29,70.37,5.31,3.12,0.88,47.65,74.76
2019,Thiruvananthapuram,Kerala,Winter,Karamana,IT/Electronics,O3,91.76,2.32,268621.06,48717.06,281618.0,602001.29,No,Satisfactory,Acceptable,30.72,56.82,8.97,6.1,0.79,64.31,86.25
2019,Thiruvananthapuram,Kerala,Winter,Karamana,IT/Electronics,PM10,105.48,2.35,266808.6,47714.96,259221.49,655369.89,No,Moderate,Acceptable,45.5,76.34,14.35,11.48,0.93,57.14,99.15
2019,Visakhapatnam,Andhra Pradesh,Monsoon,Gosthani,Manufacturing,NO2,52.0,4.06,182650.0,2356559.0,576.0,189800.0,No,Satisfactory,Heavily Polluted,14.45,26.19,35.05,8.44,0.56,2.49,48.88
2019,Visakhapatnam,Andhra Pradesh,Monsoon,Gosthani,Manufacturing,O3,42.5,3.4,182650.0,2356559.0,590.0,186288.0,No,Good,Moderately Polluted,8.2,24.1,13.64,17.12,0.51,28.94,39.95
2019,Visakhapatnam,Andhra Pradesh,Monsoon,Gosthani,Manufacturing,PM10,92.34,3.68,182650.0,2356559.0,584.93,188695.1,No,Satisfactory,Heavily Polluted,30.71,89.91,32.33,12.55,0.82,14.66,86.8
2019,Visakhapatnam,Andhra Pradesh,Monsoon,Gosthani,Mining,PM10,104.23,3.69,182650.0,2356559.0,582.0,189800.0,No,Moderate,Heavily Polluted,38.58,111.27,42.55,12.21,0.82,21.34,97.98
2019,Visakhapatnam,Andhra Pradesh,Post-Monsoon,Gosthani,Manufacturing,PM10,150.37,2.76,182650.0,2356559.0,588.0,189800.0,No,Moderate,Moderately Polluted,71.38,132.09,41.03,12.02,0.93,64.63,141.35
2019,Visakhapatnam,Andhra Pradesh,Post-Monsoon,Gosthani,Mining,NO2,62.67,3.0,182650.0,2356559.0,592.0,189800.0,No,Satisfactory,Moderately Polluted,10.36,19.37,36.13,24.95,0.76,19.44,58.91
2019,Visakhapatnam,Andhra Pradesh,Post-Monsoon,Gosthani,Mining,O3,45.67,3.0,182650.0,2356559.0,592.0,189800.0,No,Good,Moderately Polluted,8.69,22.06,22.72,21.62,0.53,27.45,42.93
2019,Visakhapatnam,Andhra Pradesh,Post-Monsoon,Gosthani,Mining,PM10,109.83,3.0,182650.0,2356559.0,592.0,189800.0,No,Satisfactory,Moderately Polluted,37.22,94.68,41.27,22.14,0.87,28.17,103.24
2019,Visakhapatnam,Andhra Pradesh,Post-Monsoon,Gosthani,Mining,SO2,64.0,3.0,182650.0,2356559.0,592.0,189800.0,No,Satisfactory,Moderately Polluted,5.29,17.65,25.84,61.41,0.53,26.21,60.16
2019,Visakhapatnam,Andhra Pradesh,Summer,Gosthani,Manufacturing,PM10,102.89,2.99,180046.51,2356559.0,585.24,188616.61,No,Moderate,Moderately Polluted,33.2,108.48,31.28,9.83,0.77,16.02,96.72
2019,Visakhapatnam,Andhra Pradesh,Winter,Gosthani,Manufacturing,PM10,178.42,2.89,179988.65,2356559.0,586.99,188102.53,No,Poor,Moderately Polluted,79.37,156.47,47.02,13.28,1.0,63.08,167.71
2020,Ahmedabad,Gujarat,Monsoon,Sabarmati,Chemical,NO2,95.0,2.7,228459.0,6449363.5,10766.0,7039233.0,Yes,Satisfactory,Moderately Polluted,14.79,11.5,19.65,9.4,0.81,18.2,89.3
2020,Ahmedabad,Gujarat,Monsoon,Sabarmati,Chemical,O3,153.37,0.99,7763.0,162983.0,3820.0,7491824.0,Yes,Moderate,Good,66.21,92.43,105.64,30.77,0.8,164.0,144.17
2020,Ahmedabad,Gujarat,Monsoon,Sabarmati,Chemical,PM10,110.17,2.66,225899.55,6244300.21,10540.0,7053832.71,Yes,Moderate,Moderately Polluted,32.38,125.98,30.76,15.51,0.69,45.08,103.56
2020,Ahmedabad,Gujarat,Post-Monsoon,Sabarmati,Chemical,O3,183.52,1.08,43148.5,162983.0,3820.0,7491824.0,Yes,Moderate,Acceptable,87.89,111.44,47.08,49.24,2.3,149.86,172.51
2020,Ahmedabad,Gujarat,Summer,Sabarmati,Chemical,PM10,178.11,1.92,183445.15,6397203.72,10865.96,6977780.6,Yes,Severe,Acceptable,34.35,89.19,25.45,40.67,3.54,48.35,167.42
2020,Ahmedabad,Gujarat,Summer,Sabarmati,Chemical,SO2,133.0,1.81,160188.0,6291145.5,10840.5,7148419.5,Yes,Moderate,Acceptable,23.98,56.9,26.56,59.55,0.61,59.05,125.02
2020,Ahmedabad,Gujarat,Winter,Sabarmati,Chemical,PM10,536.49,1.61,221290.6,6171588.7,10426.2,6980383.87,Yes,Severe,Acceptable,75.25,144.58,63.27,56.09,25.98,50.01,504.3
2020,Ahmedabad,Gujarat,Winter,Sabarmati,Manufacturing,PM10,305.59,2.07,228459.0,6203509.0,10780.0,7039233.0,Yes,Poor,Acceptable,54.41,113.63,19.19,46.26,15.07,25.59,287.25
2020,Ahmedabad,Gujarat,Winter,Sabarmati,Manufacturing,SO2,505.5,2.07,228459.0,6203509.0,10780.0,7039233.0,Yes,Severe,Acceptable,51.4,112.67,25.37,122.16,27.8,38.76,475.17
2020,Aizawl,Mizoram,Monsoon,Tlawng,Handicrafts,O3,54.69,1.42,33524.5,121336.5,26133.0,84608.0,No,Good,Good,25.1,32.4,21.64,12.67,0.67,41.11,51.41
2020,Aizawl,Mizoram,Monsoon,Tlawng,Handicrafts,PM10,25.91,1.98,54090.73,24992.0,58731.87,64912.93,No,Good,Acceptable,6.49,16.95,1.51,3.65,0.2,5.28,24.36
2020,Aizawl,Mizoram,Monsoon,Tlawng,Handicrafts,SO2,20.31,2.02,49293.5,9700.38,62407.75,64878.12,No,Good,Acceptable,2.85,6.49,0.25,11.18,0.21,3.08,19.09
2020,Aizawl,Mizoram,Post-Monsoon,Tlawng,Handicrafts,PM10,102.19,1.5,34278.0,234574.0,3361.0,93574.0,Yes,Satisfactory,Acceptable,40.44,65.81,27.05,11.98,0.92,38.62,96.06
2020,Aizawl,Mizoram,Summer,Tlawng,Handicrafts,PM10,42.76,2.01,54248.62,9812.62,61050.6,62476.03,No,Satisfactory,Good,24.3,31.0,0.47,7.27,0.34,4.36,40.19
2020,Aizawl,Mizoram,Summer,Tlawng,Handicrafts,SO2,19.67,1.77,54327.33,10360.33,59133.56,69805.11,No,Good,Acceptable,3.23,6.67,0.27,9.66,0.21,2.0,18.49
2020,Aizawl,Mizoram,Winter,Tlawng,Handicrafts,PM10,101.42,1.21,28445.33,234574.0,3361.0,93574.0,Yes,Moderate,Acceptable,51.99,64.17,24.48,20.23,1.03,25.05,95.33
2020,Amaravati,Andhra Pradesh,Monsoon,Krishna,Agro-processing,O3,54.0,2.77,177345.56,39704.44,108170.33,256562.78,No,Satisfactory,Acceptable,16.94,29.76,11.96,14.37,0.6,43.34,50.76
2020,Amaravati,Andhra Pradesh,Monsoon,Krishna,Agro-processing,PM10,55.68,2.57,166930.2,43065.73,103786.93,255257.93,No,Good,Acceptable,16.7,44.68,13.05,14.24,0.62,30.4,52.34
2020,Amaravati,Andhra Pradesh,Post-Monsoon,Krishna,Agro-processing,O3,171.94,0.8,9713.0,131765.0,2504.0,427289.0,Yes,Moderate,Good,64.92,87.48,103.19,42.05,2.38,117.92,161.62
2020,Amaravati,Andhra Pradesh,Post-Monsoon,Krishna,Agro-processing,PM10,211.54,1.21,40922.0,131765.0,2504.0,427289.0,Yes,Poor,Acceptable,97.41,116.85,34.52,44.64,0.82,74.27,198.85
2020,Amaravati,Andhra Pradesh,Summer,Krishna,Agro-processing,O3,44.67,2.85,192864.67,32760.17,127367.33,255313.33,No,Good,Acceptable,14.09,27.99,5.85,16.68,0.33,33.46,41.99
2020,Amaravati,Andhra Pradesh,Summer,Krishna,Agro-processing,PM10,52.98,2.74,186332.45,36036.92,113046.88,245321.77,No,Satisfactory,Acceptable,21.44,47.33,6.18,15.13,0.42,30.34,49.8
2020,Amaravati,Andhra Pradesh,Summer,Krishna,Agro-processing,PM2.5,58.0,2.98,132642.0,45743.0,85952.0,278636.0,No,Satisfactory,Acceptable,26.4,11.0,10.39,20.43,0.53,13.04,54.52
2020,Amaravati,Andhra Pradesh,Summer,Krishna,Agro-processing,SO2,35.0,2.97,177598.0,36468.5,124240.5,174293.0,No,Good,Acceptable,10.46,22.53,7.96,27.34,0.48,24.55,32.9
2020,Amaravati,Andhra Pradesh,Winter,Krishna,Agro-processing,PM10,80.02,2.56,188194.13,40050.31,109373.56,252564.54,No,Satisfactory,Acceptable,42.06,68.35,14.33,18.36,0.63,43.02,75.22
2020,Amritsar,Punjab,Monsoon,Beas,Agro-Industry,NO2,43.0,2.71,212487.0,2356852.0,4785.0,883592.0,Yes,Good,Moderately Polluted,19.12,33.74,39.8,11.8,0.71,22.8,40.42
2020,Amritsar,Punjab,Monsoon,Beas,Agro-Industry,O3,84.3,2.25,145083.67,1660021.0,4353.0,932480.33,Yes,Satisfactory,Moderately Polluted,33.24,46.25,39.39,28.68,1.66,64.53,79.24
2020,Amritsar,Punjab,Monsoon,Beas,Agro-Industry,PM10,108.72,2.66,205636.0,2282191.54,4734.82,888830.04,Yes,Satisfactory,Moderately Polluted,38.04,122.22,17.24,11.55,0.67,23.62,102.2
2020,Amritsar,Punjab,Monsoon,Beas,Agro-Industry,PM2.5,85.0,2.71,212487.0,2356852.0,4785.0,883592.0,Yes,Satisfactory,Moderately Polluted,45.24,40.0,17.9,5.22,0.63,16.48,79.9
2020,Amritsar,Punjab,Post-Monsoon,Beas,Agro-Industry,PM10,199.55,1.21,28206.0,266359.0,3489.0,1030257.0,Yes,Moderate,Acceptable,119.65,136.67,40.35,48.05,2.24,52.12,187.58
2020,Amritsar,Punjab,Post-Monsoon,Beas,Agro-Industry,PM2.5,147.16,1.17,42313.0,266359.0,3489.0,1030257.0,Yes,Moderate,Acceptable,88.2,84.91,77.75,32.0,3.41,76.77,138.33
2020,Amritsar,Punjab,Summer,Beas,Agro-Industry,O3,47.0,1.84,210177.0,2368850.0,4702.5,892346.0,Yes,Good,Acceptable,13.37,35.38,15.91,8.64,0.8,43.29,44.18
2020,Amritsar,Punjab,Summer,Beas,Agro-Industry,PM10,73.22,1.83,210177.0,2368850.0,4676.36,892346.0,Yes,Satisfactory,Acceptable,29.15,72.33,15.13,10.61,0.71,33.12,68.83
2020,Amritsar,Punjab,Summer,Beas,Manufacturing,PM10,83.87,1.72,212487.0,2318743.0,4721.0,864640.0,Yes,Satisfactory,Acceptable,27.85,85.03,11.57,11.52,0.74,29.79,78.84
2020,Amritsar,Punjab,Winter,Beas,Agro-Industry,PM10,108.0,1.37,207238.66,2291524.09,4740.62,888175.28,Yes,Moderate,Acceptable,52.85,87.99,11.26,10.78,0.73,30.64,101.52
2020,Amritsar,Punjab,Winter,Beas,Manufacturing,NO2,123.0,2.0,212487.0,2318743.0,4642.5,864640.0,Yes,Moderate,Acceptable,13.46,29.6,92.98,13.67,1.44,16.71,115.62
2020,Amritsar,Punjab,Winter,Beas,Manufacturing,PM10,128.54,2.0,212487.0,2318743.0,4642.5,864640.0,Yes,Moderate,Acceptable,57.14,127.23,13.05,9.44,0.64,32.26,120.83
2020,Bengaluru,Karnataka,Monsoon,Arkavathi,Agro-Industry,NO2,109.44,2.34,23444.0,119362.0,12674.0,3542991.0,Yes,Moderate,Polluted,58.8,58.7,100.22,9.21,0.86,29.87,102.87
2020,Bengaluru,Karnataka,Monsoon,Arkavathi,Agro-Industry,O3,108.02,0.48,38551.0,119362.0,12674.0,3542991.0,Yes,Moderate,Good,55.41,75.58,31.91,66.23,0.45,150.13,101.54
2020,Bengaluru,Karnataka,Monsoon,Arkavathi,Agro-Industry,PM10,43.0,4.83,164442.5,9342229.0,4990.5,3431289.5,Yes,Good,Severely Polluted,17.5,30.48,13.25,6.66,0.54,15.4,40.42
2020,Bengaluru,Karnataka,Monsoon,Arkavathi,Manufacturing,O3,42.0,4.46,165712.0,9250209.0,4944.0,3419070.0,Yes,Good,Heavily Polluted,9.69,19.34,9.78,6.85,0.6,19.62,39.48
2020,Bengaluru,Karnataka,Monsoon,Arkavathi,Manufacturing,PM10,55.62,4.46,165712.0,9250209.0,4944.0,3419070.0,Yes,Good,Heavily Polluted,18.32,41.81,13.87,7.11,0.63,16.13,52.28
2020,Bengaluru,Karnataka,Post-Monsoon,Arkavathi,Agro-Industry,O3,139.6,1.17,20651.0,119362.0,12674.0,3542991.0,Yes,Moderate,Acceptable,63.62,77.97,63.95,26.13,2.07,121.58,131.22
2020,Bengaluru,Karnataka,Post-Monsoon,Arkavathi,Agro-Industry,PM10,109.4,0.86,7682.0,119362.0,12674.0,3542991.0,Yes,Moderate,Good,48.52,63.17,56.55,63.04,3.78,45.85,102.84
2020,Bengaluru,Karnataka,Summer,Arkavathi,Agro-Industry,O3,66.11,3.56,164442.5,9342229.0,4970.0,3431289.5,Yes,Satisfactory,Heavily Polluted,22.95,32.53,12.5,5.85,0.7,45.11,62.14
2020,Bengaluru,Karnataka,Summer,Arkavathi,Agro-Industry,PM10,69.57,3.56,164442.5,9342229.0,4970.0,3431289.5,Yes,Satisfactory,Heavily Polluted,25.78,53.0,11.76,6.05,0.73,38.55,65.4
2020,Bengaluru,Karnataka,Summer,Arkavathi,Manufacturing,PM10,73.16,3.78,165712.0,9250209.0,4775.0,3419070.0,Yes,Satisfactory,Heavily Polluted,21.27,59.76,15.39,6.48,0.78,32.44,68.77
2020,Bengaluru,Karnataka,Summer,Arkavathi,Power,PM10,90.74,3.58,165712.0,9342229.0,4903.0,3419070.0,Yes,Moderate,Heavily Polluted,38.19,79.97,21.36,6.87,0.94,44.95,85.3
2020,Bengaluru,Karnataka,Winter,Arkavathi,Agro-Industry,O3,144.78,0.9,14393.0,119362.0,12674.0,3542991.0,Yes,Moderate,Good,66.58,81.09,9.77,66.13,3.78,127.36,136.09
2020,Bengaluru,Karnataka,Winter,Arkavathi,Agro-Industry,PM10,95.32,4.34,163173.0,9342229.0,4968.0,3419070.0,Yes,Satisfactory,Heavily Polluted,39.31,83.5,34.3,7.58,1.1,39.28,89.6
2020,Bengaluru,Karnataka,Winter,Arkavathi,Power,PM10,96.48,3.91,647768.0,9380488.0,4848.0,3419070.0,Yes,Moderate,Heavily Polluted,41.61,92.37,32.1,7.24,1.07,40.93,90.69
2020,Bhopal,Madhya Pradesh,Monsoon,Betwa,Manufacturing,O3,77.92,4.11,171853.15,2636414.6,2363.15,422541.12,Yes,Satisfactory,Heavily Polluted,19.9,43.46,14.21,15.2,0.86,64.2,73.24
2020,Bhopal,Madhya Pradesh,Monsoon,Betwa,Manufacturing,PM10,71.23,4.47,187168.0,2928078.0,1341.0,409405.0,Yes,Moderate,Heavily Polluted,19.52,57.69,10.61,11.47,0.54,41.25,66.96
2020,Bhopal,Madhya Pradesh,Post-Monsoon,Betwa,Manufacturing,O3,140.26,1.35,14345.0,37363.0,11570.0,532798.0,Yes,Moderate,Acceptable,67.57,82.67,113.03,34.4,3.5,156.06,131.84
2020,Bhopal,Madhya Pradesh,Post-Monsoon,Betwa,Manufacturing,PM10,172.15,0.62,52156.0,37363.0,11570.0,532798.0,Yes,Moderate,Good,92.34,128.02,110.16,17.54,2.25,113.15,161.82
2020,Bhopal,Madhya Pradesh,Summer,Betwa,Manufacturing,O3,98.25,3.26,187168.0,2928078.0,1334.88,411647.0,Yes,Satisfactory,Heavily Polluted,19.68,58.07,9.33,12.04,0.38,76.83,92.35
2020,Bhopal,Madhya Pradesh,Summer,Betwa,Manufacturing,PM10,110.47,3.69,187168.0,2928078.0,1306.07,411647.0,Yes,Moderate,Heavily Polluted,29.86,110.97,18.31,11.78,0.56,70.0,103.84
2020,Bhopal,Madhya Pradesh,Summer,Betwa,Power,O3,111.0,3.73,521051.0,2928078.0,1314.0,410526.0,Yes,Moderate,Heavily Polluted,35.29,66.47,11.29,13.07,0.47,86.55,104.34
2020,Bhopal,Madhya Pradesh,Summer,Betwa,Power,PM10,113.21,3.73,521051.0,2928078.0,1314.0,410526.0,Yes,Moderate,Heavily Polluted,43.31,111.94,11.14,13.35,0.61,65.55,106.42
2020,Bhopal,Madhya Pradesh,Winter,Betwa,Manufacturing,PM10,145.48,3.3,170121.52,2856044.93,1461.57,420143.58,Yes,Poor,Heavily Polluted,62.95,140.34,42.33,16.07,1.0,55.23,136.75
2020,Brajrajnagar,Odisha,Monsoon,Ib,Coal/Power,O3,111.04,0.67,47971.0,241086.0,7890.0,90286.0,Yes,Moderate,Good,48.31,78.67,124.72,21.56,0.42,184.76,104.38
2020,Brajrajnagar,Odisha,Monsoon,Ib,Coal/Power,PM10,108.74,4.22,889421.97,176664.65,22516.68,72475.97,No,Moderate,Moderately Polluted,62.98,155.23,10.43,8.0,1.08,25.65,102.22
2020,Brajrajnagar,Odisha,Monsoon,Ib,Coal/Power,SO2,115.63,1.0,16952.0,241086.0,7890.0,90286.0,Yes,Moderate,Acceptable,52.4,66.17,43.54,73.51,2.56,33.8,108.69
2020,Brajrajnagar,Odisha,Post-Monsoon,Ib,Coal/Power,O3,123.36,1.28,44674.0,241086.0,7890.0,90286.0,Yes,Moderate,Good,63.53,82.66,118.2,43.62,3.49,164.94,115.96
2020,Brajrajnagar,Odisha,Summer,Ib,Coal/Power,O3,142.25,4.22,804949.25,182315.75,24106.75,78499.0,No,Satisfactory,Acceptable,27.08,37.17,15.4,5.36,0.28,45.8,133.72
2020,Brajrajnagar,Odisha,Summer,Ib,Coal/Power,PM10,143.05,4.32,873181.27,166979.68,23342.93,69142.58,No,Poor,Moderately Polluted,63.64,136.69,17.98,7.43,0.85,41.13,134.47
2020,Brajrajnagar,Odisha,Summer,Ib,Coal/Power,PM2.5,70.43,4.38,804562.14,191453.71,21857.0,72107.43,No,Satisfactory,Moderately Polluted,98.07,54.45,17.0,4.86,0.15,30.91,66.2
2020,Brajrajnagar,Odisha,Winter,Ib,Coal/Power,O3,142.44,0.5,27919.0,241086.0,7890.0,90286.0,Yes,Moderate,Good,77.87,85.01,107.58,61.19,4.28,182.0,133.89
2020,Brajrajnagar,Odisha,Winter,Ib,Coal/Power,PM10,151.55,4.4,913897.02,167050.17,21600.7,70920.18,No,Moderate,Moderately Polluted,72.01,142.55,19.65,5.53,0.63,29.84,142.46
2020,Chandigarh,Chandigarh,Monsoon,Sukhna,Manufacturing,O3,85.44,2.97,106389.5,1030415.5,6981.0,1374309.0,No,Satisfactory,Severely Polluted,32.67,47.5,40.96,33.12,1.7,58.04,80.31
2020,Chandigarh,Chandigarh,Monsoon,Sukhna,Manufacturing,PM10,68.55,4.48,196636.1,1745178.03,10249.13,1286602.71,No,Satisfactory,Severely Polluted,25.2,58.79,9.49,13.16,0.31,38.27,64.44
2020,Chandigarh,Chandigarh,Post-Monsoon,Sukhna,Manufacturing,PM10,131.96,1.21,35259.5,266359.0,3489.0,1468064.0,Yes,Moderate,Acceptable,80.57,83.84,46.99,31.28,2.18,49.77,124.04
2020,Chandigarh,Chandigarh,Summer,Sukhna,Manufacturing,O3,54.25,4.27,202502.0,1794472.0,10479.25,1280554.0,No,Good,Heavily Polluted,11.47,25.43,12.12,10.41,0.5,28.31,51.0
2020,Chandigarh,Chandigarh,Summer,Sukhna,Manufacturing,PM10,58.33,4.15,204742.98,1794472.0,10502.61,1256858.55,No,Satisfactory,Severely Polluted,18.74,54.51,11.53,10.99,0.52,24.24,54.83
2020,Chandigarh,Chandigarh,Winter,Sukhna,Manufacturing,O3,168.24,0.59,44540.0,266359.0,3489.0,1468064.0,Yes,Moderate,Good,84.29,109.13,37.79,29.73,3.25,110.05,158.15
2020,Chandigarh,Chandigarh,Winter,Sukhna,Manufacturing,PM10,93.73,4.08,205788.78,1794472.0,10214.22,1245800.68,No,Moderate,Heavily Polluted,43.89,94.14,15.17,8.33,0.73,11.17,88.11
2020,Chennai,Tamil Nadu,Monsoon,Cooum,Manufacturing,NO2,147.26,1.87,13844.0,59293.0,7215.0,22787213.0,Yes,Moderate,Acceptable,66.8,82.1,116.58,64.04,3.49,27.2,138.42
2020,Chennai,Tamil Nadu,Monsoon,Cooum,Manufacturing,O3,98.75,5.08,197193.0,7081148.0,29872.46,20151262.0,Yes,Satisfactory,Severely Polluted,24.44,35.02,11.67,6.54,1.07,59.83,92.82
2020,Chennai,Tamil Nadu,Monsoon,Cooum,Manufacturing,PM10,107.14,4.4,172108.67,5910838.83,26114.17,20590587.17,Yes,Moderate,Severely Polluted,31.93,129.67,13.16,12.67,1.18,49.78,100.71
2020,Chennai,Tamil Nadu,Monsoon,Cooum,Manufacturing,PM2.5,160.5,5.09,197193.0,7081148.0,29894.0,20151262.0,Yes,Moderate,Severely Polluted,97.18,37.8,13.86,6.16,1.16,57.38,150.87
2020,Chennai,Tamil Nadu,Post-Monsoon,Cooum,Manufacturing,O3,196.4,1.28,27467.0,59293.0,7215.0,22787213.0,Yes,Moderate,Acceptable,91.67,124.83,90.94,43.98,2.17,152.27,184.62
2020,Chennai,Tamil Nadu,Post-Monsoon,Cooum,Manufacturing,PM10,151.77,1.13,22780.0,59293.0,7215.0,22787213.0,Yes,Moderate,Acceptable,81.56,95.94,30.66,75.45,2.22,38.39,142.66
2020,Chennai,Tamil Nadu,Summer,Cooum,Manufacturing,O3,70.5,4.43,197193.0,7187017.7,29870.6,19938290.5,Yes,Satisfactory,Heavily Polluted,30.79,13.2,7.45,6.22,0.72,42.06,66.27
2020,Chennai,Tamil Nadu,Summer,Cooum,Manufacturing,PM10,70.67,4.5,197193.0,7151727.8,29494.29,20009281.0,Yes,Satisfactory,Heavily Polluted,19.81,160.13,8.81,6.0,0.72,38.96,66.43
2020,Chennai,Tamil Nadu,Summer,Cooum,Manufacturing,PM2.5,74.0,4.41,197193.0,7198781.0,29997.0,19914627.0,Yes,Satisfactory,Heavily Polluted,34.85,11.23,9.93,7.26,0.82,26.53,69.56
2020,Chennai,Tamil Nadu,Winter,Cooum,Manufacturing,O3,109.38,3.72,171203.33,4603047.67,22125.67,20872155.67,Yes,Satisfactory,Severely Polluted,48.55,61.63,17.74,34.81,1.87,66.72,102.82
2020,Chennai,Tamil Nadu,Winter,Cooum,Manufacturing,PM10,84.12,4.84,218465.63,6979845.47,29566.25,20035020.25,Yes,Satisfactory,Severely Polluted,41.49,67.97,15.03,13.5,0.83,29.06,79.07
2020,Chennai,Tamil Nadu,Winter,Cooum,Manufacturing,PM2.5,57.0,4.96,240498.0,6874925.0,29581.0,19914627.0,Yes,Satisfactory,Severely Polluted,27.59,23.01,11.47,7.0,0.76,21.31,53.58
2020,Coimbatore,Tamil Nadu,Monsoon,Noyyal,Manufacturing,NO2,42.94,4.6,920921.84,2897602.66,8321.5,5588463.56,No,Satisfactory,Severely Polluted,17.2,23.46,44.51,8.13,0.68,13.63,40.36
2020,Coimbatore,Tamil Nadu,Monsoon,Noyyal,Manufacturing,PM10,144.18,0.57,22440.0,59029.0,4848.0,7307738.0,Yes,Moderate,Good,66.23,78.17,50.23,12.32,2.24,38.6,135.53
2020,Coimbatore,Tamil Nadu,Post-Monsoon,Noyyal,Manufacturing,PM10,166.38,1.33,24426.0,59029.0,4848.0,7307738.0,Yes,Moderate,Acceptable,87.18,111.55,50.42,56.4,2.68,57.93,156.4
2020,Coimbatore,Tamil Nadu,Summer,Noyyal,Manufacturing,NO2,77.42,4.53,146725.92,2912253.85,8352.58,5609101.0,No,Satisfactory,Severely Polluted,24.87,29.27,56.23,6.76,0.83,26.66,72.77
2020,Coimbatore,Tamil Nadu,Summer,Noyyal,Manufacturing,O3,69.33,4.76,146270.25,2906621.25,8380.0,5609101.0,No,Satisfactory,Severely Polluted,25.97,33.25,24.71,7.26,0.82,44.61,65.17
2020,Coimbatore,Tamil Nadu,Summer,Noyyal,Manufacturing,PM10,66.57,4.71,146552.33,2910108.1,8370.57,5609101.0,No,Satisfactory,Severely Polluted,31.6,49.09,34.83,7.34,0.69,31.0,62.58
2020,Coimbatore,Tamil Nadu,Winter,Noyyal,Manufacturing,NO2,79.8,4.9,147455.0,2921266.0,8381.93,5339565.8,No,Satisfactory,Severely Polluted,37.6,47.18,61.56,8.01,0.24,40.82,75.01
2020,Coimbatore,Tamil Nadu,Winter,Noyyal,Manufacturing,O3,87.36,4.86,147455.0,2921266.0,8387.56,5527423.67,No,Satisfactory,Severely Polluted,37.43,48.2,31.77,10.66,0.56,58.4,82.12
2020,Coimbatore,Tamil Nadu,Winter,Noyyal,Manufacturing,PM10,79.32,4.77,142333.14,2819043.25,8257.21,5459739.18,No,Satisfactory,Severely Polluted,43.04,58.97,30.73,10.84,0.5,45.24,74.56
2020,Delhi,Delhi,Monsoon,Yamuna,Manufacturing,O3,212.78,1.05,12126.0,248606.0,1709.0,3469832.0,Yes,Poor,Acceptable,81.21,115.49,32.92,77.68,2.71,171.19,200.01
2020,Delhi,Delhi,Monsoon,Yamuna,Manufacturing,PM10,127.73,5.61,234364.66,14601497.5,12200.86,3359975.27,Yes,Satisfactory,Severely Polluted,48.63,121.55,24.95,12.97,0.97,41.76,120.07
2020,Delhi,Delhi,Post-Monsoon,Yamuna,Manufacturing,PM10,223.8,1.08,12829.5,248606.0,1709.0,3469832.0,Yes,Moderate,Acceptable,123.05,161.61,102.62,29.55,0.58,100.83,210.37
2020,Delhi,Delhi,Summer,Yamuna,Manufacturing,O3,89.0,5.72,239257.0,15101850.5,12715.75,3362105.75,Yes,Satisfactory,Severely Polluted,24.34,46.72,15.92,12.32,0.8,47.86,83.66
2020,Delhi,Delhi,Summer,Yamuna,Manufacturing,PM10,133.68,5.67,222269.2,15063663.86,12675.41,3364557.95,Yes,Moderate,Severely Polluted,53.35,123.43,26.86,15.03,0.86,46.93,125.66
2020,Delhi,Delhi,Winter,Yamuna,Manufacturing,PM10,285.74,5.66,221751.62,14786091.3,12432.37,3352028.7,Yes,Severe,Severely Polluted,139.96,228.54,48.36,13.15,1.42,33.5,268.6
2020,Ernakulam,Kerala,Monsoon,Periyar,Shipping/Refinery,O3,107.33,2.34,308774.7,72364.43,185468.3,721791.0,No,Satisfactory,Acceptable,12.33,25.47,5.01,4.3,2.07,34.76,100.89
2020,Ernakulam,Kerala,Monsoon,Periyar,Shipping/Refinery,PM10,118.45,2.31,330155.0,65823.3,179216.7,810271.6,No,Moderate,Acceptable,25.92,49.43,10.71,5.26,2.25,39.1,111.34
2020,Ernakulam,Kerala,Post-Monsoon,Periyar,Shipping/Refinery,PM10,232.49,1.1,7752.5,86964.0,7376.0,796528.0,Yes,Poor,Acceptable,116.04,144.68,80.24,49.97,3.36,79.24,218.54
2020,Ernakulam,Kerala,Summer,Periyar,Shipping/Refinery,O3,82.0,2.48,289121.07,70220.21,192656.5,733962.57,No,Satisfactory,Good,11.16,23.95,2.12,2.91,1.52,30.05,77.08
2020,Ernakulam,Kerala,Summer,Periyar,Shipping/Refinery,PM10,84.44,2.45,332228.17,66668.63,180059.53,730808.64,No,Satisfactory,Acceptable,22.3,46.99,2.93,3.25,1.57,30.05,79.37
2020,Ernakulam,Kerala,Winter,Periyar,Shipping/Refinery,PM10,111.53,2.44,336193.85,63355.82,176685.22,734492.42,No,Moderate,Acceptable,48.75,78.79,6.97,5.27,1.36,29.59,104.84
2020,Gurugram,Haryana,Monsoon,Sahibi,Automobile,O3,135.93,1.86,19306.0,30502.0,5242.0,3646025.0,Yes,Moderate,Acceptable,67.64,91.77,46.96,63.57,2.19,131.68,127.77
2020,Gurugram,Haryana,Monsoon,Sahibi,Automobile,PM10,133.51,3.55,764682.25,139264.47,213932.06,2114105.78,No,Moderate,Moderately Polluted,52.37,127.57,14.32,6.94,0.77,61.49,125.5
2020,Gurugram,Haryana,Post-Monsoon,Sahibi,Automobile,NO2,138.27,1.24,18459.0,30502.0,5242.0,3646025.0,Yes,Moderate,Acceptable,67.08,80.18,104.8,5.54,2.32,55.48,129.97
2020,Gurugram,Haryana,Post-Monsoon,Sahibi,Automobile,PM10,180.83,1.71,45738.0,30502.0,5242.0,3646025.0,Yes,Moderate,Acceptable,89.3,126.19,13.75,36.16,0.32,117.05,169.98
2020,Gurugram,Haryana,Summer,Sahibi,Automobile,O3,100.07,3.59,753914.93,148068.36,226915.71,1967249.21,No,Moderate,Acceptable,26.92,53.18,15.3,11.67,0.65,62.45,94.07
2020,Gurugram,Haryana,Summer,Sahibi,Automobile,PM10,131.64,3.47,769789.76,145906.26,221601.12,2120907.26,No,Moderate,Acceptable,53.5,119.15,20.53,11.92,0.84,59.26,123.74
2020,Gurugram,Haryana,Winter,Sahibi,Automobile,PM10,219.67,3.55,743466.18,143382.33,221408.97,2140146.03,No,Severe,Acceptable,101.49,175.4,30.4,8.81,1.79,33.55,206.49
2020,Guwahati,Assam,Monsoon,Brahmaputra,Agro-Industry,O3,72.46,3.22,229679.33,1356957.89,1988.22,227775.56,No,Satisfactory,Heavily Polluted,30.75,45.95,21.32,22.12,0.88,59.31,68.11
2020,Guwahati,Assam,Monsoon,Brahmaputra,Agro-Industry,PM10,42.79,3.71,283178.0,1677639.0,1597.25,216618.0,No,Satisfactory,Heavily Polluted,22.61,37.33,9.13,15.76,0.48,24.54,40.22
2020,Guwahati,Assam,Post-Monsoon,Brahmaputra,Agro-Industry,PM10,221.0,1.48,34278.0,234574.0,3361.0,266827.0,Yes,Moderate,Acceptable,96.15,136.49,66.4,26.74,2.1,85.86,207.74
2020,Guwahati,Assam,Summer,Brahmaputra,Agro-Industry,O3,51.86,2.87,283178.0,1677639.0,1608.0,216618.0,No,Good,Moderately Polluted,17.9,29.17,6.0,14.61,0.33,37.21,48.75
2020,Guwahati,Assam,Summer,Brahmaputra,Agro-Industry,PM10,150.96,2.87,283178.0,1677639.0,1608.0,216618.0,No,Very Poor,Moderately Polluted,66.11,119.32,10.96,16.55,0.54,39.12,141.9
2020,Guwahati,Assam,Summer,Brahmaputra,Energy,O3,45.42,3.02,283178.0,1659540.0,1579.5,215435.0,No,Good,Moderately Polluted,13.75,24.72,7.42,14.78,0.35,34.44,42.69
2020,Guwahati,Assam,Summer,Brahmaputra,Energy,PM10,141.96,2.94,283178.0,1659540.0,1566.79,215435.0,No,Poor,Moderately Polluted,63.93,121.86,19.54,14.35,0.56,25.43,133.44
2020,Guwahati,Assam,Winter,Brahmaputra,Agro-Industry,PM10,266.32,3.05,230618.32,1629536.83,1670.3,218291.63,No,Poor,Moderately Polluted,121.3,203.64,22.46,15.7,1.14,20.63,250.34
2020,Guwahati,Assam,Winter,Brahmaputra,Power,PM10,291.65,3.1,1016513.5,1677639.0,1600.5,218910.5,No,Very Poor,Moderately Polluted,144.44,221.62,13.57,13.04,1.55,18.7,274.15
2020,Hyderabad,Telangana,Monsoon,Musi,Manufacturing,O3,188.11,1.54,16437.0,131765.0,2504.0,10213731.0,Yes,Moderate,Acceptable,110.15,121.13,46.51,9.81,1.5,178.27,176.82
2020,Hyderabad,Telangana,Monsoon,Musi,Manufacturing,PM10,51.54,4.08,288728.34,7978756.22,20365.91,9420616.66,Yes,Satisfactory,Heavily Polluted,21.17,48.23,23.11,7.94,0.38,19.21,48.45
2020,Hyderabad,Telangana,Post-Monsoon,Musi,Manufacturing,O3,189.05,0.79,9713.0,131765.0,2504.0,10213731.0,Yes,Moderate,Good,77.41,112.64,118.5,53.49,2.89,142.3,177.71
2020,Hyderabad,Telangana,Post-Monsoon,Musi,Manufacturing,PM10,247.4,1.19,40922.0,131765.0,2504.0,10213731.0,Yes,Poor,Acceptable,110.97,131.94,40.94,53.56,0.94,87.37,232.56
2020,Hyderabad,Telangana,Summer,Musi,Manufacturing,PM10,71.98,3.92,256331.52,8203869.94,21037.38,9279296.09,Yes,Satisfactory,Heavily Polluted,33.0,70.28,23.07,5.86,0.48,27.43,67.66
2020,Hyderabad,Telangana,Summer,Musi,Power,PM10,79.35,3.96,716492.0,8117033.5,20378.5,9022938.5,Yes,Satisfactory,Heavily Polluted,30.12,80.48,26.23,6.14,0.46,31.24,74.59
2020,Hyderabad,Telangana,Winter,Musi,Manufacturing,PM10,102.67,3.92,292880.97,8041067.3,20276.44,9168723.79,Yes,Satisfactory,Heavily Polluted,49.13,101.74,34.59,7.76,0.54,29.51,96.51
2020,Jaipur,Rajasthan,Monsoon,Banas,Manufacturing,NO2,150.9,1.94,6807.0,155156.0,11756.0,2972999.0,Yes,Moderate,Acceptable,71.65,97.15,103.17,64.84,2.36,83.36,141.85
2020,Jaipur,Rajasthan,Monsoon,Banas,Manufacturing,O3,97.45,2.99,91128.12,3966893.12,7556.0,2479201.5,Yes,Satisfactory,Moderately Polluted,32.04,63.28,17.45,10.87,0.72,74.7,91.6
2020,Jaipur,Rajasthan,Monsoon,Banas,Manufacturing,PM10,94.29,3.32,97121.65,4511427.0,6960.04,2408312.42,Yes,Satisfactory,Moderately Polluted,38.62,93.76,16.46,9.81,0.64,55.83,88.63
2020,Jaipur,Rajasthan,Post-Monsoon,Banas,Manufacturing,PM10,177.82,1.35,37014.5,155156.0,11756.0,2972999.0,Yes,Moderate,Acceptable,73.93,98.48,73.68,70.82,2.66,42.24,167.15
2020,Jaipur,Rajasthan,Summer,Banas,Manufacturing,O3,83.75,2.66,96376.04,4464555.0,6885.96,2408659.0,Yes,Satisfactory,Moderately Polluted,23.45,50.3,15.34,11.68,0.6,58.92,78.72
2020,Jaipur,Rajasthan,Summer,Banas,Manufacturing,PM10,106.12,2.67,96207.35,4454707.94,6899.82,2408659.0,Yes,Moderate,Moderately Polluted,38.74,104.26,21.75,12.43,0.7,57.77,99.75
2020,Jaipur,Rajasthan,Winter,Banas,Manufacturing,PM10,119.81,2.7,96436.33,4322777.84,7034.22,2409456.11,Yes,Moderate,Moderately Polluted,52.06,114.92,46.29,13.57,1.0,50.19,112.62
2020,Jorapokhar,Jharkhand,Monsoon,Damodar,Mining/Coal,O3,189.6,3.44,728460.6,156484.8,19292.2,71767.6,No,Moderate,Moderately Polluted,48.69,84.44,22.65,32.9,2.2,119.55,178.22
2020,Jorapokhar,Jharkhand,Monsoon,Damodar,Mining/Coal,PM10,127.04,4.97,1252417.18,245192.32,28434.57,56536.32,No,Moderate,Moderately Polluted,28.03,110.1,10.93,21.33,1.28,34.97,119.42
2020,Jorapokhar,Jharkhand,Post-Monsoon,Damodar,Mining/Coal,O3,188.33,1.74,28663.0,72371.0,1057.0,86136.0,Yes,Moderate,Polluted,85.96,108.97,95.99,71.68,2.92,180.71,177.03
2020,Jorapokhar,Jharkhand,Summer,Damodar,Mining/Coal,O3,164.29,5.28,1346273.71,213002.86,28607.0,61122.0,No,Moderate,Moderately Polluted,43.12,75.55,10.6,27.05,1.64,94.7,154.43
2020,Jorapokhar,Jharkhand,Summer,Damodar,Mining/Coal,PM10,135.11,4.97,1249110.73,236816.81,29505.56,57120.47,No,Poor,Moderately Polluted,51.8,121.61,10.78,29.69,1.29,41.79,127.0
2020,Jorapokhar,Jharkhand,Winter,Damodar,Mining/Coal,PM10,165.71,4.82,1237886.67,223964.82,29612.7,55904.61,No,Moderate,Moderately Polluted,69.27,178.04,10.87,29.04,0.31,52.49,155.77
2020,Kochi,Kerala,Monsoon,Periyar,Shipping/Refinery,NO2,110.4,2.98,443809.0,88040.4,304779.6,1068047.6,No,Satisfactory,Acceptable,9.54,16.65,24.6,17.43,1.57,1.06,103.78
2020,Kochi,Kerala,Monsoon,Periyar,Shipping/Refinery,O3,224.9,1.28,19582.0,86964.0,7376.0,962620.0,Yes,Poor,Acceptable,95.08,125.71,76.56,47.5,1.84,154.64,211.41
2020,Kochi,Kerala,Monsoon,Periyar,Shipping/Refinery,PM10,98.04,2.69,413077.83,90000.52,318151.35,961066.17,No,Satisfactory,Acceptable,26.07,43.05,13.28,20.5,1.63,6.9,92.16
2020,Kochi,Kerala,Monsoon,Periyar,Shipping/Refinery,SO2,85.0,2.83,467084.5,70305.5,312422.25,991883.25,No,Satisfactory,Acceptable,9.46,14.64,2.9,20.66,1.55,1.06,79.9
2020,Kochi,Kerala,Post-Monsoon,Periyar,Shipping/Refinery,PM10,257.64,1.1,7752.5,86964.0,7376.0,962620.0,Yes,Poor,Acceptable,126.39,158.51,90.44,54.6,3.78,89.56,242.18
2020,Kochi,Kerala,Summer,Periyar,Shipping/Refinery,NO2,98.5,2.68,490917.5,59704.5,325305.0,1103949.0,No,Satisfactory,Acceptable,8.7,17.55,19.3,11.82,1.32,1.21,92.59
2020,Kochi,Kerala,Summer,Periyar,Shipping/Refinery,PM10,97.07,2.65,423362.73,86030.59,306376.82,935154.87,No,Moderate,Acceptable,24.67,59.11,8.01,16.99,1.17,1.52,91.25
2020,Kochi,Kerala,Winter,Periyar,Shipping/Refinery,PM10,134.74,2.57,426043.0,85461.52,308803.95,943921.58,No,Moderate,Acceptable,61.21,118.37,33.74,19.06,1.32,11.44,126.66
2020,Kolkata,West Bengal,Monsoon,Hooghly,Manufacturing,O3,94.51,3.63,124436.5,3898623.5,22188.5,13853648.5,Yes,Satisfactory,Severely Polluted,42.02,58.08,32.27,18.28,0.52,65.69,88.84
2020,Kolkata,West Bengal,Monsoon,Hooghly,Manufacturing,PM10,45.96,4.53,167160.55,5174967.2,27285.84,13096459.86,Yes,Good,Severely Polluted,13.69,35.23,10.31,6.36,0.36,24.89,43.2
2020,Kolkata,West Bengal,Monsoon,Hooghly,Manufacturing,PM2.5,239.54,1.46,27085.0,56378.0,6827.0,16092043.0,Yes,Poor,Acceptable,137.07,128.72,90.51,15.34,1.8,108.22,225.17
2020,Kolkata,West Bengal,Post-Monsoon,Hooghly,Manufacturing,PM10,267.47,1.09,42328.5,56378.0,6827.0,16092043.0,Yes,Poor,Acceptable,151.64,168.51,61.39,44.2,2.84,69.58,251.42
2020,Kolkata,West Bengal,Summer,Hooghly,Manufacturing,O3,64.31,4.02,341135.35,5118916.0,27204.23,13047003.77,Yes,Satisfactory,Severely Polluted,16.57,34.17,9.92,7.33,0.35,46.32,60.45
2020,Kolkata,West Bengal,Summer,Hooghly,Manufacturing,PM10,89.32,3.93,250006.33,5118916.0,27080.64,13012162.82,Yes,Moderate,Severely Polluted,36.32,70.4,17.96,8.76,0.52,42.2,83.96
2020,Kolkata,West Bengal,Winter,Hooghly,Manufacturing,PM10,209.27,3.88,319385.99,5006030.52,26799.76,12850365.75,Yes,Poor,Heavily Polluted,90.23,177.17,58.58,14.68,1.1,36.96,196.71
2020,Lucknow,Uttar Pradesh,Monsoon,Gomti,Agro-Industry,PM10,102.2,2.57,90406.45,3230704.02,2284.0,1251229.32,Yes,Satisfactory,Acceptable,49.4,99.69,18.66,6.3,1.02,45.72,96.07
2020,Lucknow,Uttar Pradesh,Post-Monsoon,Gomti,Agro-Industry,PM10,229.86,1.2,8571.5,254929.0,5822.0,1273146.0,Yes,Moderate,Acceptable,112.28,139.85,60.68,54.9,3.63,71.55,216.07
2020,Lucknow,Uttar Pradesh,Summer,Gomti,Agro-Industry,PM10,114.85,2.34,93409.45,3423114.83,2041.2,1252080.28,Yes,Moderate,Moderately Polluted,56.23,97.0,17.94,6.72,1.01,31.01,107.96
2020,Lucknow,Uttar Pradesh,Summer,Gomti,Agro-Industry,PM2.5,211.2,2.43,90136.0,3423386.0,2025.0,1252148.8,Yes,Moderate,Moderately Polluted,106.54,97.0,23.28,7.1,1.07,36.87,198.53
2020,Lucknow,Uttar Pradesh,Winter,Gomti,Agro-Industry,PM10,164.15,2.31,463559.62,3236811.5,2264.62,1253494.47,Yes,Moderate,Acceptable,71.92,101.17,38.49,9.91,1.54,35.1,154.3
2020,Lucknow,Uttar Pradesh,Winter,Gomti,Agro-Industry,PM2.5,277.3,2.33,413855.77,3423085.18,2048.27,1252231.27,Yes,Severe,Acceptable,139.21,97.0,62.25,11.1,1.59,26.77,260.66
2020,Mumbai,Maharashtra,Monsoon,Ulhas,Manufacturing,NO2,123.45,1.75,39479.0,109920.0,8980.0,27319268.0,Yes,Moderate,Acceptable,55.72,77.49,87.68,53.82,1.57,31.12,116.04
2020,Mumbai,Maharashtra,Monsoon,Ulhas,Manufacturing,O3,50.0,4.03,224860.0,11017177.0,23244.0,24469465.0,Yes,Good,Heavily Polluted,8.38,19.05,12.38,7.7,0.28,22.89,47.0
2020,Mumbai,Maharashtra,Monsoon,Ulhas,Manufacturing,PM10,55.68,3.93,217681.07,10653601.77,22768.53,24564458.43,Yes,Good,Heavily Polluted,13.19,37.55,13.86,10.64,0.37,13.46,52.34
2020,Mumbai,Maharashtra,Monsoon,Ulhas,Manufacturing,SO2,53.0,4.04,238059.5,11128077.0,23002.5,24371277.0,Yes,Satisfactory,Heavily Polluted,3.84,11.28,5.57,13.18,0.37,6.68,49.82
2020,Mumbai,Maharashtra,Post-Monsoon,Ulhas,Manufacturing,O3,173.91,1.18,26397.0,109920.0,8980.0,27319268.0,Yes,Moderate,Acceptable,89.49,99.97,44.99,52.62,4.22,158.4,163.48
2020,Mumbai,Maharashtra,Post-Monsoon,Ulhas,Manufacturing,PM10,124.93,1.05,42858.0,109920.0,8980.0,27319268.0,Yes,Moderate,Acceptable,65.19,81.94,72.3,11.64,0.53,26.66,117.43
2020,Mumbai,Maharashtra,Summer,Ulhas,Manufacturing,PM10,81.04,3.69,229164.18,11090708.52,23041.48,24371277.0,Yes,Moderate,Heavily Polluted,23.42,75.6,13.09,12.09,0.45,23.78,76.18
2020,Mumbai,Maharashtra,Winter,Ulhas,Manufacturing,NO2,164.92,1.29,23341.0,109920.0,8980.0,27319268.0,Yes,Moderate,Acceptable,84.49,100.82,111.13,6.44,1.58,19.65,155.02
2020,Mumbai,Maharashtra,Winter,Ulhas,Manufacturing,PM10,164.08,3.76,224860.0,11101276.17,23075.18,24320546.53,Yes,Moderate,Heavily Polluted,70.02,155.24,43.23,9.71,1.04,40.79,154.24
2020,Patna,Bihar,Monsoon,Ganga,Agro-Industry,O3,136.0,0.79,4938.0,161256.0,804.0,540808.0,Yes,Moderate,Good,70.06,82.23,48.62,54.8,1.79,118.81,127.84
2020,Patna,Bihar,Monsoon,Ganga,Agro-Industry,PM10,117.62,3.15,146031.5,1363770.0,1397.0,503860.5,Yes,Satisfactory,Heavily Polluted,59.26,78.27,30.16,15.34,1.01,37.4,110.56
2020,Patna,Bihar,Monsoon,Ganga,Power,PM10,82.37,4.31,1188352.0,2566284.0,1966.0,466913.0,Yes,Moderate,Heavily Polluted,22.27,62.23,22.46,3.73,0.71,24.32,77.43
2020,Patna,Bihar,Post-Monsoon,Ganga,Agro-Industry,PM10,161.83,1.08,34560.0,161256.0,804.0,540808.0,Yes,Moderate,Good,79.02,107.05,81.25,26.18,3.01,80.44,152.12
2020,Patna,Bihar,Summer,Ganga,Agro-Industry,PM10,158.42,3.61,241085.0,2566284.0,2043.0,466913.0,Yes,Moderate,Heavily Polluted,64.32,141.55,51.61,10.96,1.27,21.12,148.91
2020,Patna,Bihar,Summer,Ganga,Manufacturing,PM10,131.17,3.4,241085.0,2620801.5,2032.5,465622.0,Yes,Moderate,Heavily Polluted,39.32,99.47,26.36,10.61,1.18,29.0,123.3
2020,Patna,Bihar,Summer,Ganga,Power,O3,135.25,4.13,714718.5,2566284.0,2026.0,466913.0,Yes,Moderate,Heavily Polluted,18.63,43.73,14.16,9.7,0.42,49.34,127.14
2020,Patna,Bihar,Summer,Ganga,Power,PM10,139.0,4.13,714718.5,2566284.0,2026.0,466913.0,Yes,Moderate,Heavily Polluted,33.6,109.69,19.81,8.07,0.55,41.49,130.66
2020,Patna,Bihar,Winter,Ganga,Agro-Industry,O3,182.89,1.43,6863.0,161256.0,804.0,540808.0,Yes,Moderate,Acceptable,102.47,103.42,114.32,27.72,3.3,146.51,171.92
2020,Patna,Bihar,Winter,Ganga,Agro-Industry,PM10,233.22,4.27,241085.0,2566284.0,2032.83,466913.0,Yes,Very Poor,Heavily Polluted,105.32,170.61,43.05,9.05,1.53,16.28,219.23
2020,Patna,Bihar,Winter,Ganga,Agro-Industry,PM2.5,223.0,4.05,241085.0,2566284.0,2052.0,466913.0,Yes,Poor,Heavily Polluted,149.01,130.51,33.01,11.17,3.65,11.03,209.62
2020,Shillong,Meghalaya,Monsoon,Umiam,Handicrafts,O3,41.85,1.77,46373.15,31699.8,49092.75,98649.6,No,Good,Acceptable,11.68,17.55,6.42,11.17,0.28,29.87,39.34
2020,Shillong,Meghalaya,Monsoon,Umiam,Handicrafts,PM10,27.77,1.85,46102.62,9309.31,54619.54,91128.77,No,Good,Acceptable,16.88,24.97,2.79,8.74,0.17,8.49,26.1
2020,Shillong,Meghalaya,Post-Monsoon,Umiam,Handicrafts,PM10,112.63,1.5,34278.0,234574.0,3361.0,158487.0,Yes,Satisfactory,Acceptable,48.49,70.2,33.96,12.91,1.06,40.82,105.87
2020,Shillong,Meghalaya,Summer,Umiam,Handicrafts,O3,56.62,1.75,37972.54,11152.92,49252.31,82784.77,No,Satisfactory,Good,21.08,30.85,2.74,5.39,0.22,39.94,53.22
2020,Shillong,Meghalaya,Summer,Umiam,Handicrafts,PM10,58.73,1.72,46497.86,8850.23,53684.54,91330.68,No,Satisfactory,Acceptable,29.6,50.18,2.61,7.61,0.15,18.3,55.21
2020,Shillong,Meghalaya,Winter,Umiam,Handicrafts,O3,61.73,1.8,42941.0,8434.87,53068.93,91455.4,No,Satisfactory,Acceptable,22.46,33.25,2.63,6.61,0.25,44.08,58.03
2020,Shillong,Meghalaya,Winter,Umiam,Handicrafts,PM10,88.29,1.77,47365.87,14203.53,52113.02,89177.29,No,Satisfactory,Good,46.02,64.76,3.49,8.37,0.41,36.47,82.99
2020,Shillong,Meghalaya,Winter,Umiam,Handicrafts,PM2.5,52.0,1.12,54506.0,8773.0,53628.0,69051.0,No,Satisfactory,Good,57.08,38.59,2.82,7.76,0.36,29.71,48.88
2020,Talcher,Odisha,Monsoon,Brahmani,Thermal Power,NO2,74.5,4.44,2786101.5,441054.5,43564.5,139444.0,No,Moderate,Moderately Polluted,21.69,27.06,30.12,15.91,0.94,9.14,70.03
2020,Talcher,Odisha,Monsoon,Brahmani,Thermal Power,O3,100.93,4.26,2293071.89,494401.67,33804.33,153058.67,No,Moderate,Polluted,30.32,40.22,31.34,21.92,1.6,58.11,94.87
2020,Talcher,Odisha,Monsoon,Brahmani,Thermal Power,PM10,98.93,4.66,2364199.14,436072.64,34200.45,144266.95,No,Satisfactory,Moderately Polluted,33.68,76.6,16.48,23.08,1.45,20.07,92.99
2020,Talcher,Odisha,Post-Monsoon,Brahmani,Thermal Power,O3,191.59,1.37,17152.0,84124.0,10296.0,232260.0,Yes,Moderate,Acceptable,106.29,130.38,114.56,25.58,2.97,170.05,180.09
2020,Talcher,Odisha,Post-Monsoon,Brahmani,Thermal Power,PM10,260.93,0.55,6774.0,84124.0,10296.0,232260.0,Yes,Poor,Good,112.96,144.9,109.64,8.46,0.58,34.58,245.27
2020,Talcher,Odisha,Summer,Brahmani,Thermal Power,O3,124.95,4.94,2364352.85,495751.9,38696.4,139868.4,No,Moderate,Moderately Polluted,32.27,43.2,12.52,26.25,2.06,66.88,117.45
2020,Talcher,Odisha,Summer,Brahmani,Thermal Power,PM10,123.11,4.78,2595416.43,528716.98,38259.67,132447.9,No,Moderate,Moderately Polluted,43.59,91.76,9.98,24.42,1.9,42.66,115.72
2020,Talcher,Odisha,Summer,Brahmani,Thermal Power,PM2.5,100.5,4.92,2649820.5,618944.0,32612.5,145349.5,No,Satisfactory,Moderately Polluted,43.42,15.64,5.31,27.7,1.84,36.0,94.47
2020,Talcher,Odisha,Summer,Brahmani,Thermal Power,SO2,93.33,4.66,2847117.0,516698.0,34514.11,137089.44,No,Satisfactory,Moderately Polluted,16.27,25.04,6.82,58.42,1.33,22.04,87.73
2020,Talcher,Odisha,Winter,Brahmani,Thermal Power,PM10,250.36,4.68,2513873.97,477533.25,36627.38,143019.32,No,Very Poor,Moderately Polluted,119.39,210.48,11.36,20.93,1.62,21.7,235.34
2020,Talcher,Odisha,Winter,Brahmani,Thermal Power,PM2.5,289.0,3.95,2394018.0,367535.0,47237.0,130580.0,No,Poor,Acceptable,354.44,347.58,4.56,16.28,1.71,23.18,271.66
2020,Thiruvananthapuram,Kerala,Monsoon,Karamana,IT/Electronics,O3,42.0,2.69,232527.0,26396.0,231064.0,759024.0,No,Good,Acceptable,9.56,16.64,9.5,5.32,0.5,23.69,39.48
2020,Thiruvananthapuram,Kerala,Monsoon,Karamana,IT/Electronics,PM10,51.4,2.39,244783.47,60589.09,225234.41,677696.5,No,Good,Acceptable,23.59,44.61,14.03,8.44,0.64,23.63,48.32
2020,Thiruvananthapuram,Kerala,Post-Monsoon,Karamana,IT/Electronics,O3,143.91,1.31,12676.0,213309.0,12763.0,1119554.0,Yes,Moderate,Acceptable,66.15,99.66,116.9,5.79,2.17,174.65,135.28
2020,Thiruvananthapuram,Kerala,Post-Monsoon,Karamana,IT/Electronics,PM10,185.89,1.1,27036.0,213309.0,12763.0,1119554.0,Yes,Moderate,Acceptable,100.6,116.66,47.4,74.72,4.3,98.5,174.74
2020,Thiruvananthapuram,Kerala,Summer,Karamana,IT/Electronics,O3,56.33,2.36,249739.19,49197.38,266299.76,634646.76,No,Satisfactory,Acceptable,16.34,33.0,8.29,5.59,0.52,40.11,52.95
2020,Thiruvananthapuram,Kerala,Summer,Karamana,IT/Electronics,PM10,64.52,2.32,253809.89,50947.96,260288.31,650662.52,No,Satisfactory,Acceptable,23.04,48.67,11.74,5.93,0.73,36.13,60.65
2020,Thiruvananthapuram,Kerala,Winter,Karamana,IT/Electronics,O3,112.44,2.39,233103.75,85462.25,224221.5,877358.0,No,Satisfactory,Acceptable,50.77,69.83,41.86,10.68,1.47,72.87,105.69
2020,Thiruvananthapuram,Kerala,Winter,Karamana,IT/Electronics,PM10,82.91,2.4,264249.19,52599.47,246755.77,634028.11,No,Satisfactory,Acceptable,38.73,67.55,22.99,8.18,0.99,46.46,77.94
2020,Visakhapatnam,Andhra Pradesh,Monsoon,Gosthani,Manufacturing,PM10,50.0,3.84,248289.0,2605332.0,599.0,199916.0,No,Good,Heavily Polluted,15.0,66.0,26.85,2.1,0.59,17.05,47.0
2020,Visakhapatnam,Andhra Pradesh,Monsoon,Gosthani,Mining,O3,182.68,1.55,16437.0,131765.0,2504.0,210420.0,Yes,Moderate,Acceptable,103.86,104.64,41.6,9.43,1.46,162.53,171.72
2020,Visakhapatnam,Andhra Pradesh,Monsoon,Gosthani,Mining,PM10,85.18,3.7,152485.03,2450455.32,652.23,202877.42,No,Satisfactory,Heavily Polluted,25.51,82.25,36.4,9.96,0.69,29.33,80.07
2020,Visakhapatnam,Andhra Pradesh,Post-Monsoon,Gosthani,Mining,O3,182.95,0.83,9713.0,131765.0,2504.0,210420.0,Yes,Moderate,Good,72.0,106.62,114.23,50.8,2.68,135.52,171.97
2020,Visakhapatnam,Andhra Pradesh,Post-Monsoon,Gosthani,Mining,PM10,241.53,1.19,40922.0,131765.0,2504.0,210420.0,Yes,Poor,Acceptable,104.18,132.32,39.38,50.09,0.88,78.5,227.04
2020,Visakhapatnam,Andhra Pradesh,Summer,Gosthani,Manufacturing,O3,32.0,2.72,248289.0,2605332.0,595.0,199916.0,No,Good,Moderately Polluted,2.0,17.99,10.24,8.86,0.11,19.75,30.08
2020,Visakhapatnam,Andhra Pradesh,Summer,Gosthani,Manufacturing,PM10,69.35,2.74,248289.0,2605332.0,591.71,199916.0,No,Moderate,Moderately Polluted,21.65,67.5,26.93,8.17,0.36,19.63,65.19
2020,Visakhapatnam,Andhra Pradesh,Winter,Gosthani,Manufacturing,O3,61.0,3.0,248289.0,2605332.0,579.0,199916.0,No,Satisfactory,Moderately Polluted,16.07,43.09,18.26,9.12,0.84,52.07,57.34
2020,Visakhapatnam,Andhra Pradesh,Winter,Gosthani,Manufacturing,PM10,128.23,3.0,248289.0,2605332.0,579.0,199916.0,No,Moderate,Moderately Polluted,60.98,124.34,35.74,9.44,1.11,48.71,120.54
2020,Visakhapatnam,Andhra Pradesh,Winter,Gosthani,Mining,PM10,225.66,0.81,48379.0,131765.0,2504.0,210420.0,Yes,Poor,Good,104.07,132.47,41.58,11.83,1.53,102.21,212.12
2020,Visakhapatnam,Andhra Pradesh,Winter,Gosthani,Power,O3,71.5,2.81,1163533.0,2663722.5,591.5,199916.0,No,Satisfactory,Moderately Polluted,36.1,52.92,20.6,8.55,0.89,63.23,67.21
2020,Visakhapatnam,Andhra Pradesh,Winter,Gosthani,Power,PM10,101.17,2.81,1163533.0,2663722.5,591.5,199916.0,No,Satisfactory,Moderately Polluted,45.68,98.48,35.62,6.36,1.02,27.09,95.1
2021,Ahmedabad,Gujarat,Monsoon,Sabarmati,Chemical,NO2,148.65,0.64,27187.0,155927.0,3696.0,7941334.0,Yes,Moderate,Good,62.69,93.88,113.1,67.49,2.15,61.08,139.73
2021,Ahmedabad,Gujarat,Monsoon,Sabarmati,Chemical,O3,148.2,1.14,13699.67,155927.0,3696.0,7941334.0,Yes,Moderate,Acceptable,73.41,87.43,73.82,29.42,2.77,129.52,139.31
2021,Ahmedabad,Gujarat,Post-Monsoon,Sabarmati,Chemical,O3,171.24,1.24,14833.0,155927.0,3696.0,7941334.0,Yes,Moderate,Acceptable,84.4,105.22,27.74,60.04,2.63,175.7,160.97
2021,Ahmedabad,Gujarat,Summer,Sabarmati,Chemical,O3,146.68,1.07,22314.0,155927.0,3696.0,7941334.0,Yes,Moderate,Acceptable,75.46,105.52,71.04,44.0,2.82,139.24,137.88
2021,Ahmedabad,Gujarat,Summer,Sabarmati,Chemical,PM10,150.19,0.37,38401.0,155927.0,3696.0,7941334.0,Yes,Moderate,Good,63.76,89.55,60.84,9.72,1.55,35.21,141.18
2021,Ahmedabad,Gujarat,Winter,Sabarmati,Chemical,PM10,176.96,0.99,13414.67,155927.0,3696.0,7941334.0,Yes,Moderate,Acceptable,78.64,113.52,68.03,57.57,3.33,59.15,166.34
2021,Aizawl,Mizoram,Monsoon,Tlawng,Handicrafts,O3,87.46,0.58,41931.0,236331.0,3392.0,99189.0,Yes,Satisfactory,Good,52.6,58.1,33.77,8.4,0.56,77.84,82.21
2021,Aizawl,Mizoram,Monsoon,Tlawng,Handicrafts,PM10,82.21,0.83,32003.33,236331.0,3392.0,99189.0,Yes,Satisfactory,Good,39.59,63.21,25.33,22.95,1.34,46.19,77.28
2021,Aizawl,Mizoram,Post-Monsoon,Tlawng,Handicrafts,O3,94.21,1.79,49525.0,236331.0,3392.0,99189.0,Yes,Satisfactory,Acceptable,51.42,48.13,6.34,33.6,0.57,70.79,88.56
2021,Aizawl,Mizoram,Post-Monsoon,Tlawng,Handicrafts,PM10,107.79,0.73,46335.0,236331.0,3392.0,99189.0,Yes,Moderate,Good,45.46,70.93,39.41,6.04,0.3,5.79,101.32
2021,Aizawl,Mizoram,Summer,Tlawng,Handicrafts,PM10,90.23,1.42,26333.0,236331.0,3392.0,99189.0,Yes,Satisfactory,Acceptable,47.82,56.38,17.3,31.86,1.34,14.12,84.82
2021,Aizawl,Mizoram,Summer,Tlawng,Handicrafts,PM2.5,90.64,2.22,35528.0,236331.0,3392.0,99189.0,Yes,Satisfactory,Polluted,49.34,48.44,19.54,21.4,0.76,35.15,85.2
2021,Aizawl,Mizoram,Winter,Tlawng,Handicrafts,PM10,92.96,1.45,43539.5,236331.0,3392.0,99189.0,Yes,Moderate,Acceptable,44.78,59.52,17.6,27.16,1.23,45.6,87.38
2021,Aizawl,Mizoram,Winter,Tlawng,Handicrafts,PM2.5,121.03,1.23,11507.0,236331.0,3392.0,99189.0,Yes,Moderate,Acceptable,59.34,57.43,25.6,14.94,0.58,43.78,113.77
2021,Amaravati,Andhra Pradesh,Monsoon,Krishna,Agro-processing,O3,169.91,1.25,18545.0,136433.0,2587.0,452926.0,Yes,Moderate,Acceptable,71.43,109.01,20.46,16.85,3.56,112.18,159.72
2021,Amaravati,Andhra Pradesh,Monsoon,Krishna,Agro-processing,PM10,166.58,1.14,24602.33,136433.0,2587.0,452926.0,Yes,Moderate,Good,79.93,108.62,58.6,54.82,1.49,79.12,156.59
2021,Amaravati,Andhra Pradesh,Post-Monsoon,Krishna,Agro-processing,O3,173.9,1.09,47942.0,136433.0,2587.0,452926.0,Yes,Moderate,Acceptable,70.02,89.09,59.28,32.88,2.48,118.85,163.47
2021,Amaravati,Andhra Pradesh,Post-Monsoon,Krishna,Agro-processing,PM10,207.9,0.81,40639.0,136433.0,2587.0,452926.0,Yes,Poor,Good,104.68,140.9,30.83,47.74,0.5,98.32,195.43
2021,Amaravati,Andhra Pradesh,Summer,Krishna,Agro-processing,NO2,178.1,2.07,35493.0,136433.0,2587.0,452926.0,Yes,Moderate,Polluted,89.7,93.55,95.93,37.65,1.29,45.63,167.41
2021,Amaravati,Andhra Pradesh,Summer,Krishna,Agro-processing,O3,163.69,1.7,27296.0,136433.0,2587.0,452926.0,Yes,Moderate,Acceptable,66.2,99.67,58.26,33.37,3.0,104.83,153.87
2021,Amaravati,Andhra Pradesh,Summer,Krishna,Agro-processing,PM10,164.43,0.88,8531.0,136433.0,2587.0,452926.0,Yes,Moderate,Good,77.4,117.23,53.09,24.21,1.06,99.67,154.56
2021,Amaravati,Andhra Pradesh,Winter,Krishna,Agro-processing,PM10,199.45,1.3,30027.67,136433.0,2587.0,452926.0,Yes,Poor,Acceptable,108.79,133.31,67.8,42.33,1.7,51.6,187.48
2021,Amritsar,Punjab,Monsoon,Beas,Agro-Industry,NO2,148.56,0.91,11795.0,263741.0,3443.0,1092072.0,Yes,Moderate,Good,76.92,79.67,96.99,32.57,4.52,42.53,139.65
2021,Amritsar,Punjab,Monsoon,Beas,Agro-Industry,O3,145.15,0.97,18006.0,263741.0,3443.0,1092072.0,Yes,Moderate,Acceptable,66.29,100.12,69.92,32.65,2.05,147.21,136.44
2021,Amritsar,Punjab,Post-Monsoon,Beas,Agro-Industry,PM10,170.86,1.23,43531.5,263741.0,3443.0,1092072.0,Yes,Moderate,Acceptable,79.32,109.88,58.53,7.75,2.58,78.84,160.61
2021,Amritsar,Punjab,Summer,Beas,Agro-Industry,NO2,142.54,0.98,18946.0,263741.0,3443.0,1092072.0,Yes,Moderate,Good,85.2,83.65,98.88,75.33,2.06,62.83,133.99
2021,Amritsar,Punjab,Summer,Beas,Agro-Industry,PM10,146.88,1.03,43330.0,263741.0,3443.0,1092072.0,Yes,Moderate,Acceptable,72.18,87.54,13.64,37.13,2.07,57.34,138.07
2021,Amritsar,Punjab,Winter,Beas,Agro-Industry,O3,147.05,1.36,24967.0,263741.0,3443.0,1092072.0,Yes,Moderate,Acceptable,63.82,100.03,96.54,18.52,3.7,178.45,138.23
2021,Amritsar,Punjab,Winter,Beas,Agro-Industry,PM10,193.42,1.33,21746.5,263741.0,3443.0,1092072.0,Yes,Moderate,Good,109.66,121.76,41.04,30.86,3.78,58.73,181.81
2021,Bengaluru,Karnataka,Monsoon,Arkavathi,Agro-Industry,NO2,102.89,0.69,22310.0,115549.0,12607.0,3755570.0,Yes,Moderate,Good,46.22,65.29,94.84,41.87,3.12,90.11,96.72
2021,Bengaluru,Karnataka,Monsoon,Arkavathi,Agro-Industry,PM10,105.05,1.45,38663.0,115549.0,12607.0,3755570.0,Yes,Moderate,Acceptable,62.55,72.06,30.9,30.58,3.38,44.56,98.75
2021,Bengaluru,Karnataka,Monsoon,Arkavathi,Agro-Industry,PM2.5,102.04,1.51,44766.0,115549.0,12607.0,3755570.0,Yes,Moderate,Acceptable,59.34,57.47,41.39,7.93,3.01,29.56,95.92
2021,Bengaluru,Karnataka,Monsoon,Arkavathi,Agro-Industry,SO2,98.04,1.32,4150.0,115549.0,12607.0,3755570.0,Yes,Satisfactory,Acceptable,41.77,62.52,24.63,64.63,1.22,37.49,92.16
2021,Bengaluru,Karnataka,Post-Monsoon,Arkavathi,Agro-Industry,O3,102.6,1.2,47857.0,115549.0,12607.0,3755570.0,Yes,Moderate,Acceptable,55.27,69.64,51.32,28.79,2.42,150.02,96.44
2021,Bengaluru,Karnataka,Post-Monsoon,Arkavathi,Agro-Industry,PM10,134.6,1.27,24119.0,115549.0,12607.0,3755570.0,Yes,Moderate,Acceptable,56.53,92.25,91.14,75.96,3.22,41.76,126.52
2021,Bengaluru,Karnataka,Summer,Arkavathi,Agro-Industry,O3,102.45,1.38,39461.67,115549.0,12607.0,3755570.0,Yes,Moderate,Acceptable,46.19,64.44,74.19,36.79,2.29,105.22,96.3
2021,Bengaluru,Karnataka,Winter,Arkavathi,Agro-Industry,O3,102.11,1.15,20922.0,115549.0,12607.0,3755570.0,Yes,Moderate,Acceptable,54.36,64.13,58.0,70.44,2.17,113.01,95.98
2021,Bengaluru,Karnataka,Winter,Arkavathi,Agro-Industry,PM10,134.0,0.8,44866.0,115549.0,12607.0,3755570.0,Yes,Moderate,Good,65.57,91.73,66.35,57.32,2.25,48.38,125.96
2021,Bhopal,Madhya Pradesh,Monsoon,Betwa,Manufacturing,O3,129.08,1.3,37634.5,30703.0,11453.0,564766.0,Yes,Moderate,Acceptable,68.69,74.78,85.52,25.69,2.98,161.58,121.34
2021,Bhopal,Madhya Pradesh,Monsoon,Betwa,Manufacturing,PM10,128.65,1.8,48161.0,30703.0,11453.0,564766.0,Yes,Moderate,Acceptable,64.97,83.76,15.84,28.58,3.26,37.98,120.93
2021,Bhopal,Madhya Pradesh,Post-Monsoon,Betwa,Manufacturing,NO2,150.42,1.33,33362.5,30703.0,11453.0,564766.0,Yes,Moderate,Acceptable,69.78,87.72,108.85,64.63,0.72,74.72,141.39
2021,Bhopal,Madhya Pradesh,Summer,Betwa,Manufacturing,O3,124.54,1.67,8876.0,30703.0,11453.0,564766.0,Yes,Moderate,Acceptable,71.67,91.87,91.76,71.48,4.56,129.19,117.07
2021,Bhopal,Madhya Pradesh,Summer,Betwa,Manufacturing,PM10,130.96,1.46,23701.0,30703.0,11453.0,564766.0,Yes,Moderate,Acceptable,59.99,85.88,60.94,38.58,3.14,34.54,123.1
2021,Bhopal,Madhya Pradesh,Winter,Betwa,Manufacturing,O3,150.44,0.98,32368.0,30703.0,11453.0,564766.0,Yes,Moderate,Acceptable,73.37,85.79,61.95,43.36,2.02,126.37,141.41
2021,Bhopal,Madhya Pradesh,Winter,Betwa,Manufacturing,PM10,173.25,0.75,31956.0,30703.0,11453.0,564766.0,Yes,Moderate,Good,72.69,98.45,68.17,53.21,1.16,80.93,162.85
2021,Brajrajnagar,Odisha,Monsoon,Ib,Coal/Power,O3,122.58,1.11,26986.67,249420.0,8037.0,95703.0,Yes,Moderate,Acceptable,64.0,76.03,49.96,57.56,0.8,107.1,115.23
2021,Brajrajnagar,Odisha,Monsoon,Ib,Coal/Power,PM10,119.11,0.82,38674.0,249420.0,8037.0,95703.0,Yes,Moderate,Good,55.58,67.72,16.8,36.39,2.25,51.37,111.96
2021,Brajrajnagar,Odisha,Post-Monsoon,Ib,Coal/Power,O3,140.44,1.06,30548.5,249420.0,8037.0,95703.0,Yes,Moderate,Acceptable,68.98,95.26,27.61,57.78,3.82,184.42,132.01
2021,Brajrajnagar,Odisha,Summer,Ib,Coal/Power,O3,118.58,1.29,12573.0,249420.0,8037.0,95703.0,Yes,Moderate,Acceptable,54.4,79.96,84.09,44.1,1.55,166.6,111.47
2021,Brajrajnagar,Odisha,Summer,Ib,Coal/Power,PM10,114.81,1.26,22847.0,249420.0,8037.0,95703.0,Yes,Moderate,Acceptable,66.58,76.92,44.78,37.94,4.17,41.08,107.92
2021,Brajrajnagar,Odisha,Winter,Ib,Coal/Power,NO2,141.26,1.23,22517.0,249420.0,8037.0,95703.0,Yes,Moderate,Good,70.4,90.67,109.52,53.3,2.1,86.33,132.78
2021,Chandigarh,Chandigarh,Monsoon,Sukhna,Manufacturing,NO2,119.72,0.9,11795.0,263741.0,3443.0,1556147.0,Yes,Moderate,Good,59.84,64.11,74.46,27.31,3.57,32.92,112.54
2021,Chandigarh,Chandigarh,Monsoon,Sukhna,Manufacturing,O3,116.73,0.95,18006.0,263741.0,3443.0,1556147.0,Yes,Moderate,Acceptable,54.85,82.39,58.78,25.76,1.74,112.74,109.73
2021,Chandigarh,Chandigarh,Post-Monsoon,Sukhna,Manufacturing,PM10,138.05,1.21,43531.5,263741.0,3443.0,1556147.0,Yes,Moderate,Acceptable,61.87,87.66,48.31,5.65,1.92,63.72,129.77
2021,Chandigarh,Chandigarh,Summer,Sukhna,Manufacturing,NO2,119.99,1.03,27309.0,263741.0,3443.0,1556147.0,Yes,Moderate,Acceptable,63.93,64.76,78.18,56.06,1.29,38.11,112.79
2021,Chandigarh,Chandigarh,Summer,Sukhna,Manufacturing,PM10,116.82,0.98,26956.5,263741.0,3443.0,1556147.0,Yes,Moderate,Acceptable,63.56,72.29,42.88,45.31,1.78,56.57,109.81
2021,Chandigarh,Chandigarh,Winter,Sukhna,Manufacturing,O3,120.67,1.41,24967.0,263741.0,3443.0,1556147.0,Yes,Moderate,Acceptable,49.17,76.39,80.34,14.83,2.92,135.62,113.43
2021,Chandigarh,Chandigarh,Winter,Sukhna,Manufacturing,PM10,147.67,1.32,21746.5,263741.0,3443.0,1556147.0,Yes,Moderate,Good,85.33,93.14,35.03,25.18,3.2,47.39,138.81
2021,Chennai,Tamil Nadu,Monsoon,Cooum,Manufacturing,PM10,169.43,1.3,21726.75,68233.0,7373.0,24154446.0,Yes,Moderate,Good,76.45,113.94,70.47,45.49,1.87,68.7,159.26
2021,Chennai,Tamil Nadu,Post-Monsoon,Cooum,Manufacturing,O3,193.04,0.88,29126.5,68233.0,7373.0,24154446.0,Yes,Moderate,Acceptable,82.42,130.44,75.96,33.44,2.06,139.62,181.46
2021,Chennai,Tamil Nadu,Summer,Cooum,Manufacturing,O3,163.5,1.31,23915.0,68233.0,7373.0,24154446.0,Yes,Moderate,Acceptable,81.37,89.28,85.6,54.59,1.0,110.73,153.69
2021,Chennai,Tamil Nadu,Summer,Cooum,Manufacturing,PM10,164.14,1.5,15304.0,68233.0,7373.0,24154446.0,Yes,Moderate,Acceptable,84.86,115.22,99.98,33.54,1.85,49.04,154.29
2021,Chennai,Tamil Nadu,Winter,Cooum,Manufacturing,O3,212.38,0.7,35117.5,68233.0,7373.0,24154446.0,Yes,Poor,Good,99.53,131.48,67.71,49.26,1.4,163.76,199.64
2021,Chennai,Tamil Nadu,Winter,Cooum,Manufacturing,PM10,154.47,1.9,13836.0,68233.0,7373.0,24154446.0,Yes,Moderate,Acceptable,66.29,106.29,18.01,15.85,1.0,20.95,145.2
2021,Coimbatore,Tamil Nadu,Monsoon,Noyyal,Manufacturing,O3,156.26,1.74,21187.0,62531.0,4910.0,7746202.0,Yes,Moderate,Acceptable,87.5,84.26,20.46,74.2,4.29,93.64,146.88
2021,Coimbatore,Tamil Nadu,Monsoon,Noyyal,Manufacturing,PM10,152.77,1.0,26840.67,62531.0,4910.0,7746202.0,Yes,Moderate,Acceptable,79.13,94.0,43.37,43.88,2.63,29.45,143.6
2021,Coimbatore,Tamil Nadu,Post-Monsoon,Noyyal,Manufacturing,O3,161.67,0.79,19062.0,62531.0,4910.0,7746202.0,Yes,Moderate,Good,72.7,88.38,10.53,70.17,3.49,92.83,151.97
2021,Coimbatore,Tamil Nadu,Post-Monsoon,Noyyal,Manufacturing,PM10,201.6,1.46,6488.0,62531.0,4910.0,7746202.0,Yes,Poor,Acceptable,110.51,138.22,55.81,21.97,0.99,69.26,189.5
2021,Coimbatore,Tamil Nadu,Summer,Noyyal,Manufacturing,O3,148.82,0.8,38557.5,62531.0,4910.0,7746202.0,Yes,Moderate,Good,83.12,90.7,95.92,73.6,2.3,164.92,139.89
2021,Coimbatore,Tamil Nadu,Summer,Noyyal,Manufacturing,PM10,146.3,0.9,14252.0,62531.0,4910.0,7746202.0,Yes,Moderate,Good,65.53,98.06,84.71,54.85,1.41,25.64,137.52
2021,Coimbatore,Tamil Nadu,Winter,Noyyal,Manufacturing,O3,152.18,1.89,27065.0,62531.0,4910.0,7746202.0,Yes,Moderate,Acceptable,84.93,92.01,55.33,73.58,3.48,141.51,143.05
2021,Coimbatore,Tamil Nadu,Winter,Noyyal,Manufacturing,PM10,191.2,1.04,29294.0,62531.0,4910.0,7746202.0,Yes,Moderate,Acceptable,102.68,127.7,101.44,40.66,3.44,48.18,179.73
2021,Delhi,Delhi,Monsoon,Yamuna,Manufacturing,O3,200.11,0.98,28268.0,242705.0,1605.0,3678021.0,Yes,Poor,Good,87.81,118.01,17.22,71.51,2.3,163.7,188.1
2021,Delhi,Delhi,Monsoon,Yamuna,Manufacturing,PM10,195.81,1.17,39506.33,242705.0,1605.0,3678021.0,Yes,Moderate,Acceptable,102.57,122.52,69.39,11.66,1.86,49.61,184.06
2021,Delhi,Delhi,Post-Monsoon,Yamuna,Manufacturing,O3,193.08,0.85,52166.0,242705.0,1605.0,3678021.0,Yes,Moderate,Good,99.74,105.9,123.89,54.25,1.59,161.91,181.5
2021,Delhi,Delhi,Post-Monsoon,Yamuna,Manufacturing,PM10,249.89,1.54,49829.0,242705.0,1605.0,3678021.0,Yes,Poor,Acceptable,115.15,137.42,45.57,60.87,1.48,104.55,234.9
2021,Delhi,Delhi,Summer,Yamuna,Manufacturing,O3,189.75,1.28,23073.0,242705.0,1605.0,3678021.0,Yes,Moderate,Acceptable,109.27,131.38,51.32,35.47,1.25,155.72,178.36
2021,Delhi,Delhi,Summer,Yamuna,Manufacturing,PM10,200.45,1.25,42968.0,242705.0,1605.0,3678021.0,Yes,Poor,Acceptable,95.88,124.5,76.66,33.44,1.54,86.66,188.42
2021,Delhi,Delhi,Winter,Yamuna,Manufacturing,O3,188.21,0.9,32559.0,242705.0,1605.0,3678021.0,Yes,Moderate,Good,85.6,115.0,54.62,62.63,2.73,122.84,176.92
2021,Delhi,Delhi,Winter,Yamuna,Manufacturing,PM10,252.77,1.33,18851.5,242705.0,1605.0,3678021.0,Yes,Poor,Acceptable,112.6,167.05,97.48,58.78,3.18,55.49,237.6
2021,Ernakulam,Kerala,Monsoon,Periyar,Shipping/Refinery,O3,226.58,0.78,19836.0,92303.0,7470.0,844320.0,Yes,Poor,Good,110.99,131.31,55.29,33.33,1.7,160.88,212.99
2021,Ernakulam,Kerala,Monsoon,Periyar,Shipping/Refinery,PM10,210.1,1.74,16712.0,92303.0,7470.0,844320.0,Yes,Poor,Acceptable,110.63,140.4,54.96,35.5,1.81,48.67,197.49
2021,Ernakulam,Kerala,Post-Monsoon,Periyar,Shipping/Refinery,PM10,243.37,1.36,38968.0,92303.0,7470.0,844320.0,Yes,Poor,Acceptable,115.66,184.26,90.33,37.34,0.83,88.46,228.77
2021,Ernakulam,Kerala,Summer,Periyar,Shipping/Refinery,O3,225.53,1.08,52162.0,92303.0,7470.0,844320.0,Yes,Poor,Acceptable,122.81,124.02,41.3,17.05,3.69,135.02,212.0
2021,Ernakulam,Kerala,Summer,Periyar,Shipping/Refinery,PM10,209.16,1.68,15902.5,92303.0,7470.0,844320.0,Yes,Poor,Polluted,98.13,134.26,71.6,57.18,3.74,90.7,196.61
2021,Ernakulam,Kerala,Winter,Periyar,Shipping/Refinery,PM10,253.54,1.64,16122.0,92303.0,7470.0,844320.0,Yes,Poor,Acceptable,137.27,169.02,69.59,24.36,3.08,67.67,238.33
2021,Gurugram,Haryana,Monsoon,Sahibi,Automobile,NO2,137.3,0.72,42113.0,34309.0,5309.0,3864787.0,Yes,Moderate,Good,71.9,102.85,124.38,19.6,0.7,34.83,129.06
2021,Gurugram,Haryana,Monsoon,Sahibi,Automobile,O3,141.99,1.44,21672.0,34309.0,5309.0,3864787.0,Yes,Moderate,Acceptable,63.71,89.66,101.68,57.0,3.78,122.58,133.47
2021,Gurugram,Haryana,Monsoon,Sahibi,Automobile,PM10,128.54,1.55,31072.0,34309.0,5309.0,3864787.0,Yes,Moderate,Acceptable,72.24,100.08,92.24,70.83,0.67,38.23,120.83
2021,Gurugram,Haryana,Post-Monsoon,Sahibi,Automobile,NO2,137.68,1.61,18028.0,34309.0,5309.0,3864787.0,Yes,Moderate,Acceptable,77.17,78.48,109.65,12.1,1.32,75.7,129.42
2021,Gurugram,Haryana,Post-Monsoon,Sahibi,Automobile,O3,184.78,1.82,13714.0,34309.0,5309.0,3864787.0,Yes,Moderate,Acceptable,94.04,101.09,59.51,23.36,1.34,111.52,173.69
2021,Gurugram,Haryana,Summer,Sahibi,Automobile,O3,142.31,1.6,10626.0,34309.0,5309.0,3864787.0,Yes,Moderate,Acceptable,68.8,98.48,110.36,35.3,2.42,122.88,133.77
2021,Gurugram,Haryana,Summer,Sahibi,Automobile,PM10,141.39,1.7,40482.0,34309.0,5309.0,3864787.0,Yes,Moderate,Acceptable,84.36,96.87,47.5,61.78,1.37,80.49,132.91
2021,Gurugram,Haryana,Winter,Sahibi,Automobile,O3,188.1,1.9,26890.0,34309.0,5309.0,3864787.0,Yes,Moderate,Acceptable,95.34,126.71,72.47,32.66,2.2,139.85,176.81
2021,Gurugram,Haryana,Winter,Sahibi,Automobile,PM10,162.94,1.16,41667.5,34309.0,5309.0,3864787.0,Yes,Moderate,Good,84.1,108.81,44.88,25.88,2.72,83.62,153.16
2021,Guwahati,Assam,Monsoon,Brahmaputra,Agro-Industry,O3,189.1,0.8,46315.5,236331.0,3392.0,282837.0,Yes,Moderate,Acceptable,100.66,128.51,85.22,37.88,1.53,156.38,177.75
2021,Guwahati,Assam,Monsoon,Brahmaputra,Agro-Industry,PM10,198.56,0.78,22655.0,236331.0,3392.0,282837.0,Yes,Moderate,Good,85.48,140.82,22.91,48.18,3.49,92.04,186.65
2021,Guwahati,Assam,Post-Monsoon,Brahmaputra,Agro-Industry,O3,187.07,1.8,49525.0,236331.0,3392.0,282837.0,Yes,Moderate,Acceptable,106.08,110.15,14.04,72.19,1.36,159.16,175.85
2021,Guwahati,Assam,Post-Monsoon,Brahmaputra,Agro-Industry,PM10,251.2,0.74,46335.0,236331.0,3392.0,282837.0,Yes,Poor,Good,102.58,146.98,106.19,11.86,0.63,13.66,236.13
2021,Guwahati,Assam,Summer,Brahmaputra,Agro-Industry,PM10,191.12,1.71,29398.0,236331.0,3392.0,282837.0,Yes,Moderate,Acceptable,100.6,125.6,41.99,62.03,2.66,50.63,179.65
2021,Guwahati,Assam,Winter,Brahmaputra,Agro-Industry,PM10,231.67,1.39,32862.0,236331.0,3392.0,282837.0,Yes,Poor,Acceptable,111.48,139.05,40.83,51.02,2.36,105.35,217.77
2021,Hyderabad,Telangana,Monsoon,Musi,Manufacturing,PM10,200.73,1.19,23088.0,136433.0,2587.0,10826555.0,Yes,Moderate,Good,88.76,128.76,59.83,51.37,2.22,98.31,188.69
2021,Hyderabad,Telangana,Post-Monsoon,Musi,Manufacturing,O3,197.1,1.1,47942.0,136433.0,2587.0,10826555.0,Yes,Moderate,Acceptable,84.33,112.51,65.82,34.74,2.68,147.55,185.27
2021,Hyderabad,Telangana,Post-Monsoon,Musi,Manufacturing,PM10,253.86,0.83,40639.0,136433.0,2587.0,10826555.0,Yes,Poor,Good,125.43,161.69,36.72,54.51,0.56,117.14,238.63
2021,Hyderabad,Telangana,Summer,Musi,Manufacturing,PM10,193.25,1.54,23773.33,136433.0,2587.0,10826555.0,Yes,Moderate,Polluted,88.51,121.66,79.35,38.51,2.13,96.89,181.66
2021,Hyderabad,Telangana,Winter,Musi,Manufacturing,PM10,242.71,1.3,30027.67,136433.0,2587.0,10826555.0,Yes,Poor,Acceptable,127.28,159.14,81.49,48.82,2.09,57.73,228.15
2021,Jaipur,Rajasthan,Monsoon,Banas,Manufacturing,O3,150.84,1.08,13368.0,157966.0,11805.0,3151379.0,Yes,Moderate,Acceptable,67.49,89.79,74.44,20.44,2.86,131.27,141.79
2021,Jaipur,Rajasthan,Monsoon,Banas,Manufacturing,PM10,158.01,1.01,19630.67,157966.0,11805.0,3151379.0,Yes,Moderate,Acceptable,74.24,97.32,51.26,29.51,2.62,54.44,148.53
2021,Jaipur,Rajasthan,Post-Monsoon,Banas,Manufacturing,PM10,184.32,1.12,20556.0,157966.0,11805.0,3151379.0,Yes,Moderate,Good,82.36,111.86,93.44,30.28,2.37,51.77,173.26
2021,Jaipur,Rajasthan,Summer,Banas,Manufacturing,O3,154.22,0.84,9461.0,157966.0,11805.0,3151379.0,Yes,Moderate,Good,75.72,91.42,76.49,58.69,2.11,147.53,144.97
2021,Jaipur,Rajasthan,Summer,Banas,Manufacturing,PM10,154.4,1.16,43589.0,157966.0,11805.0,3151379.0,Yes,Moderate,Acceptable,63.98,112.58,105.9,71.64,2.36,82.38,145.14
2021,Jaipur,Rajasthan,Winter,Banas,Manufacturing,O3,189.87,1.2,21565.67,157966.0,11805.0,3151379.0,Yes,Poor,Acceptable,86.49,115.82,79.33,38.72,2.23,138.26,178.48
2021,Jorapokhar,Jharkhand,Monsoon,Damodar,Mining/Coal,PM10,173.1,1.17,19481.0,82801.0,1241.0,91304.0,Yes,Moderate,Acceptable,90.37,125.81,95.68,30.34,2.48,69.95,162.71
2021,Jorapokhar,Jharkhand,Monsoon,Damodar,Mining/Coal,PM2.5,178.38,1.51,32119.0,82801.0,1241.0,91304.0,Yes,Moderate,Acceptable,99.18,94.91,32.11,34.84,4.96,87.85,167.68
2021,Jorapokhar,Jharkhand,Post-Monsoon,Damodar,Mining/Coal,NO2,176.53,1.17,36636.0,82801.0,1241.0,91304.0,Yes,Moderate,Acceptable,81.85,126.07,127.78,63.42,1.18,68.96,165.94
2021,Jorapokhar,Jharkhand,Post-Monsoon,Damodar,Mining/Coal,PM10,229.05,0.67,5507.0,82801.0,1241.0,91304.0,Yes,Poor,Good,131.3,150.58,67.09,65.28,4.23,144.46,215.31
2021,Jorapokhar,Jharkhand,Summer,Damodar,Mining/Coal,O3,166.34,1.36,52035.0,82801.0,1241.0,91304.0,Yes,Moderate,Acceptable,88.04,110.68,65.94,63.61,3.25,159.9,156.36
2021,Jorapokhar,Jharkhand,Summer,Damodar,Mining/Coal,PM10,175.77,0.81,15953.0,82801.0,1241.0,91304.0,Yes,Moderate,Good,104.47,106.23,78.85,42.7,0.92,46.17,165.22
2021,Jorapokhar,Jharkhand,Winter,Damodar,Mining/Coal,O3,162.15,1.15,11397.0,82801.0,1241.0,91304.0,Yes,Moderate,Acceptable,100.25,122.28,99.11,46.65,4.35,138.85,152.42
2021,Jorapokhar,Jharkhand,Winter,Damodar,Mining/Coal,PM10,229.52,1.88,17873.5,82801.0,1241.0,91304.0,Yes,Poor,Acceptable,115.52,150.95,63.49,23.9,2.84,85.5,215.75
2021,Kochi,Kerala,Monsoon,Periyar,Shipping/Refinery,O3,215.41,0.79,19836.0,92303.0,7470.0,1020378.0,Yes,Poor,Good,118.51,160.87,61.39,36.48,2.06,179.01,202.49
2021,Kochi,Kerala,Monsoon,Periyar,Shipping/Refinery,PM10,228.28,1.76,16712.0,92303.0,7470.0,1020378.0,Yes,Poor,Acceptable,125.37,151.71,64.27,40.43,2.05,55.89,214.58
2021,Kochi,Kerala,Post-Monsoon,Periyar,Shipping/Refinery,PM10,268.8,1.32,38968.0,92303.0,7470.0,1020378.0,Yes,Poor,Acceptable,132.06,200.06,100.0,40.86,0.97,99.02,252.67
2021,Kochi,Kerala,Summer,Periyar,Shipping/Refinery,O3,227.04,1.06,52162.0,92303.0,7470.0,1020378.0,Yes,Poor,Acceptable,138.62,133.68,45.81,19.78,4.2,152.36,213.42
2021,Kochi,Kerala,Summer,Periyar,Shipping/Refinery,PM10,228.88,1.72,15902.5,92303.0,7470.0,1020378.0,Yes,Poor,Polluted,106.18,157.12,81.23,61.94,4.14,96.16,215.15
2021,Kochi,Kerala,Winter,Periyar,Shipping/Refinery,PM10,288.12,1.69,16122.0,92303.0,7470.0,1020378.0,Yes,Very Poor,Acceptable,152.28,186.47,77.0,25.5,3.38,73.03,270.83
2021,Kolkata,West Bengal,Monsoon,Hooghly,Manufacturing,O3,229.14,1.52,15575.0,55681.0,6815.0,17057565.0,Yes,Poor,Acceptable,119.92,133.97,72.13,18.16,2.69,143.34,215.39
2021,Kolkata,West Bengal,Monsoon,Hooghly,Manufacturing,PM10,230.99,1.28,33923.33,55681.0,6815.0,17057565.0,Yes,Poor,Acceptable,106.59,151.35,41.6,37.49,2.96,114.26,217.13
2021,Kolkata,West Bengal,Post-Monsoon,Hooghly,Manufacturing,O3,235.82,1.06,43975.0,55681.0,6815.0,17057565.0,Yes,Poor,Acceptable,125.37,141.03,79.27,17.42,4.32,182.85,221.67
2021,Kolkata,West Bengal,Post-Monsoon,Hooghly,Manufacturing,PM10,297.41,1.33,36038.0,55681.0,6815.0,17057565.0,Yes,Poor,Acceptable,160.87,180.23,30.47,57.91,2.43,157.74,279.57
2021,Kolkata,West Bengal,Summer,Hooghly,Manufacturing,O3,228.46,0.78,21464.5,55681.0,6815.0,17057565.0,Yes,Poor,Good,120.43,158.87,24.61,37.64,1.86,165.56,214.75
2021,Kolkata,West Bengal,Summer,Hooghly,Manufacturing,PM10,220.86,0.87,49850.0,55681.0,6815.0,17057565.0,Yes,Poor,Good,133.54,167.5,116.99,14.7,0.4,45.44,207.61
2021,Kolkata,West Bengal,Winter,Hooghly,Manufacturing,O3,228.65,1.42,21798.0,55681.0,6815.0,17057565.0,Yes,Poor,Acceptable,120.82,123.86,112.02,48.99,3.78,154.15,214.93
2021,Kolkata,West Bengal,Winter,Hooghly,Manufacturing,PM10,307.78,0.94,35382.5,55681.0,6815.0,17057565.0,Yes,Very Poor,Good,161.24,190.78,35.93,56.97,2.76,128.62,289.31
2021,Lucknow,Uttar Pradesh,Monsoon,Gomti,Agro-Industry,O3,204.96,1.0,45690.0,254905.0,5821.0,1349534.0,Yes,Poor,Acceptable,87.11,132.19,41.74,57.4,2.37,145.84,192.66
2021,Lucknow,Uttar Pradesh,Monsoon,Gomti,Agro-Industry,PM10,208.78,1.23,15392.67,254905.0,5821.0,1349534.0,Yes,Poor,Acceptable,101.98,124.3,72.6,50.33,2.28,80.28,196.25
2021,Lucknow,Uttar Pradesh,Post-Monsoon,Gomti,Agro-Industry,PM10,239.86,1.42,13232.5,254905.0,5821.0,1349534.0,Yes,Poor,Acceptable,115.3,129.45,56.62,36.7,3.19,71.38,225.47
2021,Lucknow,Uttar Pradesh,Summer,Gomti,Agro-Industry,PM10,205.52,0.94,34036.33,254905.0,5821.0,1349534.0,Yes,Poor,Acceptable,105.02,133.23,54.17,29.73,3.06,93.62,193.19
2021,Lucknow,Uttar Pradesh,Winter,Gomti,Agro-Industry,O3,247.36,1.5,13022.0,254905.0,5821.0,1349534.0,Yes,Poor,Acceptable,124.68,135.64,74.38,36.55,2.06,154.88,232.52
2021,Lucknow,Uttar Pradesh,Winter,Gomti,Agro-Industry,PM10,270.05,0.51,23080.0,254905.0,5821.0,1349534.0,Yes,Poor,Good,114.57,184.04,59.88,38.38,4.48,104.76,253.85
2021,Mumbai,Maharashtra,Monsoon,Ulhas,Manufacturing,NO2,135.6,1.25,33603.0,109256.0,8968.0,28958424.0,Yes,Moderate,Acceptable,65.82,92.56,114.92,5.81,4.41,23.59,127.46
2021,Mumbai,Maharashtra,Monsoon,Ulhas,Manufacturing,O3,132.52,1.49,12075.0,109256.0,8968.0,28958424.0,Yes,Moderate,Acceptable,66.01,89.31,73.67,35.21,4.47,101.43,124.57
2021,Mumbai,Maharashtra,Monsoon,Ulhas,Manufacturing,PM10,129.85,1.52,38595.0,109256.0,8968.0,28958424.0,Yes,Moderate,Acceptable,62.88,92.34,37.83,45.54,3.4,29.22,122.06
2021,Mumbai,Maharashtra,Post-Monsoon,Ulhas,Manufacturing,NO2,163.26,0.99,30497.0,109256.0,8968.0,28958424.0,Yes,Moderate,Good,83.74,101.92,103.68,14.49,2.42,20.79,153.46
2021,Mumbai,Maharashtra,Post-Monsoon,Ulhas,Manufacturing,O3,123.62,0.78,5914.0,109256.0,8968.0,28958424.0,Yes,Moderate,Good,71.8,86.32,35.95,53.13,0.62,86.69,116.2
2021,Mumbai,Maharashtra,Summer,Ulhas,Manufacturing,O3,129.32,1.28,31727.33,109256.0,8968.0,28958424.0,Yes,Moderate,Good,65.03,82.64,80.74,36.5,2.91,120.34,121.56
2021,Mumbai,Maharashtra,Winter,Ulhas,Manufacturing,O3,132.56,1.1,44736.0,109256.0,8968.0,28958424.0,Yes,Moderate,Acceptable,59.03,77.38,22.43,70.17,2.02,78.89,124.61
2021,Mumbai,Maharashtra,Winter,Ulhas,Manufacturing,PM10,167.1,0.76,23365.0,109256.0,8968.0,28958424.0,Yes,Moderate,Good,86.31,96.44,25.36,47.81,3.88,46.7,157.07
2021,Patna,Bihar,Monsoon,Ganga,Agro-Industry,NO2,143.44,1.55,13358.0,168694.0,935.0,573256.0,Yes,Moderate,Acceptable,72.47,84.64,118.2,38.84,3.03,68.71,134.83
2021,Patna,Bihar,Monsoon,Ganga,Agro-Industry,O3,145.86,1.23,32910.0,168694.0,935.0,573256.0,Yes,Moderate,Acceptable,68.99,97.12,38.43,66.03,2.36,122.74,137.11
2021,Patna,Bihar,Monsoon,Ganga,Agro-Industry,PM10,150.65,1.34,46650.0,168694.0,935.0,573256.0,Yes,Moderate,Acceptable,67.25,95.55,48.8,39.44,3.43,82.35,141.61
2021,Patna,Bihar,Post-Monsoon,Ganga,Agro-Industry,O3,197.01,1.43,37594.0,168694.0,935.0,573256.0,Yes,Moderate,Acceptable,100.55,137.9,17.86,77.27,0.61,168.99,185.19
2021,Patna,Bihar,Post-Monsoon,Ganga,Agro-Industry,PM10,147.68,1.44,25189.0,168694.0,935.0,573256.0,Yes,Moderate,Acceptable,60.93,83.38,44.64,63.23,1.02,40.31,138.82
2021,Patna,Bihar,Summer,Ganga,Agro-Industry,PM10,151.68,1.51,31631.0,168694.0,935.0,573256.0,Yes,Moderate,Acceptable,70.35,91.6,49.28,32.84,2.12,55.61,142.58
2021,Patna,Bihar,Summer,Ganga,Agro-Industry,PM2.5,152.3,1.26,43195.0,168694.0,935.0,573256.0,Yes,Moderate,Acceptable,82.49,79.44,58.43,45.14,4.19,74.53,143.16
2021,Patna,Bihar,Winter,Ganga,Agro-Industry,O3,150.4,0.74,38026.0,168694.0,935.0,573256.0,Yes,Moderate,Good,83.1,103.14,72.31,47.84,2.32,168.04,141.38
2021,Patna,Bihar,Winter,Ganga,Agro-Industry,PM10,195.52,1.0,15868.5,168694.0,935.0,573256.0,Yes,Moderate,Good,95.28,131.34,99.86,68.09,3.16,55.71,183.79
2021,Shillong,Meghalaya,Monsoon,Umiam,Handicrafts,O3,93.35,0.78,46315.5,236331.0,3392.0,167997.0,Yes,Satisfactory,Acceptable,50.44,64.84,41.84,17.81,0.76,87.66,87.75
2021,Shillong,Meghalaya,Monsoon,Umiam,Handicrafts,PM10,98.24,0.76,22655.0,236331.0,3392.0,167997.0,Yes,Satisfactory,Good,41.37,70.92,12.04,24.6,1.68,45.4,92.35
2021,Shillong,Meghalaya,Post-Monsoon,Umiam,Handicrafts,O3,93.06,1.79,49525.0,236331.0,3392.0,167997.0,Yes,Satisfactory,Acceptable,55.73,54.36,6.99,33.38,0.64,79.33,87.48
2021,Shillong,Meghalaya,Post-Monsoon,Umiam,Handicrafts,PM10,117.82,0.75,46335.0,236331.0,3392.0,167997.0,Yes,Moderate,Good,49.63,74.99,48.91,7.23,0.34,6.98,110.75
2021,Shillong,Meghalaya,Summer,Umiam,Handicrafts,PM10,99.07,1.66,29398.0,236331.0,3392.0,167997.0,Yes,Moderate,Acceptable,52.27,59.81,20.48,29.87,1.29,26.61,93.13
2021,Shillong,Meghalaya,Winter,Umiam,Handicrafts,PM10,114.85,1.37,32862.0,236331.0,3392.0,167997.0,Yes,Moderate,Acceptable,56.72,67.99,21.37,25.19,1.21,50.42,107.96
2021,Talcher,Odisha,Monsoon,Brahmani,Thermal Power,O3,190.3,1.08,8717.5,76086.0,10155.0,246195.0,Yes,Moderate,Acceptable,96.0,106.12,61.46,48.51,2.0,156.01,178.88
2021,Talcher,Odisha,Monsoon,Brahmani,Thermal Power,PM10,186.1,2.06,14263.0,76086.0,10155.0,246195.0,Yes,Moderate,Acceptable,85.6,119.08,102.98,37.17,3.31,69.06,174.93
2021,Talcher,Odisha,Post-Monsoon,Brahmani,Thermal Power,PM10,223.27,0.92,32973.0,76086.0,10155.0,246195.0,Yes,Moderate,Good,110.58,127.74,89.96,60.28,1.96,30.86,209.87
2021,Talcher,Odisha,Summer,Brahmani,Thermal Power,O3,184.36,1.31,32674.5,76086.0,10155.0,246195.0,Yes,Moderate,Acceptable,88.47,128.78,41.66,50.64,2.48,180.34,173.3
2021,Talcher,Odisha,Summer,Brahmani,Thermal Power,PM10,178.31,0.45,14817.0,76086.0,10155.0,246195.0,Yes,Moderate,Good,84.77,117.3,45.2,19.22,2.02,30.34,167.61
2021,Talcher,Odisha,Winter,Brahmani,Thermal Power,O3,185.3,0.63,33178.0,76086.0,10155.0,246195.0,Yes,Moderate,Good,103.38,109.28,77.0,25.15,2.1,122.26,174.18
2021,Talcher,Odisha,Winter,Brahmani,Thermal Power,PM10,237.3,1.27,33548.0,76086.0,10155.0,246195.0,Yes,Poor,Acceptable,128.45,171.58,84.34,35.28,1.5,113.6,223.06
2021,Thiruvananthapuram,Kerala,Monsoon,Karamana,IT/Electronics,O3,147.19,1.52,19929.5,217303.0,12833.0,1186727.0,Yes,Moderate,Acceptable,75.76,94.26,84.98,44.97,1.98,128.13,138.36
2021,Thiruvananthapuram,Kerala,Monsoon,Karamana,IT/Electronics,PM10,150.7,1.27,23545.5,217303.0,12833.0,1186727.0,Yes,Moderate,Acceptable,58.66,98.47,34.88,70.06,2.18,57.94,141.66
2021,Thiruvananthapuram,Kerala,Post-Monsoon,Karamana,IT/Electronics,O3,147.88,1.12,42300.0,217303.0,12833.0,1186727.0,Yes,Moderate,Acceptable,82.74,86.75,68.45,22.58,0.62,128.1,139.01
2021,Thiruvananthapuram,Kerala,Post-Monsoon,Karamana,IT/Electronics,PM10,185.61,0.98,50279.0,217303.0,12833.0,1186727.0,Yes,Moderate,Good,114.83,129.02,82.49,5.39,0.58,94.58,174.47
2021,Thiruvananthapuram,Kerala,Summer,Karamana,IT/Electronics,NO2,157.79,1.32,50961.0,217303.0,12833.0,1186727.0,Yes,Moderate,Acceptable,85.3,83.34,97.66,41.27,2.97,30.29,148.32
2021,Thiruvananthapuram,Kerala,Summer,Karamana,IT/Electronics,O3,144.54,0.75,18087.0,217303.0,12833.0,1186727.0,Yes,Moderate,Good,75.02,106.8,34.08,41.32,3.09,111.64,135.87
2021,Thiruvananthapuram,Kerala,Summer,Karamana,IT/Electronics,PM10,148.49,1.06,6742.0,217303.0,12833.0,1186727.0,Yes,Moderate,Acceptable,79.34,109.03,52.52,8.98,3.32,51.09,139.58
2021,Thiruvananthapuram,Kerala,Winter,Karamana,IT/Electronics,NO2,152.47,1.26,50442.0,217303.0,12833.0,1186727.0,Yes,Moderate,Acceptable,61.75,106.43,116.45,57.97,3.55,59.95,143.32
2021,Thiruvananthapuram,Kerala,Winter,Karamana,IT/Electronics,O3,194.45,1.45,4059.0,217303.0,12833.0,1186727.0,Yes,Moderate,Acceptable,81.23,118.18,21.36,73.25,2.07,156.85,182.78
2021,Thiruvananthapuram,Kerala,Winter,Karamana,IT/Electronics,PM10,201.81,0.97,40038.0,217303.0,12833.0,1186727.0,Yes,Poor,Good,92.37,128.44,117.71,43.82,3.14,38.19,189.7
2021,Visakhapatnam,Andhra Pradesh,Monsoon,Gosthani,Mining,PM10,182.16,1.17,23088.0,136433.0,2587.0,223045.0,Yes,Moderate,Good,86.74,123.41,56.98,48.49,2.33,94.24,171.23
2021,Visakhapatnam,Andhra Pradesh,Post-Monsoon,Gosthani,Mining,O3,184.92,1.1,47942.0,136433.0,2587.0,223045.0,Yes,Moderate,Acceptable,78.95,105.68,64.2,34.52,2.7,144.43,173.82
2021,Visakhapatnam,Andhra Pradesh,Post-Monsoon,Gosthani,Mining,PM10,239.97,0.79,40639.0,136433.0,2587.0,223045.0,Yes,Poor,Good,122.2,146.44,31.13,54.32,0.52,115.56,225.57
2021,Visakhapatnam,Andhra Pradesh,Summer,Gosthani,Mining,NO2,188.94,2.01,35493.0,136433.0,2587.0,223045.0,Yes,Moderate,Polluted,97.99,105.79,108.69,42.6,1.41,49.63,177.6
2021,Visakhapatnam,Andhra Pradesh,Summer,Gosthani,Mining,O3,188.72,1.64,27296.0,136433.0,2587.0,223045.0,Yes,Moderate,Acceptable,73.2,108.38,64.76,40.54,3.26,113.35,177.4
2021,Visakhapatnam,Andhra Pradesh,Summer,Gosthani,Mining,PM10,180.61,0.88,8531.0,136433.0,2587.0,223045.0,Yes,Moderate,Good,84.33,128.94,57.32,27.72,1.24,111.86,169.77
2021,Visakhapatnam,Andhra Pradesh,Winter,Gosthani,Mining,PM10,226.97,1.31,30027.67,136433.0,2587.0,223045.0,Yes,Poor,Acceptable,121.11,146.67,77.94,47.19,2.04,55.39,213.35
2022,Ahmedabad,Gujarat,Monsoon,Sabarmati,Chemical,NO2,139.1,1.26,15648.0,154532.0,3671.0,8417814.0,Yes,Moderate,Acceptable,85.63,83.31,115.79,44.52,1.58,113.88,130.75
2022,Ahmedabad,Gujarat,Monsoon,Sabarmati,Chemical,O3,145.0,1.5,23444.0,154532.0,3671.0,8417814.0,Yes,Moderate,Acceptable,72.85,94.24,107.96,37.1,1.7,157.81,136.3
2022,Ahmedabad,Gujarat,Monsoon,Sabarmati,Chemical,PM10,148.09,0.82,26163.0,154532.0,3671.0,8417814.0,Yes,Moderate,Good,73.17,79.81,64.88,18.72,4.03,77.99,139.2
2022,Ahmedabad,Gujarat,Post-Monsoon,Sabarmati,Chemical,O3,144.59,1.15,42928.0,154532.0,3671.0,8417814.0,Yes,Moderate,Acceptable,75.42,104.18,50.65,63.92,2.01,123.04,135.91
2022,Ahmedabad,Gujarat,Post-Monsoon,Sabarmati,Chemical,PM2.5,190.3,1.53,12925.0,154532.0,3671.0,8417814.0,Yes,Moderate,Acceptable,114.46,113.72,24.06,27.26,3.24,76.79,178.88
2022,Ahmedabad,Gujarat,Summer,Sabarmati,Chemical,O3,146.0,1.02,28584.5,154532.0,3671.0,8417814.0,Yes,Moderate,Good,76.37,84.2,59.59,44.36,2.77,132.44,137.24
2022,Ahmedabad,Gujarat,Summer,Sabarmati,Chemical,PM10,151.77,0.89,20105.0,154532.0,3671.0,8417814.0,Yes,Moderate,Good,70.41,104.1,30.36,54.71,3.45,41.18,142.66
2022,Ahmedabad,Gujarat,Winter,Sabarmati,Chemical,O3,145.03,1.76,27739.0,154532.0,3671.0,8417814.0,Yes,Moderate,Acceptable,59.05,87.54,36.61,35.73,1.46,126.09,136.33
2022,Ahmedabad,Gujarat,Winter,Sabarmati,Chemical,PM10,191.3,1.48,21505.0,154532.0,3671.0,8417814.0,Yes,Moderate,Acceptable,106.03,124.66,33.14,59.0,1.82,86.47,179.82
2022,Aizawl,Mizoram,Monsoon,Tlawng,Handicrafts,O3,90.48,1.32,37809.5,242054.0,3493.0,105140.0,Yes,Satisfactory,Acceptable,51.27,49.73,30.64,12.42,1.37,65.0,85.05
2022,Aizawl,Mizoram,Monsoon,Tlawng,Handicrafts,PM10,93.74,0.78,17960.0,242054.0,3493.0,105140.0,Yes,Moderate,Good,44.73,55.14,21.08,19.3,1.38,29.15,88.12
2022,Aizawl,Mizoram,Post-Monsoon,Tlawng,Handicrafts,PM10,106.79,1.64,22114.5,242054.0,3493.0,105140.0,Yes,Satisfactory,Acceptable,49.66,69.92,36.97,19.2,0.42,38.86,100.38
2022,Aizawl,Mizoram,Summer,Tlawng,Handicrafts,PM10,86.71,1.17,17976.67,242054.0,3493.0,105140.0,Yes,Satisfactory,Acceptable,48.12,55.12,34.19,7.65,1.64,22.09,81.51
2022,Aizawl,Mizoram,Winter,Tlawng,Handicrafts,PM10,110.22,0.77,40293.67,242054.0,3493.0,105140.0,Yes,Moderate,Good,49.76,74.44,30.88,23.31,0.71,50.08,103.61
2022,Amaravati,Andhra Pradesh,Monsoon,Krishna,Agro-processing,O3,165.25,1.02,26980.0,134350.0,2550.0,480102.0,Yes,Moderate,Acceptable,80.22,97.18,76.82,20.28,1.44,132.96,155.33
2022,Amaravati,Andhra Pradesh,Monsoon,Krishna,Agro-processing,PM10,163.18,1.07,44430.5,134350.0,2550.0,480102.0,Yes,Moderate,Acceptable,86.53,116.78,51.66,11.3,2.33,82.5,153.39
2022,Amaravati,Andhra Pradesh,Post-Monsoon,Krishna,Agro-processing,O3,160.77,0.9,34574.0,134350.0,2550.0,480102.0,Yes,Moderate,Good,86.93,89.72,47.44,43.31,1.48,125.1,151.12
2022,Amaravati,Andhra Pradesh,Post-Monsoon,Krishna,Agro-processing,PM2.5,220.03,1.01,37449.0,134350.0,2550.0,480102.0,Yes,Poor,Acceptable,118.24,113.14,43.13,9.04,2.3,19.31,206.83
2022,Amaravati,Andhra Pradesh,Summer,Krishna,Agro-processing,O3,162.88,2.0,23906.0,134350.0,2550.0,480102.0,Yes,Moderate,Polluted,95.17,102.3,31.92,12.75,0.7,120.98,153.11
2022,Amaravati,Andhra Pradesh,Summer,Krishna,Agro-processing,PM10,165.64,1.4,37096.5,134350.0,2550.0,480102.0,Yes,Moderate,Acceptable,86.41,106.93,32.48,37.74,3.18,54.24,155.7
2022,Amaravati,Andhra Pradesh,Winter,Krishna,Agro-processing,PM10,195.28,0.91,27215.33,134350.0,2550.0,480102.0,Yes,Poor,Acceptable,95.85,130.11,78.33,31.04,1.84,79.56,183.56
2022,Amritsar,Punjab,Monsoon,Beas,Agro-Industry,O3,148.68,1.15,38313.0,265317.0,3471.0,1157597.0,Yes,Moderate,Good,70.76,86.04,55.86,40.52,2.44,127.05,139.76
2022,Amritsar,Punjab,Monsoon,Beas,Agro-Industry,PM10,152.67,1.27,25808.5,265317.0,3471.0,1157597.0,Yes,Moderate,Acceptable,72.87,106.18,22.68,47.74,1.46,58.62,143.51
2022,Amritsar,Punjab,Post-Monsoon,Beas,Agro-Industry,PM10,163.85,1.1,35651.0,265317.0,3471.0,1157597.0,Yes,Moderate,Acceptable,85.01,119.68,28.69,55.52,2.0,68.68,154.02
2022,Amritsar,Punjab,Summer,Beas,Agro-Industry,O3,149.23,1.04,29163.0,265317.0,3471.0,1157597.0,Yes,Moderate,Acceptable,68.38,88.8,54.57,51.0,4.33,163.85,140.28
2022,Amritsar,Punjab,Summer,Beas,Agro-Industry,PM10,147.04,0.85,33257.5,265317.0,3471.0,1157597.0,Yes,Moderate,Good,81.95,97.56,67.48,61.3,3.76,40.5,138.22
2022,Amritsar,Punjab,Winter,Beas,Agro-Industry,PM10,176.88,1.46,39769.33,265317.0,3471.0,1157597.0,Yes,Moderate,Acceptable,85.02,115.89,58.71,48.74,3.08,60.75,166.27
2022,Bengaluru,Karnataka,Monsoon,Arkavathi,Agro-Industry,NO2,103.43,1.91,22350.0,116859.0,12630.0,3980905.0,Yes,Moderate,Acceptable,62.22,82.37,116.31,52.25,3.97,77.65,97.22
2022,Bengaluru,Karnataka,Monsoon,Arkavathi,Agro-Industry,O3,99.28,1.52,17164.0,116859.0,12630.0,3980905.0,Yes,Satisfactory,Acceptable,57.26,58.92,62.88,48.79,2.86,164.7,93.32
2022,Bengaluru,Karnataka,Monsoon,Arkavathi,Agro-Industry,PM10,107.22,1.32,43987.5,116859.0,12630.0,3980905.0,Yes,Moderate,Acceptable,51.32,71.18,61.18,21.43,2.0,38.55,100.79
2022,Bengaluru,Karnataka,Post-Monsoon,Arkavathi,Agro-Industry,NO2,132.65,0.99,15069.0,116859.0,12630.0,3980905.0,Yes,Moderate,Good,64.18,81.71,99.64,75.71,3.57,97.74,124.69
2022,Bengaluru,Karnataka,Post-Monsoon,Arkavathi,Agro-Industry,O3,106.35,1.96,11081.0,116859.0,12630.0,3980905.0,Yes,Moderate,Acceptable,53.54,69.73,16.97,13.87,2.71,78.23,99.97
2022,Bengaluru,Karnataka,Summer,Arkavathi,Agro-Industry,O3,107.41,1.29,31831.33,116859.0,12630.0,3980905.0,Yes,Moderate,Good,48.7,65.81,77.6,31.12,1.73,131.05,100.97
2022,Bengaluru,Karnataka,Winter,Arkavathi,Agro-Industry,O3,120.57,1.15,18318.0,116859.0,12630.0,3980905.0,Yes,Moderate,Good,65.3,79.66,47.44,36.44,3.9,143.43,113.34
2022,Bengaluru,Karnataka,Winter,Arkavathi,Agro-Industry,PM10,133.76,0.57,30834.0,116859.0,12630.0,3980905.0,Yes,Moderate,Good,66.28,97.0,20.13,40.58,2.23,47.6,125.73
2022,Bhopal,Madhya Pradesh,Monsoon,Betwa,Manufacturing,O3,135.66,1.27,16804.0,36064.0,11547.0,598652.0,Yes,Moderate,Acceptable,67.11,86.68,86.81,19.6,1.75,171.59,127.52
2022,Bhopal,Madhya Pradesh,Monsoon,Betwa,Manufacturing,PM10,137.61,0.89,36265.67,36064.0,11547.0,598652.0,Yes,Moderate,Good,67.98,86.28,46.69,32.15,2.14,56.83,129.35
2022,Bhopal,Madhya Pradesh,Post-Monsoon,Betwa,Manufacturing,NO2,137.6,1.58,45212.0,36064.0,11547.0,598652.0,Yes,Moderate,Acceptable,73.73,81.01,115.86,15.33,2.05,108.85,129.34
2022,Bhopal,Madhya Pradesh,Post-Monsoon,Betwa,Manufacturing,O3,171.65,1.15,33541.0,36064.0,11547.0,598652.0,Yes,Moderate,Acceptable,91.7,95.91,118.46,51.84,0.8,142.23,161.35
2022,Bhopal,Madhya Pradesh,Summer,Betwa,Manufacturing,NO2,131.82,0.62,9033.0,36064.0,11547.0,598652.0,Yes,Moderate,Good,67.61,87.34,108.16,9.48,2.41,35.59,123.91
2022,Bhopal,Madhya Pradesh,Summer,Betwa,Manufacturing,O3,128.75,1.82,34156.0,36064.0,11547.0,598652.0,Yes,Moderate,Acceptable,63.35,83.38,90.46,30.33,0.81,99.04,121.02
2022,Bhopal,Madhya Pradesh,Summer,Betwa,Manufacturing,PM10,140.96,1.58,27382.0,36064.0,11547.0,598652.0,Yes,Moderate,Acceptable,69.66,85.91,45.3,27.96,1.64,82.8,132.5
2022,Bhopal,Madhya Pradesh,Winter,Betwa,Manufacturing,O3,170.47,1.55,24735.0,36064.0,11547.0,598652.0,Yes,Moderate,Acceptable,75.68,99.37,33.76,54.95,1.38,135.99,160.24
2022,Bhopal,Madhya Pradesh,Winter,Betwa,Manufacturing,PM10,147.6,1.38,33092.5,36064.0,11547.0,598652.0,Yes,Moderate,Good,69.4,111.33,72.5,43.18,2.33,83.38,138.74
2022,Brajrajnagar,Odisha,Monsoon,Ib,Coal/Power,O3,112.32,1.17,25509.5,242546.0,7915.0,101445.0,Yes,Moderate,Acceptable,58.59,75.21,55.93,53.79,3.01,138.86,105.58
2022,Brajrajnagar,Odisha,Post-Monsoon,Ib,Coal/Power,NO2,110.98,1.78,5907.0,242546.0,7915.0,101445.0,Yes,Moderate,Acceptable,58.34,78.47,138.58,18.11,1.97,129.83,104.32
2022,Brajrajnagar,Odisha,Post-Monsoon,Ib,Coal/Power,O3,148.1,1.5,37895.0,242546.0,7915.0,101445.0,Yes,Moderate,Acceptable,69.44,81.49,68.49,20.79,4.83,86.85,139.21
2022,Brajrajnagar,Odisha,Summer,Ib,Coal/Power,O3,112.35,1.31,15838.33,242546.0,7915.0,101445.0,Yes,Moderate,Acceptable,55.51,79.71,78.74,41.45,3.22,126.62,105.61
2022,Brajrajnagar,Odisha,Winter,Ib,Coal/Power,NO2,109.78,1.07,32584.0,242546.0,7915.0,101445.0,Yes,Moderate,Acceptable,45.34,67.19,117.53,49.18,1.12,21.85,103.19
2022,Brajrajnagar,Odisha,Winter,Ib,Coal/Power,PM10,145.5,1.38,26424.5,242546.0,7915.0,101445.0,Yes,Moderate,Acceptable,64.22,92.34,64.78,56.03,2.87,21.38,136.77
2022,Chandigarh,Chandigarh,Monsoon,Sukhna,Manufacturing,O3,115.87,1.18,38313.0,265317.0,3471.0,1649516.0,Yes,Moderate,Good,58.32,69.58,43.87,32.51,1.93,99.98,108.92
2022,Chandigarh,Chandigarh,Monsoon,Sukhna,Manufacturing,PM10,119.82,1.25,25808.5,265317.0,3471.0,1649516.0,Yes,Moderate,Acceptable,61.2,84.84,18.48,37.98,1.14,45.92,112.63
2022,Chandigarh,Chandigarh,Post-Monsoon,Sukhna,Manufacturing,PM10,139.36,1.13,35651.0,265317.0,3471.0,1649516.0,Yes,Moderate,Acceptable,71.74,95.56,24.38,45.5,1.54,53.32,131.0
2022,Chandigarh,Chandigarh,Summer,Sukhna,Manufacturing,O3,123.54,1.07,29163.0,265317.0,3471.0,1649516.0,Yes,Moderate,Acceptable,55.91,73.8,42.9,42.09,3.48,124.61,116.13
2022,Chandigarh,Chandigarh,Summer,Sukhna,Manufacturing,PM10,118.79,0.82,33257.5,265317.0,3471.0,1649516.0,Yes,Moderate,Good,67.4,74.65,53.05,47.25,2.84,33.81,111.66
2022,Chandigarh,Chandigarh,Winter,Sukhna,Manufacturing,PM10,141.32,1.43,39769.33,265317.0,3471.0,1649516.0,Yes,Moderate,Acceptable,68.41,92.98,45.6,38.42,2.36,45.11,132.84
2022,Chennai,Tamil Nadu,Monsoon,Cooum,Manufacturing,O3,159.97,0.94,24798.5,69925.0,7403.0,25603713.0,Yes,Moderate,Good,77.13,103.6,96.79,61.78,2.14,131.22,150.37
2022,Chennai,Tamil Nadu,Monsoon,Cooum,Manufacturing,PM10,175.15,1.15,20205.0,69925.0,7403.0,25603713.0,Yes,Moderate,Acceptable,72.58,89.6,18.55,49.21,4.07,86.81,164.64
2022,Chennai,Tamil Nadu,Monsoon,Cooum,Manufacturing,PM2.5,162.57,1.08,14951.0,69925.0,7403.0,25603713.0,Yes,Moderate,Acceptable,102.17,94.42,66.12,27.53,2.86,77.11,152.82
2022,Chennai,Tamil Nadu,Post-Monsoon,Cooum,Manufacturing,O3,160.76,0.64,27097.0,69925.0,7403.0,25603713.0,Yes,Moderate,Good,80.37,102.17,50.36,36.04,1.59,111.11,151.11
2022,Chennai,Tamil Nadu,Post-Monsoon,Cooum,Manufacturing,PM10,203.73,1.37,16337.0,69925.0,7403.0,25603713.0,Yes,Poor,Acceptable,97.04,150.53,28.87,14.17,4.13,37.15,191.51
2022,Chennai,Tamil Nadu,Summer,Cooum,Manufacturing,O3,165.89,0.87,48494.0,69925.0,7403.0,25603713.0,Yes,Moderate,Good,82.85,91.37,74.62,60.41,2.62,169.18,155.94
2022,Chennai,Tamil Nadu,Summer,Cooum,Manufacturing,PM10,160.59,1.4,49479.0,69925.0,7403.0,25603713.0,Yes,Moderate,Acceptable,78.16,106.22,68.72,65.69,1.38,75.1,150.95
2022,Chennai,Tamil Nadu,Winter,Cooum,Manufacturing,O3,187.04,1.52,36357.5,69925.0,7403.0,25603713.0,Yes,Poor,Acceptable,93.42,108.85,82.58,45.92,3.28,146.02,175.82
2022,Chennai,Tamil Nadu,Winter,Cooum,Manufacturing,PM10,209.84,1.13,33324.0,69925.0,7403.0,25603713.0,Yes,Poor,Acceptable,99.54,145.71,70.9,30.18,3.68,19.29,197.25
2022,Coimbatore,Tamil Nadu,Monsoon,Noyyal,Manufacturing,O3,140.56,0.93,33630.33,55004.0,4777.0,8210974.0,Yes,Moderate,Good,67.31,94.26,87.47,35.88,2.23,144.35,132.13
2022,Coimbatore,Tamil Nadu,Monsoon,Noyyal,Manufacturing,PM10,152.21,1.1,39400.0,55004.0,4777.0,8210974.0,Yes,Moderate,Acceptable,70.0,95.53,61.29,9.06,2.78,32.65,143.08
2022,Coimbatore,Tamil Nadu,Post-Monsoon,Noyyal,Manufacturing,O3,184.97,0.88,18003.0,55004.0,4777.0,8210974.0,Yes,Moderate,Good,86.4,107.73,21.52,25.22,2.59,158.62,173.87
2022,Coimbatore,Tamil Nadu,Post-Monsoon,Noyyal,Manufacturing,PM10,142.75,1.17,47208.0,55004.0,4777.0,8210974.0,Yes,Moderate,Acceptable,76.79,95.63,49.62,27.43,2.56,76.5,134.18
2022,Coimbatore,Tamil Nadu,Summer,Noyyal,Manufacturing,PM10,141.1,1.24,31291.33,55004.0,4777.0,8210974.0,Yes,Moderate,Acceptable,64.9,85.72,25.33,35.81,3.39,54.8,132.63
2022,Coimbatore,Tamil Nadu,Winter,Noyyal,Manufacturing,O3,141.61,0.97,15330.0,55004.0,4777.0,8210974.0,Yes,Moderate,Good,79.03,93.09,99.49,19.77,1.99,146.62,133.11
2022,Coimbatore,Tamil Nadu,Winter,Noyyal,Manufacturing,PM10,184.94,1.95,34388.0,55004.0,4777.0,8210974.0,Yes,Moderate,Acceptable,85.27,123.31,99.38,73.48,3.28,83.68,173.84
2022,Coimbatore,Tamil Nadu,Winter,Noyyal,Manufacturing,PM2.5,184.85,1.95,28718.0,55004.0,4777.0,8210974.0,Yes,Moderate,Acceptable,106.23,105.84,68.76,46.66,3.75,13.34,173.76
2022,Delhi,Delhi,Monsoon,Yamuna,Manufacturing,PM10,205.26,1.73,26687.75,251805.0,1765.0,3898703.0,Yes,Poor,Acceptable,98.3,135.49,80.32,39.87,2.75,91.36,192.94
2022,Delhi,Delhi,Post-Monsoon,Yamuna,Manufacturing,O3,191.39,0.63,18349.0,251805.0,1765.0,3898703.0,Yes,Moderate,Good,101.92,129.98,100.67,25.43,0.99,152.52,179.91
2022,Delhi,Delhi,Post-Monsoon,Yamuna,Manufacturing,PM10,276.25,1.47,51531.0,251805.0,1765.0,3898703.0,Yes,Poor,Acceptable,122.75,191.92,68.39,13.01,4.06,74.49,259.68
2022,Delhi,Delhi,Summer,Yamuna,Manufacturing,O3,193.01,1.15,13612.0,251805.0,1765.0,3898703.0,Yes,Moderate,Acceptable,86.76,146.4,91.15,79.98,1.12,153.29,181.43
2022,Delhi,Delhi,Summer,Yamuna,Manufacturing,PM10,205.38,0.74,8350.5,251805.0,1765.0,3898703.0,Yes,Poor,Good,109.63,135.12,92.78,16.2,1.03,121.1,193.06
2022,Delhi,Delhi,Winter,Yamuna,Manufacturing,PM10,250.17,1.12,33747.0,251805.0,1765.0,3898703.0,Yes,Poor,Acceptable,126.33,167.3,61.85,55.47,2.74,103.22,235.16
2022,Ernakulam,Kerala,Monsoon,Periyar,Shipping/Refinery,O3,209.43,2.23,6424.0,91439.0,7455.0,894979.0,Yes,Poor,Polluted,115.21,134.67,53.84,73.08,3.45,138.67,196.86
2022,Ernakulam,Kerala,Monsoon,Periyar,Shipping/Refinery,PM10,211.16,1.37,24396.33,91439.0,7455.0,894979.0,Yes,Poor,Acceptable,98.4,132.6,63.25,61.17,1.44,93.9,198.49
2022,Ernakulam,Kerala,Post-Monsoon,Periyar,Shipping/Refinery,O3,231.52,1.06,10001.5,91439.0,7455.0,894979.0,Yes,Poor,Acceptable,119.76,142.52,49.15,35.5,1.7,154.89,217.63
2022,Ernakulam,Kerala,Summer,Periyar,Shipping/Refinery,PM10,205.42,1.1,19629.67,91439.0,7455.0,894979.0,Yes,Poor,Acceptable,106.37,140.97,82.65,54.83,0.48,118.09,193.09
2022,Ernakulam,Kerala,Winter,Periyar,Shipping/Refinery,O3,212.47,0.88,28250.0,91439.0,7455.0,894979.0,Yes,Poor,Good,98.36,114.87,92.65,10.27,2.27,118.94,199.72
2022,Ernakulam,Kerala,Winter,Periyar,Shipping/Refinery,PM10,275.2,1.25,22675.0,91439.0,7455.0,894979.0,Yes,Poor,Acceptable,150.0,182.4,35.1,45.4,2.0,78.35,258.69
2022,Gurugram,Haryana,Monsoon,Sahibi,Automobile,O3,145.94,0.69,9418.0,36724.0,5351.0,4096674.0,Yes,Moderate,Good,73.06,99.76,77.08,33.22,1.7,115.28,137.18
2022,Gurugram,Haryana,Monsoon,Sahibi,Automobile,PM10,147.63,1.19,24693.5,36724.0,5351.0,4096674.0,Yes,Moderate,Acceptable,69.47,95.56,24.17,38.8,2.36,38.96,138.77
2022,Gurugram,Haryana,Post-Monsoon,Sahibi,Automobile,O3,140.62,2.14,45204.0,36724.0,5351.0,4096674.0,Yes,Moderate,Polluted,69.35,103.89,68.42,31.03,1.01,178.2,132.18
2022,Gurugram,Haryana,Post-Monsoon,Sahibi,Automobile,PM10,181.47,1.23,29484.0,36724.0,5351.0,4096674.0,Yes,Moderate,Acceptable,85.75,129.08,57.41,66.23,2.85,102.26,170.58
2022,Gurugram,Haryana,Summer,Sahibi,Automobile,NO2,141.49,0.81,17881.5,36724.0,5351.0,4096674.0,Yes,Moderate,Acceptable,78.78,84.33,112.76,38.39,2.34,96.82,133.0
2022,Gurugram,Haryana,Summer,Sahibi,Automobile,O3,148.85,0.88,41575.0,36724.0,5351.0,4096674.0,Yes,Moderate,Good,86.97,84.54,95.69,5.88,0.62,178.87,139.92
2022,Gurugram,Haryana,Winter,Sahibi,Automobile,PM10,174.71,1.33,32862.67,36724.0,5351.0,4096674.0,Yes,Moderate,Good,79.17,116.03,55.2,34.12,2.83,81.54,164.23
2022,Guwahati,Assam,Monsoon,Brahmaputra,Agro-Industry,O3,204.95,1.32,37809.5,242054.0,3493.0,299807.0,Yes,Poor,Acceptable,115.7,114.64,69.64,28.85,2.98,140.94,192.65
2022,Guwahati,Assam,Monsoon,Brahmaputra,Agro-Industry,PM10,195.58,0.79,17960.0,242054.0,3493.0,299807.0,Yes,Moderate,Good,97.64,129.06,45.36,48.54,2.84,60.96,183.85
2022,Guwahati,Assam,Post-Monsoon,Brahmaputra,Agro-Industry,PM10,228.34,1.66,22114.5,242054.0,3493.0,299807.0,Yes,Moderate,Acceptable,111.88,147.66,78.0,39.92,1.01,86.43,214.64
2022,Guwahati,Assam,Summer,Brahmaputra,Agro-Industry,O3,202.9,1.54,27278.0,242054.0,3493.0,299807.0,Yes,Poor,Acceptable,106.03,117.71,55.35,21.47,2.29,133.01,190.73
2022,Guwahati,Assam,Summer,Brahmaputra,Agro-Industry,PM10,195.13,0.99,13326.0,242054.0,3493.0,299807.0,Yes,Moderate,Acceptable,108.96,121.68,79.13,16.06,4.29,16.74,183.42
2022,Guwahati,Assam,Winter,Brahmaputra,Agro-Industry,PM10,240.03,0.75,40293.67,242054.0,3493.0,299807.0,Yes,Poor,Good,119.74,164.1,69.42,51.95,1.65,111.58,225.63
2022,Hyderabad,Telangana,Monsoon,Musi,Manufacturing,O3,194.48,1.03,26980.0,134350.0,2550.0,11476148.0,Yes,Moderate,Acceptable,92.76,107.69,91.02,24.08,1.69,153.28,182.81
2022,Hyderabad,Telangana,Monsoon,Musi,Manufacturing,PM10,191.91,1.06,44430.5,134350.0,2550.0,11476148.0,Yes,Moderate,Acceptable,106.96,136.1,59.43,12.68,2.9,99.18,180.4
2022,Hyderabad,Telangana,Post-Monsoon,Musi,Manufacturing,O3,208.66,0.94,34574.0,134350.0,2550.0,11476148.0,Yes,Poor,Good,100.38,105.78,60.18,53.59,1.82,150.02,196.14
2022,Hyderabad,Telangana,Post-Monsoon,Musi,Manufacturing,PM10,254.84,0.99,37449.0,134350.0,2550.0,11476148.0,Yes,Poor,Good,133.93,142.59,54.05,10.33,2.7,23.68,239.55
2022,Hyderabad,Telangana,Summer,Musi,Manufacturing,O3,188.86,2.0,23906.0,134350.0,2550.0,11476148.0,Yes,Moderate,Polluted,107.52,127.53,36.85,15.52,0.85,146.9,177.53
2022,Hyderabad,Telangana,Summer,Musi,Manufacturing,PM10,192.85,1.4,37096.5,134350.0,2550.0,11476148.0,Yes,Moderate,Acceptable,98.9,129.32,39.82,42.96,3.8,64.6,181.28
2022,Hyderabad,Telangana,Winter,Musi,Manufacturing,PM10,237.35,0.91,27215.33,134350.0,2550.0,11476148.0,Yes,Poor,Acceptable,116.66,161.22,90.95,36.72,2.15,92.4,223.11
2022,Jaipur,Rajasthan,Monsoon,Banas,Manufacturing,O3,158.4,1.62,18555.5,157047.0,11789.0,3340462.0,Yes,Moderate,Acceptable,76.9,104.58,76.56,38.44,2.01,180.9,148.9
2022,Jaipur,Rajasthan,Monsoon,Banas,Manufacturing,PM10,152.34,1.01,9289.0,157047.0,11789.0,3340462.0,Yes,Moderate,Acceptable,81.69,101.42,52.08,24.96,2.37,37.33,143.2
2022,Jaipur,Rajasthan,Post-Monsoon,Banas,Manufacturing,PM10,179.52,0.82,41295.0,157047.0,11789.0,3340462.0,Yes,Moderate,Good,104.02,109.0,39.88,54.18,2.14,72.03,168.75
2022,Jaipur,Rajasthan,Summer,Banas,Manufacturing,NO2,153.15,1.02,27504.0,157047.0,11789.0,3340462.0,Yes,Moderate,Acceptable,73.77,92.16,97.05,74.65,3.74,59.24,143.96
2022,Jaipur,Rajasthan,Summer,Banas,Manufacturing,O3,153.13,1.25,31653.0,157047.0,11789.0,3340462.0,Yes,Moderate,Acceptable,83.39,87.93,116.47,35.17,3.91,147.3,143.94
2022,Jaipur,Rajasthan,Summer,Banas,Manufacturing,PM10,154.73,1.68,25026.0,157047.0,11789.0,3340462.0,Yes,Moderate,Acceptable,81.71,98.82,82.21,68.69,3.59,69.05,145.45
2022,Jaipur,Rajasthan,Winter,Banas,Manufacturing,O3,148.82,1.6,29419.0,157047.0,11789.0,3340462.0,Yes,Moderate,Acceptable,87.59,104.75,59.82,29.76,2.37,111.76,139.89
2022,Jaipur,Rajasthan,Winter,Banas,Manufacturing,PM10,210.0,1.27,43163.0,157047.0,11789.0,3340462.0,Yes,Poor,Good,95.57,133.84,85.91,70.42,1.46,42.86,197.4
2022,Jorapokhar,Jharkhand,Monsoon,Damodar,Mining/Coal,NO2,157.61,1.31,48208.0,75538.0,1113.0,96783.0,Yes,Moderate,Acceptable,96.8,93.31,130.82,4.93,2.93,32.15,148.15
2022,Jorapokhar,Jharkhand,Monsoon,Damodar,Mining/Coal,PM10,166.85,1.23,28478.33,75538.0,1113.0,96783.0,Yes,Moderate,Acceptable,82.58,111.51,79.89,44.86,1.18,44.49,156.84
2022,Jorapokhar,Jharkhand,Post-Monsoon,Damodar,Mining/Coal,O3,165.17,2.08,25731.0,75538.0,1113.0,96783.0,Yes,Moderate,Polluted,75.27,96.39,125.02,23.75,0.8,168.08,155.26
2022,Jorapokhar,Jharkhand,Post-Monsoon,Damodar,Mining/Coal,PM10,217.97,1.26,27415.0,75538.0,1113.0,96783.0,Yes,Poor,Acceptable,105.42,141.59,11.68,39.25,3.11,45.96,204.89
2022,Jorapokhar,Jharkhand,Summer,Damodar,Mining/Coal,NO2,176.48,1.08,9466.5,75538.0,1113.0,96783.0,Yes,Moderate,Acceptable,93.56,107.42,118.98,52.6,3.42,74.27,165.89
2022,Jorapokhar,Jharkhand,Summer,Damodar,Mining/Coal,O3,167.66,1.61,27037.0,75538.0,1113.0,96783.0,Yes,Moderate,Acceptable,81.66,105.43,116.02,68.19,3.78,125.38,157.6
2022,Jorapokhar,Jharkhand,Winter,Damodar,Mining/Coal,O3,190.24,0.85,39198.0,75538.0,1113.0,96783.0,Yes,Poor,Acceptable,103.04,117.69,54.56,40.5,2.12,184.47,178.83
2022,Jorapokhar,Jharkhand,Winter,Damodar,Mining/Coal,PM10,213.42,1.25,10658.0,75538.0,1113.0,96783.0,Yes,Poor,Acceptable,115.83,144.29,100.59,14.02,1.74,116.77,200.61
2022,Kochi,Kerala,Monsoon,Periyar,Shipping/Refinery,O3,226.95,2.24,6424.0,91439.0,7455.0,1081600.0,Yes,Poor,Polluted,132.88,150.52,61.44,78.35,3.8,155.4,213.33
2022,Kochi,Kerala,Monsoon,Periyar,Shipping/Refinery,PM10,230.19,1.38,24396.33,91439.0,7455.0,1081600.0,Yes,Poor,Acceptable,109.28,147.73,73.29,67.19,1.67,105.51,216.38
2022,Kochi,Kerala,Post-Monsoon,Periyar,Shipping/Refinery,O3,228.79,1.18,15354.0,91439.0,7455.0,1081600.0,Yes,Poor,Acceptable,139.54,147.03,84.15,20.86,3.4,170.52,215.06
2022,Kochi,Kerala,Post-Monsoon,Periyar,Shipping/Refinery,PM10,304.82,0.9,4649.0,91439.0,7455.0,1081600.0,Yes,Very Poor,Good,126.57,182.8,25.65,59.03,0.56,168.47,286.53
2022,Kochi,Kerala,Summer,Periyar,Shipping/Refinery,O3,227.47,0.82,9777.0,91439.0,7455.0,1081600.0,Yes,Poor,Good,108.98,129.53,85.38,44.96,0.56,132.15,213.82
2022,Kochi,Kerala,Summer,Periyar,Shipping/Refinery,PM10,229.78,1.27,24556.0,91439.0,7455.0,1081600.0,Yes,Poor,Acceptable,116.86,170.49,94.51,72.64,0.55,134.57,215.99
2022,Kochi,Kerala,Winter,Periyar,Shipping/Refinery,O3,243.95,0.86,28250.0,91439.0,7455.0,1081600.0,Yes,Poor,Good,108.17,128.26,109.99,11.4,2.39,141.14,229.31
2022,Kochi,Kerala,Winter,Periyar,Shipping/Refinery,PM10,299.78,1.28,22675.0,91439.0,7455.0,1081600.0,Yes,Poor,Acceptable,168.6,192.2,38.76,49.42,2.04,86.6,281.79
2022,Kolkata,West Bengal,Monsoon,Hooghly,Manufacturing,O3,210.28,1.14,40821.0,51041.0,6733.0,18081019.0,Yes,Poor,Acceptable,110.94,136.3,58.77,73.71,0.95,179.09,197.66
2022,Kolkata,West Bengal,Monsoon,Hooghly,Manufacturing,PM10,227.61,1.16,28223.0,51041.0,6733.0,18081019.0,Yes,Poor,Acceptable,103.62,141.62,64.28,44.44,3.68,77.96,213.95
2022,Kolkata,West Bengal,Post-Monsoon,Hooghly,Manufacturing,PM10,257.06,1.48,21101.0,51041.0,6733.0,18081019.0,Yes,Poor,Acceptable,129.64,139.16,92.12,45.65,2.43,74.78,241.64
2022,Kolkata,West Bengal,Summer,Hooghly,Manufacturing,PM10,221.38,1.21,38306.33,51041.0,6733.0,18081019.0,Yes,Poor,Good,112.51,134.88,73.29,47.39,2.42,91.91,208.1
2022,Kolkata,West Bengal,Winter,Hooghly,Manufacturing,PM10,273.64,1.09,18051.0,51041.0,6733.0,18081019.0,Yes,Poor,Good,139.77,177.72,77.64,31.0,3.71,69.55,257.22
2022,Lucknow,Uttar Pradesh,Monsoon,Gomti,Agro-Industry,O3,210.17,1.68,49496.0,257212.0,5862.0,1430506.0,Yes,Poor,Acceptable,79.89,126.7,111.64,6.08,3.4,158.31,197.56
2022,Lucknow,Uttar Pradesh,Monsoon,Gomti,Agro-Industry,PM10,209.58,1.15,37392.33,257212.0,5862.0,1430506.0,Yes,Poor,Acceptable,107.21,141.45,34.85,44.81,1.08,30.49,197.01
2022,Lucknow,Uttar Pradesh,Post-Monsoon,Gomti,Agro-Industry,O3,206.74,1.29,47157.0,257212.0,5862.0,1430506.0,Yes,Poor,Acceptable,100.54,154.99,76.36,15.01,2.72,155.77,194.34
2022,Lucknow,Uttar Pradesh,Post-Monsoon,Gomti,Agro-Industry,PM10,258.41,0.54,27534.0,257212.0,5862.0,1430506.0,Yes,Poor,Good,137.18,190.28,67.84,28.56,3.89,157.16,242.91
2022,Lucknow,Uttar Pradesh,Summer,Gomti,Agro-Industry,PM10,210.84,1.05,29073.33,257212.0,5862.0,1430506.0,Yes,Poor,Acceptable,92.43,140.26,68.67,50.2,3.23,77.84,198.19
2022,Lucknow,Uttar Pradesh,Winter,Gomti,Agro-Industry,O3,283.15,1.35,21085.0,257212.0,5862.0,1430506.0,Yes,Poor,Acceptable,127.47,146.06,115.44,28.78,2.93,158.62,266.16
2022,Lucknow,Uttar Pradesh,Winter,Gomti,Agro-Industry,PM10,232.1,1.47,24989.5,257212.0,5862.0,1430506.0,Yes,Poor,Acceptable,141.17,174.54,67.44,20.93,3.17,81.9,218.17
2022,Mumbai,Maharashtra,Monsoon,Ulhas,Manufacturing,NO2,129.86,0.88,21508.0,112140.0,9019.0,30695929.0,Yes,Moderate,Good,54.11,92.88,103.64,75.17,4.2,45.45,122.07
2022,Mumbai,Maharashtra,Monsoon,Ulhas,Manufacturing,O3,135.88,0.84,22980.0,112140.0,9019.0,30695929.0,Yes,Moderate,Good,64.07,76.45,68.04,63.15,1.08,112.0,127.73
2022,Mumbai,Maharashtra,Monsoon,Ulhas,Manufacturing,PM10,129.97,0.89,3261.0,112140.0,9019.0,30695929.0,Yes,Moderate,Good,76.14,93.43,78.23,42.24,0.88,56.31,122.17
2022,Mumbai,Maharashtra,Post-Monsoon,Ulhas,Manufacturing,O3,158.49,1.2,12227.5,112140.0,9019.0,30695929.0,Yes,Moderate,Acceptable,65.78,96.09,72.51,61.19,2.51,129.04,148.98
2022,Mumbai,Maharashtra,Summer,Ulhas,Manufacturing,O3,134.55,1.0,44095.5,112140.0,9019.0,30695929.0,Yes,Moderate,Good,65.14,85.0,84.88,30.78,2.14,138.0,126.48
2022,Mumbai,Maharashtra,Summer,Ulhas,Manufacturing,PM10,131.82,1.51,33444.0,112140.0,9019.0,30695929.0,Yes,Moderate,Acceptable,74.31,78.66,56.33,33.7,4.48,40.05,123.91
2022,Mumbai,Maharashtra,Winter,Ulhas,Manufacturing,NO2,171.63,0.6,36443.0,112140.0,9019.0,30695929.0,Yes,Moderate,Good,78.14,109.18,119.22,57.51,4.26,37.36,161.33
2022,Mumbai,Maharashtra,Winter,Ulhas,Manufacturing,O3,171.73,1.23,32075.0,112140.0,9019.0,30695929.0,Yes,Moderate,Acceptable,101.43,92.43,82.5,55.53,3.81,176.38,161.43
2022,Mumbai,Maharashtra,Winter,Ulhas,Manufacturing,PM10,129.44,1.56,21157.0,112140.0,9019.0,30695929.0,Yes,Moderate,Acceptable,65.3,87.38,11.96,30.84,1.09,26.08,121.67
2022,Patna,Bihar,Monsoon,Ganga,Agro-Industry,O3,140.25,1.82,28396.0,166142.0,890.0,607652.0,Yes,Moderate,Acceptable,63.99,84.67,96.91,37.57,0.98,176.54,131.83
2022,Patna,Bihar,Monsoon,Ganga,Agro-Industry,PM10,143.59,1.35,23212.0,166142.0,890.0,607652.0,Yes,Moderate,Acceptable,65.94,102.47,76.39,40.91,2.36,39.53,134.97
2022,Patna,Bihar,Post-Monsoon,Ganga,Agro-Industry,O3,147.54,1.3,26157.0,166142.0,890.0,607652.0,Yes,Moderate,Acceptable,69.09,79.57,25.8,42.38,4.49,102.23,138.69
2022,Patna,Bihar,Post-Monsoon,Ganga,Agro-Industry,PM10,184.75,1.71,46999.0,166142.0,890.0,607652.0,Yes,Moderate,Acceptable,78.68,118.4,48.59,13.02,1.75,84.18,173.66
2022,Patna,Bihar,Summer,Ganga,Agro-Industry,NO2,141.19,0.92,4738.0,166142.0,890.0,607652.0,Yes,Moderate,Good,76.38,89.71,108.17,70.56,3.78,68.43,132.72
2022,Patna,Bihar,Summer,Ganga,Agro-Industry,O3,150.05,1.45,31206.0,166142.0,890.0,607652.0,Yes,Moderate,Acceptable,85.5,96.58,9.66,54.15,3.79,129.38,141.05
2022,Patna,Bihar,Summer,Ganga,Agro-Industry,PM10,140.23,1.79,8774.0,166142.0,890.0,607652.0,Yes,Moderate,Acceptable,84.95,103.96,26.19,11.26,3.18,52.64,131.82
2022,Patna,Bihar,Winter,Ganga,Agro-Industry,O3,163.29,1.36,28784.5,166142.0,890.0,607652.0,Yes,Moderate,Acceptable,71.62,112.12,79.25,21.69,3.98,122.9,153.49
2022,Patna,Bihar,Winter,Ganga,Agro-Industry,PM10,189.19,1.99,23573.0,166142.0,890.0,607652.0,Yes,Moderate,Acceptable,81.97,127.48,45.68,26.39,3.02,20.75,177.84
2022,Shillong,Meghalaya,Monsoon,Umiam,Handicrafts,O3,90.49,1.4,22715.0,242054.0,3493.0,178076.0,Yes,Satisfactory,Acceptable,54.06,54.0,34.04,15.1,1.08,79.98,85.06
2022,Shillong,Meghalaya,Monsoon,Umiam,Handicrafts,PM10,98.12,0.93,29608.0,242054.0,3493.0,178076.0,Yes,Satisfactory,Good,49.01,63.37,26.41,20.42,1.71,38.82,92.23
2022,Shillong,Meghalaya,Post-Monsoon,Umiam,Handicrafts,PM10,117.16,1.68,22114.5,242054.0,3493.0,178076.0,Yes,Moderate,Acceptable,56.0,73.95,38.47,17.83,0.48,45.38,110.13
2022,Shillong,Meghalaya,Summer,Umiam,Handicrafts,O3,91.45,1.5,27278.0,242054.0,3493.0,178076.0,Yes,Satisfactory,Acceptable,53.28,59.18,27.57,10.04,1.25,62.45,85.96
2022,Shillong,Meghalaya,Summer,Umiam,Handicrafts,PM10,99.69,0.98,9455.0,242054.0,3493.0,178076.0,Yes,Satisfactory,Good,48.53,58.07,51.17,9.1,2.26,12.75,93.71
2022,Shillong,Meghalaya,Summer,Umiam,Handicrafts,PM2.5,108.07,1.04,17197.0,242054.0,3493.0,178076.0,Yes,Moderate,Acceptable,62.19,59.82,34.57,7.23,1.96,4.76,101.59
2022,Shillong,Meghalaya,Winter,Umiam,Handicrafts,PM10,111.56,0.77,40293.67,242054.0,3493.0,178076.0,Yes,Moderate,Good,61.79,79.93,33.48,26.52,0.83,55.75,104.87
2022,Talcher,Odisha,Monsoon,Brahmani,Thermal Power,O3,203.59,1.39,50898.0,85038.0,10313.0,260967.0,Yes,Poor,Acceptable,114.31,127.54,27.64,36.61,1.03,186.09,191.37
2022,Talcher,Odisha,Monsoon,Brahmani,Thermal Power,PM10,201.62,0.92,26451.33,85038.0,10313.0,260967.0,Yes,Poor,Acceptable,111.12,136.78,88.52,68.22,1.65,79.0,189.52
2022,Talcher,Odisha,Post-Monsoon,Brahmani,Thermal Power,O3,211.83,0.94,26276.0,85038.0,10313.0,260967.0,Yes,Poor,Good,116.84,134.17,42.55,78.77,4.22,173.27,199.12
2022,Talcher,Odisha,Post-Monsoon,Brahmani,Thermal Power,PM10,256.75,1.19,30713.0,85038.0,10313.0,260967.0,Yes,Poor,Acceptable,132.13,196.97,30.55,43.13,1.67,150.99,241.34
2022,Talcher,Odisha,Summer,Brahmani,Thermal Power,O3,200.86,0.94,33352.0,85038.0,10313.0,260967.0,Yes,Poor,Good,85.95,128.6,42.4,18.55,1.42,162.7,188.81
2022,Talcher,Odisha,Summer,Brahmani,Thermal Power,PM10,201.72,0.78,19267.0,85038.0,10313.0,260967.0,Yes,Poor,Good,100.12,140.41,23.22,33.78,1.52,119.2,189.62
2022,Talcher,Odisha,Winter,Brahmani,Thermal Power,O3,255.2,2.13,9972.0,85038.0,10313.0,260967.0,Yes,Poor,Polluted,152.97,158.99,107.04,19.0,1.61,188.05,239.89
2022,Talcher,Odisha,Winter,Brahmani,Thermal Power,PM10,229.68,1.66,20571.5,85038.0,10313.0,260967.0,Yes,Poor,Acceptable,92.1,150.23,72.95,66.1,3.06,55.8,215.9
2022,Thiruvananthapuram,Kerala,Monsoon,Karamana,IT/Electronics,PM10,155.61,1.29,13882.75,223105.0,12935.0,1257931.0,Yes,Moderate,Good,83.4,101.73,63.04,41.26,1.3,92.14,146.27
2022,Thiruvananthapuram,Kerala,Post-Monsoon,Karamana,IT/Electronics,NO2,147.55,1.12,14930.0,223105.0,12935.0,1257931.0,Yes,Moderate,Acceptable,69.29,89.3,113.08,6.3,3.63,29.23,138.7
2022,Thiruvananthapuram,Kerala,Post-Monsoon,Karamana,IT/Electronics,PM10,203.19,1.38,30939.0,223105.0,12935.0,1257931.0,Yes,Poor,Acceptable,112.02,144.69,64.09,29.89,1.23,86.39,191.0
2022,Thiruvananthapuram,Kerala,Summer,Karamana,IT/Electronics,NO2,158.31,0.87,32396.0,223105.0,12935.0,1257931.0,Yes,Moderate,Good,81.65,89.86,118.14,24.04,2.29,97.47,148.81
2022,Thiruvananthapuram,Kerala,Summer,Karamana,IT/Electronics,PM10,150.36,0.92,9668.0,223105.0,12935.0,1257931.0,Yes,Moderate,Good,82.57,97.65,57.56,44.61,3.5,85.0,141.34
2022,Thiruvananthapuram,Kerala,Winter,Karamana,IT/Electronics,O3,199.0,1.27,32660.5,223105.0,12935.0,1257931.0,Yes,Moderate,Acceptable,98.74,130.14,113.99,43.62,1.81,153.57,187.06
2022,Thiruvananthapuram,Kerala,Winter,Karamana,IT/Electronics,PM10,158.21,0.54,30119.0,223105.0,12935.0,1257931.0,Yes,Moderate,Good,64.96,108.88,35.28,65.4,2.54,92.41,148.72
2022,Visakhapatnam,Andhra Pradesh,Monsoon,Gosthani,Mining,O3,182.68,1.0,26980.0,134350.0,2550.0,236428.0,Yes,Moderate,Acceptable,90.64,106.52,91.32,23.22,1.61,148.71,171.72
2022,Visakhapatnam,Andhra Pradesh,Monsoon,Gosthani,Mining,PM10,179.18,1.06,44430.5,134350.0,2550.0,236428.0,Yes,Moderate,Acceptable,96.9,137.78,60.11,13.24,2.62,93.1,168.43
2022,Visakhapatnam,Andhra Pradesh,Post-Monsoon,Gosthani,Mining,O3,184.45,0.89,34574.0,134350.0,2550.0,236428.0,Yes,Moderate,Good,98.46,104.76,58.6,48.58,1.77,144.96,173.38
2022,Visakhapatnam,Andhra Pradesh,Post-Monsoon,Gosthani,Mining,PM10,239.68,1.01,37449.0,134350.0,2550.0,236428.0,Yes,Poor,Acceptable,128.57,131.58,51.17,10.71,2.56,22.58,225.3
2022,Visakhapatnam,Andhra Pradesh,Summer,Gosthani,Mining,O3,181.54,2.1,23906.0,134350.0,2550.0,236428.0,Yes,Moderate,Polluted,101.38,119.93,35.21,14.85,0.81,134.8,170.65
2022,Visakhapatnam,Andhra Pradesh,Summer,Gosthani,Mining,PM10,187.36,1.4,37096.5,134350.0,2550.0,236428.0,Yes,Moderate,Acceptable,97.87,114.77,36.82,40.89,3.68,62.5,176.12
2022,Visakhapatnam,Andhra Pradesh,Winter,Gosthani,Mining,PM10,217.56,0.91,27215.33,134350.0,2550.0,236428.0,Yes,Poor,Acceptable,106.61,150.79,87.7,33.59,2.11,85.15,204.51
2023,Ahmedabad,Gujarat,Monsoon,Sabarmati,Chemical,O3,156.62,1.21,28620.67,164796.0,3852.0,8922883.0,Yes,Moderate,Good,80.04,101.36,85.87,21.42,2.93,158.27,147.22
2023,Ahmedabad,Gujarat,Monsoon,Sabarmati,Chemical,PM10,154.67,1.28,41898.0,164796.0,3852.0,8922883.0,Yes,Moderate,Acceptable,76.45,105.37,87.36,14.38,0.67,39.14,145.39
2023,Ahmedabad,Gujarat,Post-Monsoon,Sabarmati,Chemical,PM10,157.58,2.04,7160.0,164796.0,3852.0,8922883.0,Yes,Moderate,Polluted,89.42,110.28,15.82,8.84,4.16,44.75,148.13
2023,Ahmedabad,Gujarat,Post-Monsoon,Sabarmati,Chemical,PM2.5,199.73,1.24,31769.0,164796.0,3852.0,8922883.0,Yes,Moderate,Acceptable,117.12,112.34,43.3,27.65,2.33,57.4,187.75
2023,Ahmedabad,Gujarat,Summer,Sabarmati,Chemical,O3,163.55,1.27,28565.0,164796.0,3852.0,8922883.0,Yes,Moderate,Acceptable,70.97,100.98,94.26,49.11,2.47,152.14,153.74
2023,Ahmedabad,Gujarat,Summer,Sabarmati,Chemical,PM10,169.56,1.69,5541.0,164796.0,3852.0,8922883.0,Yes,Moderate,Acceptable,79.39,113.84,55.23,45.38,1.3,63.88,159.39
2023,Ahmedabad,Gujarat,Winter,Sabarmati,Chemical,PM10,194.1,1.37,24743.0,164796.0,3852.0,8922883.0,Yes,Poor,Acceptable,93.88,129.23,75.44,22.24,2.42,57.71,182.45
2023,Aizawl,Mizoram,Monsoon,Tlawng,Handicrafts,PM10,93.3,1.3,24835.0,244772.0,3541.0,111448.0,Yes,Moderate,Acceptable,44.36,57.22,27.68,33.05,0.77,37.26,87.7
2023,Aizawl,Mizoram,Post-Monsoon,Tlawng,Handicrafts,PM10,110.1,0.64,32907.5,244772.0,3541.0,111448.0,Yes,Satisfactory,Good,45.86,66.26,20.1,15.03,1.58,29.35,103.49
2023,Aizawl,Mizoram,Summer,Tlawng,Handicrafts,O3,101.27,1.23,51508.0,244772.0,3541.0,111448.0,Yes,Moderate,Acceptable,46.52,52.79,19.96,23.01,0.87,57.63,95.19
2023,Aizawl,Mizoram,Summer,Tlawng,Handicrafts,PM10,95.39,0.9,20956.0,244772.0,3541.0,111448.0,Yes,Moderate,Good,49.44,62.29,43.48,20.79,1.44,34.03,89.67
2023,Aizawl,Mizoram,Winter,Tlawng,Handicrafts,PM10,106.47,1.43,41346.67,244772.0,3541.0,111448.0,Yes,Moderate,Acceptable,57.35,64.05,28.36,28.63,1.59,48.74,100.08
2023,Amaravati,Andhra Pradesh,Monsoon,Krishna,Agro-processing,O3,180.86,1.37,27312.0,144236.0,2724.0,508908.0,Yes,Moderate,Acceptable,79.94,109.14,54.16,13.12,1.59,135.2,170.01
2023,Amaravati,Andhra Pradesh,Monsoon,Krishna,Agro-processing,PM10,175.18,1.51,46351.0,144236.0,2724.0,508908.0,Yes,Moderate,Acceptable,103.99,114.2,102.29,20.55,2.38,100.83,164.67
2023,Amaravati,Andhra Pradesh,Monsoon,Krishna,Agro-processing,PM2.5,178.22,1.63,26126.0,144236.0,2724.0,508908.0,Yes,Moderate,Acceptable,102.52,95.1,33.0,30.62,0.63,36.65,167.53
2023,Amaravati,Andhra Pradesh,Post-Monsoon,Krishna,Agro-processing,PM10,193.68,1.1,42584.0,144236.0,2724.0,508908.0,Yes,Moderate,Acceptable,96.7,137.16,54.68,34.15,0.9,114.88,182.06
2023,Amaravati,Andhra Pradesh,Summer,Krishna,Agro-processing,PM10,171.43,1.57,40595.0,144236.0,2724.0,508908.0,Yes,Moderate,Acceptable,89.8,111.56,60.04,30.59,1.36,39.57,161.14
2023,Amaravati,Andhra Pradesh,Winter,Krishna,Agro-processing,O3,176.91,1.72,19254.0,144236.0,2724.0,508908.0,Yes,Moderate,Acceptable,98.61,125.19,41.83,49.25,3.55,150.15,166.3
2023,Amaravati,Andhra Pradesh,Winter,Krishna,Agro-processing,PM10,233.02,1.3,35795.5,144236.0,2724.0,508908.0,Yes,Poor,Acceptable,121.47,150.8,51.23,54.98,2.96,75.18,219.04
2023,Amritsar,Punjab,Monsoon,Beas,Agro-Industry,O3,144.79,1.47,19104.0,260954.0,3394.0,1227053.0,Yes,Moderate,Acceptable,75.84,84.53,19.45,58.09,3.04,140.51,136.1
2023,Amritsar,Punjab,Monsoon,Beas,Agro-Industry,PM10,143.62,0.9,35054.0,260954.0,3394.0,1227053.0,Yes,Moderate,Good,63.11,89.67,67.38,20.79,3.0,28.88,135.0
2023,Amritsar,Punjab,Post-Monsoon,Beas,Agro-Industry,NO2,138.47,1.85,15657.0,260954.0,3394.0,1227053.0,Yes,Moderate,Acceptable,61.02,77.82,110.46,44.17,3.78,101.13,130.16
2023,Amritsar,Punjab,Post-Monsoon,Beas,Agro-Industry,PM10,181.2,1.01,27008.0,260954.0,3394.0,1227053.0,Yes,Moderate,Acceptable,97.75,114.09,79.19,73.32,1.43,110.05,170.33
2023,Amritsar,Punjab,Summer,Beas,Agro-Industry,O3,145.87,1.1,13215.0,260954.0,3394.0,1227053.0,Yes,Moderate,Acceptable,66.06,95.65,108.99,41.89,3.42,133.5,137.12
2023,Amritsar,Punjab,Summer,Beas,Agro-Industry,PM10,146.57,0.89,42637.0,260954.0,3394.0,1227053.0,Yes,Moderate,Good,79.74,84.12,16.02,50.08,2.23,70.3,137.78
2023,Amritsar,Punjab,Winter,Beas,Agro-Industry,O3,148.62,1.55,21403.0,260954.0,3394.0,1227053.0,Yes,Moderate,Acceptable,82.07,98.9,93.35,47.25,3.86,169.06,139.7
2023,Amritsar,Punjab,Winter,Beas,Agro-Industry,PM10,188.75,0.81,15505.5,260954.0,3394.0,1227053.0,Yes,Moderate,Good,81.93,111.03,39.55,47.12,3.76,66.88,177.42
2023,Bengaluru,Karnataka,Monsoon,Arkavathi,Agro-Industry,O3,114.26,0.93,28131.0,123479.0,12747.0,4219759.0,Yes,Moderate,Good,63.4,67.97,63.9,40.31,2.36,167.35,107.4
2023,Bengaluru,Karnataka,Monsoon,Arkavathi,Agro-Industry,PM10,115.8,1.63,21051.0,123479.0,12747.0,4219759.0,Yes,Moderate,Acceptable,47.02,80.49,30.33,7.78,2.9,69.82,108.85
2023,Bengaluru,Karnataka,Post-Monsoon,Arkavathi,Agro-Industry,NO2,109.0,0.84,48416.0,123479.0,12747.0,4219759.0,Yes,Moderate,Good,65.06,85.31,110.51,65.99,3.24,14.12,102.46
2023,Bengaluru,Karnataka,Post-Monsoon,Arkavathi,Agro-Industry,O3,146.15,0.94,50719.0,123479.0,12747.0,4219759.0,Yes,Moderate,Good,84.21,96.2,24.15,70.85,1.7,121.3,137.38
2023,Bengaluru,Karnataka,Summer,Arkavathi,Agro-Industry,O3,110.77,0.73,35790.0,123479.0,12747.0,4219759.0,Yes,Moderate,Good,67.59,64.55,112.82,14.15,2.84,182.36,104.12
2023,Bengaluru,Karnataka,Summer,Arkavathi,Agro-Industry,PM10,112.06,0.96,14300.5,123479.0,12747.0,4219759.0,Yes,Moderate,Good,64.11,80.21,31.45,40.03,2.31,37.61,105.34
2023,Bengaluru,Karnataka,Winter,Arkavathi,Agro-Industry,O3,142.2,0.84,36359.0,123479.0,12747.0,4219759.0,Yes,Moderate,Good,84.68,86.01,53.0,72.92,1.14,104.75,133.67
2023,Bengaluru,Karnataka,Winter,Arkavathi,Agro-Industry,PM10,130.87,0.89,27251.5,123479.0,12747.0,4219759.0,Yes,Moderate,Good,72.6,91.68,23.36,32.3,3.8,23.42,123.02
2023,Bhopal,Madhya Pradesh,Monsoon,Betwa,Manufacturing,NO2,124.99,1.58,8991.0,34667.0,11523.0,634571.0,Yes,Moderate,Acceptable,72.23,73.19,73.94,27.75,3.82,57.38,117.49
2023,Bhopal,Madhya Pradesh,Monsoon,Betwa,Manufacturing,O3,139.41,1.41,36711.0,34667.0,11523.0,634571.0,Yes,Moderate,Acceptable,52.21,75.34,30.71,16.35,4.25,83.48,131.05
2023,Bhopal,Madhya Pradesh,Monsoon,Betwa,Manufacturing,PM10,130.25,1.42,36219.5,34667.0,11523.0,634571.0,Yes,Moderate,Acceptable,70.56,79.18,68.45,46.16,3.69,44.8,122.43
2023,Bhopal,Madhya Pradesh,Post-Monsoon,Betwa,Manufacturing,O3,135.59,1.02,44411.0,34667.0,11523.0,634571.0,Yes,Moderate,Acceptable,61.74,75.84,57.59,58.66,2.21,157.67,127.45
2023,Bhopal,Madhya Pradesh,Post-Monsoon,Betwa,Manufacturing,PM10,175.49,0.6,17288.0,34667.0,11523.0,634571.0,Yes,Moderate,Good,80.84,114.16,94.42,20.66,2.66,72.81,164.96
2023,Bhopal,Madhya Pradesh,Summer,Betwa,Manufacturing,NO2,137.14,0.95,51564.0,34667.0,11523.0,634571.0,Yes,Moderate,Good,76.82,73.47,105.69,71.56,2.53,63.35,128.91
2023,Bhopal,Madhya Pradesh,Summer,Betwa,Manufacturing,O3,131.43,1.17,11880.0,34667.0,11523.0,634571.0,Yes,Moderate,Acceptable,67.81,77.42,25.94,39.05,3.47,162.63,123.54
2023,Bhopal,Madhya Pradesh,Summer,Betwa,Manufacturing,PM10,134.46,1.91,43153.0,34667.0,11523.0,634571.0,Yes,Moderate,Acceptable,73.97,92.94,91.46,74.69,3.72,46.99,126.39
2023,Bhopal,Madhya Pradesh,Winter,Betwa,Manufacturing,O3,150.33,1.38,24497.0,34667.0,11523.0,634571.0,Yes,Moderate,Acceptable,61.22,106.44,35.58,46.62,2.38,131.56,141.31
2023,Bhopal,Madhya Pradesh,Winter,Betwa,Manufacturing,PM10,171.6,0.88,7532.0,34667.0,11523.0,634571.0,Yes,Moderate,Good,97.47,111.37,83.08,78.26,3.47,70.42,161.3
2023,Brajrajnagar,Odisha,Monsoon,Ib,Coal/Power,NO2,123.5,1.26,22333.5,249451.0,8037.0,107532.0,Yes,Moderate,Good,61.84,83.28,130.11,54.76,4.48,75.85,116.09
2023,Brajrajnagar,Odisha,Monsoon,Ib,Coal/Power,O3,124.57,1.2,26744.0,249451.0,8037.0,107532.0,Yes,Moderate,Good,65.03,80.82,35.89,47.23,2.18,137.66,117.1
2023,Brajrajnagar,Odisha,Post-Monsoon,Ib,Coal/Power,PM10,141.36,1.32,23783.0,249451.0,8037.0,107532.0,Yes,Moderate,Acceptable,65.24,106.26,59.46,48.49,1.86,60.67,132.88
2023,Brajrajnagar,Odisha,Summer,Ib,Coal/Power,O3,124.62,1.34,30062.33,249451.0,8037.0,107532.0,Yes,Moderate,Acceptable,55.88,78.9,81.18,58.95,1.97,100.41,117.14
2023,Brajrajnagar,Odisha,Winter,Ib,Coal/Power,NO2,155.47,1.44,10300.0,249451.0,8037.0,107532.0,Yes,Moderate,Acceptable,81.75,85.98,104.93,69.12,3.98,71.55,146.14
2023,Brajrajnagar,Odisha,Winter,Ib,Coal/Power,O3,142.44,1.32,28146.0,249451.0,8037.0,107532.0,Yes,Moderate,Acceptable,76.0,92.88,58.48,65.44,2.85,140.9,133.89
2023,Chandigarh,Chandigarh,Monsoon,Sukhna,Manufacturing,O3,114.31,1.47,19104.0,260954.0,3394.0,1748487.0,Yes,Moderate,Acceptable,64.52,67.3,15.9,46.5,2.36,111.22,107.45
2023,Chandigarh,Chandigarh,Monsoon,Sukhna,Manufacturing,PM10,107.33,0.95,35054.0,260954.0,3394.0,1748487.0,Yes,Moderate,Good,49.64,66.44,52.56,17.03,2.32,23.88,100.89
2023,Chandigarh,Chandigarh,Post-Monsoon,Sukhna,Manufacturing,O3,116.91,1.85,15657.0,260954.0,3394.0,1748487.0,Yes,Moderate,Acceptable,48.81,63.47,84.24,37.75,3.17,88.11,109.9
2023,Chandigarh,Chandigarh,Post-Monsoon,Sukhna,Manufacturing,PM10,160.76,1.1,27008.0,260954.0,3394.0,1748487.0,Yes,Moderate,Acceptable,83.48,87.11,61.31,59.74,1.23,84.89,151.11
2023,Chandigarh,Chandigarh,Summer,Sukhna,Manufacturing,O3,115.04,1.1,13215.0,260954.0,3394.0,1748487.0,Yes,Moderate,Acceptable,54.48,75.51,87.46,33.9,2.76,108.53,108.14
2023,Chandigarh,Chandigarh,Summer,Sukhna,Manufacturing,PM10,113.96,0.91,42637.0,260954.0,3394.0,1748487.0,Yes,Moderate,Good,65.11,65.73,13.13,44.56,1.78,57.27,107.12
2023,Chandigarh,Chandigarh,Winter,Sukhna,Manufacturing,O3,114.88,1.57,21403.0,260954.0,3394.0,1748487.0,Yes,Moderate,Acceptable,61.36,79.17,74.74,36.42,2.8,142.53,107.99
2023,Chandigarh,Chandigarh,Winter,Sukhna,Manufacturing,PM10,154.49,0.84,15505.5,260954.0,3394.0,1748487.0,Yes,Moderate,Good,61.79,91.88,33.52,37.28,3.08,52.05,145.22
2023,Chennai,Tamil Nadu,Monsoon,Cooum,Manufacturing,NO2,150.92,1.75,50795.0,60641.0,7239.0,27139936.0,Yes,Moderate,Acceptable,91.93,91.98,109.56,16.85,3.19,81.63,141.86
2023,Chennai,Tamil Nadu,Monsoon,Cooum,Manufacturing,O3,149.42,0.84,6811.0,60641.0,7239.0,27139936.0,Yes,Moderate,Acceptable,75.34,87.88,77.34,42.3,3.9,137.99,140.45
2023,Chennai,Tamil Nadu,Monsoon,Cooum,Manufacturing,PM10,154.25,1.43,35874.0,60641.0,7239.0,27139936.0,Yes,Moderate,Acceptable,69.94,104.76,82.07,38.33,2.57,86.1,145.0
2023,Chennai,Tamil Nadu,Post-Monsoon,Cooum,Manufacturing,O3,174.53,0.68,37479.0,60641.0,7239.0,27139936.0,Yes,Moderate,Good,76.58,121.94,27.48,42.4,2.87,141.7,164.06
2023,Chennai,Tamil Nadu,Summer,Cooum,Manufacturing,O3,155.16,1.54,45353.0,60641.0,7239.0,27139936.0,Yes,Moderate,Good,63.23,94.72,53.21,59.72,2.02,126.68,145.85
2023,Chennai,Tamil Nadu,Summer,Cooum,Manufacturing,PM10,149.29,1.37,43577.0,60641.0,7239.0,27139936.0,Yes,Moderate,Acceptable,63.47,87.45,48.59,24.0,2.86,69.91,140.33
2023,Chennai,Tamil Nadu,Winter,Cooum,Manufacturing,O3,171.83,1.31,26897.5,60641.0,7239.0,27139936.0,Yes,Moderate,Acceptable,94.8,106.62,100.68,43.64,1.32,137.2,161.52
2023,Chennai,Tamil Nadu,Winter,Cooum,Manufacturing,PM10,196.2,0.63,53205.0,60641.0,7239.0,27139936.0,Yes,Moderate,Good,108.76,133.46,111.06,52.76,0.94,91.42,184.43
2023,Coimbatore,Tamil Nadu,Monsoon,Noyyal,Manufacturing,NO2,139.29,1.39,26608.0,57919.0,4828.0,8703633.0,Yes,Moderate,Acceptable,77.26,81.56,88.87,44.54,3.18,62.74,130.93
2023,Coimbatore,Tamil Nadu,Monsoon,Noyyal,Manufacturing,O3,147.97,0.94,47664.0,57919.0,4828.0,8703633.0,Yes,Moderate,Acceptable,79.85,97.6,40.96,26.54,3.62,112.7,139.09
2023,Coimbatore,Tamil Nadu,Monsoon,Noyyal,Manufacturing,PM10,146.27,1.4,27209.0,57919.0,4828.0,8703633.0,Yes,Moderate,Acceptable,83.34,104.87,18.63,23.11,2.33,11.52,137.49
2023,Coimbatore,Tamil Nadu,Post-Monsoon,Noyyal,Manufacturing,PM10,169.55,1.22,36284.0,57919.0,4828.0,8703633.0,Yes,Moderate,Good,79.74,120.78,28.26,37.33,2.02,69.18,159.38
2023,Coimbatore,Tamil Nadu,Summer,Noyyal,Manufacturing,O3,144.4,1.19,32338.5,57919.0,4828.0,8703633.0,Yes,Moderate,Acceptable,71.25,91.32,34.64,49.93,0.68,132.29,135.74
2023,Coimbatore,Tamil Nadu,Summer,Noyyal,Manufacturing,PM10,139.24,1.08,27328.0,57919.0,4828.0,8703633.0,Yes,Moderate,Acceptable,75.03,104.87,48.83,17.64,3.79,32.96,130.89
2023,Coimbatore,Tamil Nadu,Winter,Noyyal,Manufacturing,NO2,147.17,1.13,13372.0,57919.0,4828.0,8703633.0,Yes,Moderate,Acceptable,77.76,99.48,117.31,41.62,4.31,34.43,138.34
2023,Coimbatore,Tamil Nadu,Winter,Noyyal,Manufacturing,PM10,187.95,1.37,13946.5,57919.0,4828.0,8703633.0,Yes,Moderate,Acceptable,89.94,130.34,46.99,30.22,3.5,61.4,176.67
2023,Delhi,Delhi,Monsoon,Yamuna,Manufacturing,O3,199.18,1.47,17288.0,245328.0,1651.0,4132625.0,Yes,Poor,Acceptable,100.56,131.74,50.3,40.17,2.21,165.9,187.23
2023,Delhi,Delhi,Monsoon,Yamuna,Manufacturing,PM10,195.44,1.75,12979.0,245328.0,1651.0,4132625.0,Yes,Moderate,Acceptable,112.99,147.78,66.65,22.5,0.74,24.62,183.71
2023,Delhi,Delhi,Post-Monsoon,Yamuna,Manufacturing,PM10,209.01,1.17,36776.0,245328.0,1651.0,4132625.0,Yes,Poor,Acceptable,102.52,140.6,97.06,70.85,1.33,15.66,196.47
2023,Delhi,Delhi,Post-Monsoon,Yamuna,Manufacturing,PM2.5,271.66,1.54,40790.0,245328.0,1651.0,4132625.0,Yes,Poor,Acceptable,155.09,145.15,18.75,31.72,3.94,44.96,255.36
2023,Delhi,Delhi,Summer,Yamuna,Manufacturing,PM10,201.29,1.02,19743.0,245328.0,1651.0,4132625.0,Yes,Poor,Acceptable,98.73,122.14,66.59,34.74,2.4,74.48,189.21
2023,Delhi,Delhi,Winter,Yamuna,Manufacturing,PM10,247.78,1.1,27622.67,245328.0,1651.0,4132625.0,Yes,Poor,Acceptable,123.54,153.09,81.74,54.28,2.57,42.03,232.91
2023,Ernakulam,Kerala,Monsoon,Periyar,Shipping/Refinery,PM10,214.26,1.46,22979.25,94668.0,7512.0,948678.0,Yes,Poor,Acceptable,92.98,141.26,48.72,32.29,1.88,93.05,201.4
2023,Ernakulam,Kerala,Post-Monsoon,Periyar,Shipping/Refinery,PM10,241.05,1.68,36074.0,94668.0,7512.0,948678.0,Yes,Poor,Acceptable,128.46,167.03,45.94,51.33,1.76,55.68,226.59
2023,Ernakulam,Kerala,Summer,Periyar,Shipping/Refinery,PM10,209.16,1.17,23175.67,94668.0,7512.0,948678.0,Yes,Poor,Acceptable,109.05,134.96,61.76,47.49,3.15,114.6,196.61
2023,Ernakulam,Kerala,Winter,Periyar,Shipping/Refinery,PM10,263.62,1.16,31602.67,94668.0,7512.0,948678.0,Yes,Poor,Acceptable,125.65,174.85,52.64,50.03,1.8,86.08,247.8
2023,Gurugram,Haryana,Monsoon,Sahibi,Automobile,NO2,139.21,1.59,36303.0,30784.0,5247.0,4342474.0,Yes,Moderate,Acceptable,77.24,83.03,113.18,21.09,2.85,98.74,130.86
2023,Gurugram,Haryana,Monsoon,Sahibi,Automobile,PM10,139.96,1.33,30334.67,30784.0,5247.0,4342474.0,Yes,Moderate,Acceptable,65.93,94.14,69.9,54.76,2.88,63.94,131.56
2023,Gurugram,Haryana,Post-Monsoon,Sahibi,Automobile,NO2,135.43,1.63,50235.0,30784.0,5247.0,4342474.0,Yes,Moderate,Acceptable,75.87,77.32,115.48,20.32,3.38,70.61,127.3
2023,Gurugram,Haryana,Post-Monsoon,Sahibi,Automobile,PM10,188.63,1.38,14273.0,30784.0,5247.0,4342474.0,Yes,Moderate,Acceptable,87.58,118.03,99.0,58.24,2.26,84.59,177.31
2023,Gurugram,Haryana,Summer,Sahibi,Automobile,NO2,142.73,1.0,43157.0,30784.0,5247.0,4342474.0,Yes,Moderate,Good,55.38,96.17,101.55,49.4,3.18,50.4,134.17
2023,Gurugram,Haryana,Summer,Sahibi,Automobile,O3,141.8,0.76,5026.0,30784.0,5247.0,4342474.0,Yes,Moderate,Good,58.27,80.52,75.86,63.64,2.06,187.28,133.29
2023,Gurugram,Haryana,Winter,Sahibi,Automobile,NO2,184.51,1.81,32726.0,30784.0,5247.0,4342474.0,Yes,Moderate,Acceptable,85.47,102.94,117.19,55.65,1.8,58.59,173.44
2023,Gurugram,Haryana,Winter,Sahibi,Automobile,O3,138.64,1.52,15075.0,30784.0,5247.0,4342474.0,Yes,Moderate,Acceptable,60.89,102.74,32.01,32.33,3.1,123.42,130.32
2023,Gurugram,Haryana,Winter,Sahibi,Automobile,PM10,182.16,1.17,9314.0,30784.0,5247.0,4342474.0,Yes,Moderate,Acceptable,80.12,124.07,32.36,8.92,4.16,64.0,171.23
2023,Guwahati,Assam,Monsoon,Brahmaputra,Agro-Industry,PM10,206.04,1.33,24835.0,244772.0,3541.0,317796.0,Yes,Poor,Acceptable,96.22,129.64,60.99,67.14,1.85,80.32,193.68
2023,Guwahati,Assam,Post-Monsoon,Brahmaputra,Agro-Industry,PM10,237.65,0.64,32907.5,244772.0,3541.0,317796.0,Yes,Poor,Good,106.07,144.38,45.84,31.38,3.59,59.1,223.39
2023,Guwahati,Assam,Summer,Brahmaputra,Agro-Industry,O3,201.15,1.31,51508.0,244772.0,3541.0,317796.0,Yes,Poor,Acceptable,114.28,114.63,41.99,54.12,1.85,117.46,189.08
2023,Guwahati,Assam,Summer,Brahmaputra,Agro-Industry,PM10,204.18,0.88,20956.0,244772.0,3541.0,317796.0,Yes,Poor,Good,104.61,146.39,107.63,46.34,3.15,73.94,191.93
2023,Guwahati,Assam,Winter,Brahmaputra,Agro-Industry,PM10,236.37,1.45,41346.67,244772.0,3541.0,317796.0,Yes,Poor,Acceptable,120.07,150.54,58.79,61.87,3.59,105.74,222.19
2023,Hyderabad,Telangana,Monsoon,Musi,Manufacturing,O3,209.0,1.47,31138.0,144236.0,2724.0,12164717.0,Yes,Poor,Acceptable,101.74,113.79,76.88,10.91,3.13,167.3,196.46
2023,Hyderabad,Telangana,Monsoon,Musi,Manufacturing,PM10,205.88,1.45,31987.67,144236.0,2724.0,12164717.0,Yes,Poor,Acceptable,103.75,136.32,70.22,26.97,1.43,97.83,193.53
2023,Hyderabad,Telangana,Post-Monsoon,Musi,Manufacturing,PM10,233.98,1.11,42584.0,144236.0,2724.0,12164717.0,Yes,Poor,Acceptable,111.31,159.4,61.86,38.48,1.08,132.58,219.94
2023,Hyderabad,Telangana,Summer,Musi,Manufacturing,PM10,201.67,1.57,40595.0,144236.0,2724.0,12164717.0,Yes,Moderate,Acceptable,98.29,127.43,73.45,36.56,1.58,45.54,189.57
2023,Hyderabad,Telangana,Winter,Musi,Manufacturing,O3,191.28,1.72,19254.0,144236.0,2724.0,12164717.0,Yes,Moderate,Acceptable,111.21,153.12,51.54,53.44,4.14,184.9,179.8
2023,Hyderabad,Telangana,Winter,Musi,Manufacturing,PM10,257.97,1.4,20213.0,144236.0,2724.0,12164717.0,Yes,Poor,Acceptable,117.91,198.53,20.37,78.03,2.93,130.32,242.49
2023,Hyderabad,Telangana,Winter,Musi,Manufacturing,PM2.5,273.03,1.16,51378.0,144236.0,2724.0,12164717.0,Yes,Poor,Acceptable,164.56,163.44,104.87,53.68,4.41,39.09,256.65
2023,Jaipur,Rajasthan,Monsoon,Banas,Manufacturing,O3,157.12,1.54,27609.5,158743.0,11819.0,3540890.0,Yes,Moderate,Acceptable,75.63,100.27,77.9,72.19,3.84,144.08,147.69
2023,Jaipur,Rajasthan,Monsoon,Banas,Manufacturing,PM10,160.95,2.17,21941.0,158743.0,11819.0,3540890.0,Yes,Moderate,Polluted,84.2,87.8,36.8,34.25,1.01,41.1,151.29
2023,Jaipur,Rajasthan,Monsoon,Banas,Manufacturing,PM2.5,162.09,1.47,27191.0,158743.0,11819.0,3540890.0,Yes,Moderate,Acceptable,90.04,83.59,81.53,81.55,3.87,19.4,152.36
2023,Jaipur,Rajasthan,Post-Monsoon,Banas,Manufacturing,PM10,175.14,1.59,9523.0,158743.0,11819.0,3540890.0,Yes,Moderate,Good,97.84,120.62,85.21,30.24,3.56,30.44,164.63
2023,Jaipur,Rajasthan,Summer,Banas,Manufacturing,O3,153.06,1.33,43608.0,158743.0,11819.0,3540890.0,Yes,Moderate,Acceptable,85.94,105.02,49.7,79.08,4.19,123.28,143.88
2023,Jaipur,Rajasthan,Summer,Banas,Manufacturing,PM10,154.09,1.48,30172.5,158743.0,11819.0,3540890.0,Yes,Moderate,Acceptable,84.71,99.94,66.82,14.38,2.85,37.28,144.84
2023,Jaipur,Rajasthan,Winter,Banas,Manufacturing,O3,196.7,0.68,37588.0,158743.0,11819.0,3540890.0,Yes,Moderate,Good,123.52,142.16,13.8,17.26,2.06,171.67,184.9
2023,Jaipur,Rajasthan,Winter,Banas,Manufacturing,PM10,176.82,1.55,33743.0,158743.0,11819.0,3540890.0,Yes,Moderate,Acceptable,99.61,101.72,52.26,52.61,2.58,31.17,166.21
2023,Jorapokhar,Jharkhand,Monsoon,Damodar,Mining/Coal,O3,161.83,1.39,22055.67,77548.0,1149.0,102590.0,Yes,Moderate,Acceptable,78.44,105.17,80.28,41.0,3.55,167.36,152.12
2023,Jorapokhar,Jharkhand,Monsoon,Damodar,Mining/Coal,PM10,165.59,1.49,36181.0,77548.0,1149.0,102590.0,Yes,Moderate,Acceptable,84.63,106.3,42.01,7.01,0.61,39.05,155.65
2023,Jorapokhar,Jharkhand,Post-Monsoon,Damodar,Mining/Coal,PM10,192.06,0.88,22272.0,77548.0,1149.0,102590.0,Yes,Moderate,Good,101.47,115.44,34.33,35.75,3.55,76.04,180.54
2023,Jorapokhar,Jharkhand,Summer,Damodar,Mining/Coal,NO2,173.82,0.93,5174.0,77548.0,1149.0,102590.0,Yes,Moderate,Good,99.73,101.87,117.1,55.64,2.93,46.67,163.39
2023,Jorapokhar,Jharkhand,Summer,Damodar,Mining/Coal,O3,172.5,1.63,26446.0,77548.0,1149.0,102590.0,Yes,Moderate,Acceptable,86.56,98.32,88.39,25.44,2.2,147.48,162.15
2023,Jorapokhar,Jharkhand,Winter,Damodar,Mining/Coal,O3,224.11,0.77,12257.0,77548.0,1149.0,102590.0,Yes,Poor,Good,110.18,127.61,76.21,4.94,2.97,134.0,210.66
2023,Jorapokhar,Jharkhand,Winter,Damodar,Mining/Coal,PM10,190.76,1.16,39210.5,77548.0,1149.0,102590.0,Yes,Moderate,Acceptable,93.24,141.41,78.19,22.66,2.46,74.66,179.31
2023,Kochi,Kerala,Monsoon,Periyar,Shipping/Refinery,O3,244.69,1.35,23256.0,94668.0,7512.0,1146496.0,Yes,Poor,Acceptable,99.52,146.58,48.03,61.27,3.72,149.77,230.01
2023,Kochi,Kerala,Monsoon,Periyar,Shipping/Refinery,PM10,228.43,1.51,22887.0,94668.0,7512.0,1146496.0,Yes,Poor,Acceptable,102.95,163.94,55.19,26.75,1.58,87.09,214.72
2023,Kochi,Kerala,Post-Monsoon,Periyar,Shipping/Refinery,PM10,279.54,1.66,36074.0,94668.0,7512.0,1146496.0,Yes,Poor,Acceptable,139.84,194.4,47.04,55.74,2.03,62.97,262.77
2023,Kochi,Kerala,Summer,Periyar,Shipping/Refinery,PM10,232.07,1.15,23175.67,94668.0,7512.0,1146496.0,Yes,Poor,Acceptable,118.98,154.18,70.92,52.68,3.43,124.32,218.15
2023,Kochi,Kerala,Winter,Periyar,Shipping/Refinery,PM10,280.88,1.2,31602.67,94668.0,7512.0,1146496.0,Yes,Very Poor,Acceptable,138.31,186.12,60.87,55.67,1.99,93.46,264.03
2023,Kolkata,West Bengal,Monsoon,Hooghly,Manufacturing,O3,241.96,1.13,36750.5,54203.0,6788.0,19165880.0,Yes,Poor,Acceptable,103.24,144.19,68.94,67.26,2.62,156.62,227.44
2023,Kolkata,West Bengal,Monsoon,Hooghly,Manufacturing,PM10,238.8,1.43,16585.5,54203.0,6788.0,19165880.0,Yes,Poor,Acceptable,129.56,143.74,92.72,72.0,3.12,102.01,224.47
2023,Kolkata,West Bengal,Post-Monsoon,Hooghly,Manufacturing,PM10,263.77,0.94,8284.0,54203.0,6788.0,19165880.0,Yes,Poor,Good,120.01,153.87,27.52,25.89,3.9,50.61,247.94
2023,Kolkata,West Bengal,Summer,Hooghly,Manufacturing,PM10,227.92,1.56,18299.33,54203.0,6788.0,19165880.0,Yes,Poor,Acceptable,124.06,160.16,71.05,48.22,2.61,86.67,214.24
2023,Kolkata,West Bengal,Winter,Hooghly,Manufacturing,PM10,281.23,1.03,32393.33,54203.0,6788.0,19165880.0,Yes,Very Poor,Acceptable,149.94,174.84,51.51,30.13,2.14,104.81,264.36
2023,Lucknow,Uttar Pradesh,Monsoon,Gomti,Agro-Industry,O3,224.99,1.11,5215.0,270304.0,6093.0,1516337.0,Yes,Poor,Acceptable,131.93,135.85,81.69,71.34,4.13,174.69,211.49
2023,Lucknow,Uttar Pradesh,Monsoon,Gomti,Agro-Industry,PM10,225.7,1.45,38181.33,270304.0,6093.0,1516337.0,Yes,Poor,Acceptable,116.42,147.66,42.69,33.93,2.0,103.23,212.16
2023,Lucknow,Uttar Pradesh,Post-Monsoon,Gomti,Agro-Industry,PM10,250.86,1.28,22854.0,270304.0,6093.0,1516337.0,Yes,Poor,Acceptable,121.5,172.74,83.34,55.89,2.98,125.02,235.81
2023,Lucknow,Uttar Pradesh,Summer,Gomti,Agro-Industry,PM10,225.1,1.34,24692.0,270304.0,6093.0,1516337.0,Yes,Poor,Acceptable,117.72,147.67,69.09,45.11,3.27,82.09,211.59
2023,Lucknow,Uttar Pradesh,Winter,Gomti,Agro-Industry,O3,257.38,1.08,31447.0,270304.0,6093.0,1516337.0,Yes,Poor,Acceptable,148.41,170.78,56.6,36.36,2.94,174.15,241.94
2023,Lucknow,Uttar Pradesh,Winter,Gomti,Agro-Industry,PM10,288.37,1.7,18268.0,270304.0,6093.0,1516337.0,Yes,Poor,Acceptable,141.22,170.08,98.33,36.3,2.67,98.7,271.07
2023,Mumbai,Maharashtra,Monsoon,Ulhas,Manufacturing,O3,142.33,1.35,12140.67,119669.0,9152.0,32537685.0,Yes,Moderate,Acceptable,75.51,97.51,78.28,43.39,2.81,126.93,133.79
2023,Mumbai,Maharashtra,Monsoon,Ulhas,Manufacturing,PM10,137.28,1.36,28708.0,119669.0,9152.0,32537685.0,Yes,Moderate,Acceptable,57.02,101.31,61.99,65.03,1.9,39.33,129.04
2023,Mumbai,Maharashtra,Post-Monsoon,Ulhas,Manufacturing,PM10,135.74,1.68,9571.0,119669.0,9152.0,32537685.0,Yes,Moderate,Acceptable,55.94,107.73,83.54,52.93,1.44,51.4,127.6
2023,Mumbai,Maharashtra,Post-Monsoon,Ulhas,Manufacturing,PM2.5,174.65,1.21,50003.0,119669.0,9152.0,32537685.0,Yes,Moderate,Acceptable,110.81,110.14,50.45,30.45,2.35,85.86,164.17
2023,Mumbai,Maharashtra,Summer,Ulhas,Manufacturing,O3,146.32,1.3,37897.5,119669.0,9152.0,32537685.0,Yes,Moderate,Good,69.0,87.19,22.41,39.8,2.39,124.74,137.54
2023,Mumbai,Maharashtra,Summer,Ulhas,Manufacturing,PM10,136.64,1.41,49725.0,119669.0,9152.0,32537685.0,Yes,Moderate,Acceptable,66.97,86.56,32.64,61.9,4.16,74.17,128.44
2023,Mumbai,Maharashtra,Winter,Ulhas,Manufacturing,PM10,169.8,1.38,35272.0,119669.0,9152.0,32537685.0,Yes,Moderate,Acceptable,88.58,115.28,62.84,44.88,2.02,45.22,159.61
2023,Patna,Bihar,Monsoon,Ganga,Agro-Industry,O3,155.5,0.86,14932.5,172366.0,1000.0,644111.0,Yes,Moderate,Acceptable,72.36,102.3,88.28,60.7,4.24,152.15,146.17
2023,Patna,Bihar,Monsoon,Ganga,Agro-Industry,PM10,143.96,1.4,43476.0,172366.0,1000.0,644111.0,Yes,Moderate,Acceptable,65.34,105.7,58.86,51.77,0.51,96.33,135.32
2023,Patna,Bihar,Post-Monsoon,Ganga,Agro-Industry,NO2,149.93,1.76,13179.0,172366.0,1000.0,644111.0,Yes,Moderate,Acceptable,84.99,88.47,110.66,31.06,1.22,65.51,140.93
2023,Patna,Bihar,Post-Monsoon,Ganga,Agro-Industry,PM10,188.76,1.97,30509.0,172366.0,1000.0,644111.0,Yes,Moderate,Acceptable,85.74,105.57,82.53,46.15,3.1,69.97,177.43
2023,Patna,Bihar,Summer,Ganga,Agro-Industry,PM10,145.3,1.38,30446.5,172366.0,1000.0,644111.0,Yes,Moderate,Acceptable,82.25,103.5,82.73,53.11,2.17,39.91,136.58
2023,Patna,Bihar,Summer,Ganga,Agro-Industry,PM2.5,150.53,1.52,13027.0,172366.0,1000.0,644111.0,Yes,Moderate,Acceptable,83.18,82.9,26.55,69.77,0.66,38.71,141.5
2023,Patna,Bihar,Winter,Ganga,Agro-Industry,PM10,175.2,0.87,36017.67,172366.0,1000.0,644111.0,Yes,Moderate,Good,85.74,121.79,26.61,51.64,1.26,89.11,164.69
2023,Shillong,Meghalaya,Monsoon,Umiam,Handicrafts,O3,90.73,1.49,6897.0,244772.0,3541.0,188761.0,Yes,Satisfactory,Acceptable,53.58,73.48,40.16,39.18,0.21,79.8,85.29
2023,Shillong,Meghalaya,Monsoon,Umiam,Handicrafts,PM10,98.04,1.04,39771.0,244772.0,3541.0,188761.0,Yes,Satisfactory,Acceptable,49.26,65.99,21.43,33.53,0.93,29.0,92.16
2023,Shillong,Meghalaya,Monsoon,Umiam,Handicrafts,PM2.5,106.09,1.76,12901.0,244772.0,3541.0,188761.0,Yes,Moderate,Acceptable,53.44,53.43,35.81,29.68,1.86,31.84,99.72
2023,Shillong,Meghalaya,Post-Monsoon,Umiam,Handicrafts,PM10,115.29,0.64,32907.5,244772.0,3541.0,188761.0,Yes,Moderate,Good,53.76,65.76,24.31,15.66,1.85,31.12,108.37
2023,Shillong,Meghalaya,Summer,Umiam,Handicrafts,PM10,100.56,0.9,20956.0,244772.0,3541.0,188761.0,Yes,Satisfactory,Good,54.62,75.04,49.23,22.18,1.56,38.22,94.53
2023,Shillong,Meghalaya,Summer,Umiam,Handicrafts,PM2.5,105.47,1.24,51508.0,244772.0,3541.0,188761.0,Yes,Moderate,Acceptable,62.49,58.42,20.8,28.53,0.96,61.19,99.14
2023,Shillong,Meghalaya,Winter,Umiam,Handicrafts,PM10,121.95,1.44,41346.67,244772.0,3541.0,188761.0,Yes,Moderate,Acceptable,63.11,78.47,29.74,30.23,1.86,53.95,114.63
2023,Talcher,Odisha,Monsoon,Brahmani,Thermal Power,O3,197.43,0.96,16638.5,80204.0,10227.0,276625.0,Yes,Poor,Acceptable,104.44,139.82,83.55,50.58,3.68,169.16,185.58
2023,Talcher,Odisha,Monsoon,Brahmani,Thermal Power,PM10,191.18,0.9,12564.5,80204.0,10227.0,276625.0,Yes,Moderate,Good,100.78,116.66,85.44,46.98,1.73,67.68,179.71
2023,Talcher,Odisha,Post-Monsoon,Brahmani,Thermal Power,O3,221.21,1.49,16647.5,80204.0,10227.0,276625.0,Yes,Moderate,Acceptable,125.9,137.62,96.58,53.86,2.72,169.4,207.94
2023,Talcher,Odisha,Summer,Brahmani,Thermal Power,O3,196.27,0.76,30488.5,80204.0,10227.0,276625.0,Yes,Moderate,Good,88.96,119.48,17.67,47.82,4.44,146.77,184.49
2023,Talcher,Odisha,Summer,Brahmani,Thermal Power,PM10,193.35,1.43,30327.0,80204.0,10227.0,276625.0,Yes,Moderate,Acceptable,101.96,116.83,102.79,69.07,2.24,34.38,181.75
2023,Talcher,Odisha,Winter,Brahmani,Thermal Power,O3,261.35,1.03,28671.0,80204.0,10227.0,276625.0,Yes,Poor,Acceptable,110.07,170.58,55.21,22.85,1.17,185.7,245.67
2023,Talcher,Odisha,Winter,Brahmani,Thermal Power,PM10,219.38,1.32,28305.5,80204.0,10227.0,276625.0,Yes,Poor,Acceptable,107.45,146.0,41.33,44.42,3.01,116.06,206.22
2023,Thiruvananthapuram,Kerala,Monsoon,Karamana,IT/Electronics,NO2,135.14,0.9,16159.0,216423.0,12818.0,1333407.0,Yes,Moderate,Good,74.68,82.58,95.9,68.89,1.0,32.18,127.03
2023,Thiruvananthapuram,Kerala,Monsoon,Karamana,IT/Electronics,O3,148.3,0.94,23181.5,216423.0,12818.0,1333407.0,Yes,Moderate,Good,80.32,92.92,67.64,34.46,2.96,149.0,139.4
2023,Thiruvananthapuram,Kerala,Monsoon,Karamana,IT/Electronics,PM10,139.04,1.03,21907.0,216423.0,12818.0,1333407.0,Yes,Moderate,Acceptable,64.87,83.08,10.27,60.52,0.83,59.48,130.7
2023,Thiruvananthapuram,Kerala,Post-Monsoon,Karamana,IT/Electronics,O3,166.7,1.35,31618.0,216423.0,12818.0,1333407.0,Yes,Moderate,Acceptable,89.84,98.87,85.44,33.78,1.64,167.6,156.7
2023,Thiruvananthapuram,Kerala,Summer,Karamana,IT/Electronics,O3,138.1,2.36,44984.0,216423.0,12818.0,1333407.0,Yes,Moderate,Polluted,72.87,103.41,13.64,59.09,3.11,111.75,129.81
2023,Thiruvananthapuram,Kerala,Summer,Karamana,IT/Electronics,PM10,147.65,1.47,35894.5,216423.0,12818.0,1333407.0,Yes,Moderate,Acceptable,69.09,97.6,53.7,66.96,2.15,22.94,138.79
2023,Thiruvananthapuram,Kerala,Winter,Karamana,IT/Electronics,PM10,175.81,0.95,35425.33,216423.0,12818.0,1333407.0,Yes,Poor,Good,86.31,121.17,65.91,30.35,2.68,53.34,165.26
2023,Visakhapatnam,Andhra Pradesh,Monsoon,Gosthani,Mining,O3,198.65,1.5,31138.0,144236.0,2724.0,250613.0,Yes,Moderate,Acceptable,100.78,108.6,72.93,10.43,3.06,157.8,186.73
2023,Visakhapatnam,Andhra Pradesh,Monsoon,Gosthani,Mining,PM10,196.38,1.36,34918.5,144236.0,2724.0,250613.0,Yes,Moderate,Acceptable,97.72,136.95,76.15,19.61,1.66,118.5,184.6
2023,Visakhapatnam,Andhra Pradesh,Monsoon,Gosthani,Mining,PM2.5,198.21,1.59,26126.0,144236.0,2724.0,250613.0,Yes,Moderate,Acceptable,112.57,108.57,39.85,35.44,0.67,40.47,186.32
2023,Visakhapatnam,Andhra Pradesh,Post-Monsoon,Gosthani,Mining,PM10,224.56,1.12,42584.0,144236.0,2724.0,250613.0,Yes,Moderate,Acceptable,103.58,144.53,58.02,37.9,1.02,129.16,211.09
2023,Visakhapatnam,Andhra Pradesh,Summer,Gosthani,Mining,PM10,193.0,1.56,40595.0,144236.0,2724.0,250613.0,Yes,Moderate,Acceptable,98.62,121.75,69.76,36.85,1.49,44.35,181.42
2023,Visakhapatnam,Andhra Pradesh,Winter,Gosthani,Mining,O3,199.31,1.69,19254.0,144236.0,2724.0,250613.0,Yes,Moderate,Acceptable,111.05,141.46,45.52,52.91,3.81,175.69,187.35
2023,Visakhapatnam,Andhra Pradesh,Winter,Gosthani,Mining,PM10,246.29,1.32,35795.5,144236.0,2724.0,250613.0,Yes,Poor,Acceptable,128.98,175.21,60.52,63.07,3.4,82.68,231.51
2024,Ahmedabad,Gujarat,Monsoon,Sabarmati,Chemical,NO2,162.95,1.41,23853.0,170289.0,3949.0,9458256.0,Yes,Moderate,Acceptable,72.09,102.45,106.91,47.12,3.4,57.32,153.17
2024,Ahmedabad,Gujarat,Monsoon,Sabarmati,Chemical,O3,161.31,0.45,7005.0,170289.0,3949.0,9458256.0,Yes,Moderate,Good,79.93,103.21,89.49,35.98,3.31,165.59,151.63
2024,Ahmedabad,Gujarat,Monsoon,Sabarmati,Chemical,PM10,164.64,1.15,15195.0,170289.0,3949.0,9458256.0,Yes,Moderate,Good,80.6,113.83,53.22,45.14,1.19,35.43,154.76
2024,Ahmedabad,Gujarat,Post-Monsoon,Sabarmati,Chemical,O3,174.61,1.22,36914.0,170289.0,3949.0,9458256.0,Yes,Moderate,Acceptable,86.4,118.58,19.17,11.65,2.85,166.16,164.13
2024,Ahmedabad,Gujarat,Post-Monsoon,Sabarmati,Chemical,PM10,214.88,0.83,43415.0,170289.0,3949.0,9458256.0,Yes,Poor,Good,112.75,139.77,35.5,42.72,1.8,20.59,201.99
2024,Ahmedabad,Gujarat,Summer,Sabarmati,Chemical,O3,166.14,1.37,19287.5,170289.0,3949.0,9458256.0,Yes,Moderate,Acceptable,91.1,118.7,85.21,23.4,3.2,163.52,156.17
2024,Ahmedabad,Gujarat,Summer,Sabarmati,Chemical,PM10,162.5,1.39,18123.0,170289.0,3949.0,9458256.0,Yes,Moderate,Acceptable,95.16,116.83,56.88,77.11,2.57,17.87,152.75
2024,Ahmedabad,Gujarat,Winter,Sabarmati,Chemical,O3,167.48,0.98,21218.0,170289.0,3949.0,9458256.0,Yes,Moderate,Good,80.24,110.34,74.88,15.08,4.49,170.17,157.43
2024,Ahmedabad,Gujarat,Winter,Sabarmati,Chemical,PM10,214.3,1.37,29361.5,170289.0,3949.0,9458256.0,Yes,Poor,Acceptable,120.16,142.64,30.32,56.95,2.74,59.04,201.44
2024,Aizawl,Mizoram,Monsoon,Tlawng,Handicrafts,O3,89.53,1.45,20845.0,241701.0,3487.0,118135.0,Yes,Satisfactory,Acceptable,48.58,56.83,49.14,25.42,1.66,64.27,84.16
2024,Aizawl,Mizoram,Monsoon,Tlawng,Handicrafts,PM10,95.0,1.69,18314.5,241701.0,3487.0,118135.0,Yes,Satisfactory,Acceptable,37.54,65.34,40.11,18.23,1.19,27.8,89.3
2024,Aizawl,Mizoram,Monsoon,Tlawng,Handicrafts,PM2.5,108.36,0.94,47459.0,241701.0,3487.0,118135.0,Yes,Moderate,Good,60.23,59.57,53.17,19.67,2.2,12.83,101.86
2024,Aizawl,Mizoram,Post-Monsoon,Tlawng,Handicrafts,O3,95.45,0.44,26993.0,241701.0,3487.0,118135.0,Yes,Satisfactory,Good,42.34,56.97,40.11,16.36,0.25,69.63,89.72
2024,Aizawl,Mizoram,Post-Monsoon,Tlawng,Handicrafts,PM10,110.57,1.01,41254.0,241701.0,3487.0,118135.0,Yes,Moderate,Acceptable,57.74,71.25,20.93,2.65,0.33,9.62,103.94
2024,Aizawl,Mizoram,Summer,Tlawng,Handicrafts,O3,92.37,1.09,38703.0,241701.0,3487.0,118135.0,Yes,Satisfactory,Acceptable,40.9,52.55,42.77,18.6,0.29,90.37,86.83
2024,Aizawl,Mizoram,Summer,Tlawng,Handicrafts,PM10,91.16,1.14,13585.0,241701.0,3487.0,118135.0,Yes,Satisfactory,Acceptable,38.92,58.89,11.83,22.14,0.76,30.4,85.69
2024,Aizawl,Mizoram,Winter,Tlawng,Handicrafts,NO2,83.47,1.45,19816.0,241701.0,3487.0,118135.0,Yes,Satisfactory,Acceptable,36.33,48.7,49.13,31.03,0.94,6.14,78.46
2024,Aizawl,Mizoram,Winter,Tlawng,Handicrafts,PM10,118.65,0.83,42142.0,241701.0,3487.0,118135.0,Yes,Moderate,Good,55.1,83.38,21.89,9.38,1.21,8.69,111.53
2024,Aizawl,Mizoram,Winter,Tlawng,Handicrafts,PM2.5,121.46,1.27,29986.0,241701.0,3487.0,118135.0,Yes,Moderate,Acceptable,70.33,68.11,44.59,16.52,1.36,26.16,114.17
2024,Amaravati,Andhra Pradesh,Monsoon,Krishna,Agro-processing,PM10,170.66,1.44,22649.25,136728.0,2592.0,539442.0,Yes,Moderate,Acceptable,86.58,112.99,54.44,36.43,1.88,64.08,160.42
2024,Amaravati,Andhra Pradesh,Post-Monsoon,Krishna,Agro-processing,O3,212.96,0.7,22115.0,136728.0,2592.0,539442.0,Yes,Poor,Good,91.19,122.85,56.43,30.35,0.32,147.63,200.18
2024,Amaravati,Andhra Pradesh,Post-Monsoon,Krishna,Agro-processing,PM10,172.51,0.88,16897.0,136728.0,2592.0,539442.0,Yes,Moderate,Good,80.16,104.28,57.77,25.91,1.91,53.73,162.16
2024,Amaravati,Andhra Pradesh,Summer,Krishna,Agro-processing,PM10,169.57,0.8,33033.67,136728.0,2592.0,539442.0,Yes,Moderate,Acceptable,71.46,107.76,59.44,13.95,2.4,51.14,159.4
2024,Amaravati,Andhra Pradesh,Winter,Krishna,Agro-processing,PM10,197.36,1.22,12273.0,136728.0,2592.0,539442.0,Yes,Poor,Acceptable,86.06,120.24,89.86,39.29,1.36,57.64,185.52
2024,Amaravati,Andhra Pradesh,Winter,Krishna,Agro-processing,PM2.5,222.05,1.02,10673.0,136728.0,2592.0,539442.0,Yes,Poor,Acceptable,130.28,118.02,69.94,15.48,3.56,48.48,208.73
2024,Amritsar,Punjab,Monsoon,Beas,Agro-Industry,NO2,150.32,2.14,37175.0,269313.0,3541.0,1300676.0,Yes,Moderate,Polluted,63.75,96.1,113.44,20.12,0.52,25.98,141.3
2024,Amritsar,Punjab,Monsoon,Beas,Agro-Industry,O3,153.0,1.4,33456.5,269313.0,3541.0,1300676.0,Yes,Moderate,Acceptable,83.16,94.4,70.08,63.96,1.17,161.29,143.82
2024,Amritsar,Punjab,Monsoon,Beas,Agro-Industry,PM10,149.02,0.95,32093.0,269313.0,3541.0,1300676.0,Yes,Moderate,Good,76.51,90.63,34.78,59.69,3.54,51.56,140.08
2024,Amritsar,Punjab,Post-Monsoon,Beas,Agro-Industry,O3,151.28,1.71,40342.0,269313.0,3541.0,1300676.0,Yes,Moderate,Acceptable,87.87,88.62,79.15,59.52,2.23,108.7,142.2
2024,Amritsar,Punjab,Post-Monsoon,Beas,Agro-Industry,PM10,201.35,1.04,32964.0,269313.0,3541.0,1300676.0,Yes,Poor,Acceptable,91.74,120.3,68.14,42.04,2.63,32.47,189.27
2024,Amritsar,Punjab,Summer,Beas,Agro-Industry,NO2,159.19,0.78,40175.0,269313.0,3541.0,1300676.0,Yes,Moderate,Good,61.02,100.94,103.24,82.98,4.26,42.3,149.64
2024,Amritsar,Punjab,Summer,Beas,Agro-Industry,O3,153.4,1.23,21139.0,269313.0,3541.0,1300676.0,Yes,Moderate,Acceptable,60.19,100.38,30.0,45.4,1.04,157.44,144.2
2024,Amritsar,Punjab,Summer,Beas,Agro-Industry,PM10,151.86,1.34,18971.0,269313.0,3541.0,1300676.0,Yes,Moderate,Acceptable,78.25,108.58,45.24,51.69,4.2,78.1,142.75
2024,Amritsar,Punjab,Winter,Beas,Agro-Industry,O3,174.16,1.58,19893.0,269313.0,3541.0,1300676.0,Yes,Moderate,Acceptable,84.09,101.52,65.98,54.95,3.49,129.49,163.71
2024,Amritsar,Punjab,Winter,Beas,Agro-Industry,PM10,204.76,0.62,52650.0,269313.0,3541.0,1300676.0,Yes,Poor,Good,105.18,142.5,91.83,66.73,1.93,98.05,192.47
2024,Bengaluru,Karnataka,Monsoon,Arkavathi,Agro-Industry,NO2,121.35,0.89,7150.0,129177.0,12847.0,4472945.0,Yes,Moderate,Good,60.42,69.0,83.42,51.54,3.48,25.23,114.07
2024,Bengaluru,Karnataka,Monsoon,Arkavathi,Agro-Industry,O3,119.74,1.28,21287.33,129177.0,12847.0,4472945.0,Yes,Moderate,Acceptable,54.73,77.16,88.89,57.26,1.31,153.74,112.56
2024,Bengaluru,Karnataka,Post-Monsoon,Arkavathi,Agro-Industry,NO2,162.74,1.2,32698.0,129177.0,12847.0,4472945.0,Yes,Moderate,Acceptable,72.94,89.66,91.22,62.81,0.73,16.51,152.98
2024,Bengaluru,Karnataka,Post-Monsoon,Arkavathi,Agro-Industry,O3,120.4,1.2,31503.0,129177.0,12847.0,4472945.0,Yes,Moderate,Acceptable,63.83,84.91,29.15,12.1,3.14,125.29,113.18
2024,Bengaluru,Karnataka,Summer,Arkavathi,Agro-Industry,NO2,121.16,1.0,4992.0,129177.0,12847.0,4472945.0,Yes,Moderate,Acceptable,55.11,76.28,106.34,44.75,2.76,40.43,113.89
2024,Bengaluru,Karnataka,Summer,Arkavathi,Agro-Industry,O3,119.36,1.7,26069.5,129177.0,12847.0,4472945.0,Yes,Moderate,Acceptable,51.04,78.43,45.86,29.71,0.99,80.76,112.2
2024,Bengaluru,Karnataka,Winter,Arkavathi,Agro-Industry,NO2,150.7,1.52,48870.0,129177.0,12847.0,4472945.0,Yes,Moderate,Acceptable,82.91,102.61,104.04,22.79,1.46,31.25,141.66
2024,Bengaluru,Karnataka,Winter,Arkavathi,Agro-Industry,O3,141.06,1.52,36634.5,129177.0,12847.0,4472945.0,Yes,Moderate,Acceptable,68.54,81.4,31.61,25.21,1.17,140.14,132.6
2024,Bhopal,Madhya Pradesh,Monsoon,Betwa,Manufacturing,NO2,139.33,0.98,10608.0,43856.0,11685.0,672646.0,Yes,Moderate,Good,70.83,81.46,104.69,7.41,1.52,55.36,130.97
2024,Bhopal,Madhya Pradesh,Monsoon,Betwa,Manufacturing,O3,141.41,1.74,44140.0,43856.0,11685.0,672646.0,Yes,Moderate,Acceptable,66.84,90.51,68.44,68.71,0.5,166.72,132.93
2024,Bhopal,Madhya Pradesh,Monsoon,Betwa,Manufacturing,PM10,143.15,1.41,28521.0,43856.0,11685.0,672646.0,Yes,Moderate,Acceptable,62.77,89.91,72.87,78.28,2.09,22.12,134.56
2024,Bhopal,Madhya Pradesh,Monsoon,Betwa,Manufacturing,PM2.5,142.92,1.58,17745.0,43856.0,11685.0,672646.0,Yes,Moderate,Acceptable,79.27,77.71,71.91,6.31,2.03,20.76,134.34
2024,Bhopal,Madhya Pradesh,Post-Monsoon,Betwa,Manufacturing,O3,141.6,0.85,15541.0,43856.0,11685.0,672646.0,Yes,Moderate,Good,82.28,86.37,29.11,82.05,3.19,135.12,133.1
2024,Bhopal,Madhya Pradesh,Post-Monsoon,Betwa,Manufacturing,PM10,186.6,1.31,30003.0,43856.0,11685.0,672646.0,Yes,Moderate,Acceptable,98.04,122.22,86.02,23.65,0.32,10.99,175.4
2024,Bhopal,Madhya Pradesh,Summer,Betwa,Manufacturing,O3,135.79,1.69,46011.0,43856.0,11685.0,672646.0,Yes,Moderate,Acceptable,60.04,100.17,61.88,63.95,1.69,157.97,127.64
2024,Bhopal,Madhya Pradesh,Summer,Betwa,Manufacturing,PM10,143.85,0.88,12986.5,43856.0,11685.0,672646.0,Yes,Moderate,Acceptable,73.96,92.46,42.0,40.66,1.7,84.58,135.22
2024,Bhopal,Madhya Pradesh,Winter,Betwa,Manufacturing,O3,165.52,0.81,21246.0,43856.0,11685.0,672646.0,Yes,Moderate,Good,75.04,108.67,65.47,56.6,2.77,112.23,155.59
2024,Bhopal,Madhya Pradesh,Winter,Betwa,Manufacturing,PM10,181.46,0.65,46608.0,43856.0,11685.0,672646.0,Yes,Moderate,Good,83.45,110.75,84.15,48.78,0.99,109.42,170.57
2024,Brajrajnagar,Odisha,Monsoon,Ib,Coal/Power,NO2,126.77,1.34,3939.0,256081.0,8154.0,113984.0,Yes,Moderate,Acceptable,63.99,73.51,126.9,74.22,3.34,67.73,119.16
2024,Brajrajnagar,Odisha,Monsoon,Ib,Coal/Power,O3,133.84,1.58,20576.0,256081.0,8154.0,113984.0,Yes,Moderate,Acceptable,61.14,84.42,28.85,73.53,2.74,136.8,125.81
2024,Brajrajnagar,Odisha,Monsoon,Ib,Coal/Power,PM10,128.55,1.12,27153.0,256081.0,8154.0,113984.0,Yes,Moderate,Acceptable,59.29,82.86,13.15,11.44,3.8,23.95,120.84
2024,Brajrajnagar,Odisha,Post-Monsoon,Ib,Coal/Power,O3,161.21,2.03,26935.0,256081.0,8154.0,113984.0,Yes,Moderate,Polluted,65.19,95.29,42.16,22.4,1.39,152.6,151.54
2024,Brajrajnagar,Odisha,Post-Monsoon,Ib,Coal/Power,PM10,129.76,1.46,35212.0,256081.0,8154.0,113984.0,Yes,Moderate,Acceptable,55.49,92.5,75.94,30.1,4.04,71.2,121.97
2024,Brajrajnagar,Odisha,Summer,Ib,Coal/Power,O3,128.32,1.15,22183.67,256081.0,8154.0,113984.0,Yes,Moderate,Good,58.22,75.81,47.08,70.25,2.76,114.85,120.62
2024,Brajrajnagar,Odisha,Winter,Ib,Coal/Power,NO2,167.65,1.56,49175.0,256081.0,8154.0,113984.0,Yes,Moderate,Acceptable,94.15,101.27,140.1,16.57,1.04,118.04,157.59
2024,Brajrajnagar,Odisha,Winter,Ib,Coal/Power,O3,151.61,1.34,26282.0,256081.0,8154.0,113984.0,Yes,Moderate,Acceptable,70.73,91.59,57.42,15.9,1.46,145.62,142.51
2024,Chandigarh,Chandigarh,Monsoon,Sukhna,Manufacturing,NO2,121.77,2.13,37175.0,269313.0,3541.0,1853396.0,Yes,Moderate,Polluted,50.37,76.84,89.26,17.0,0.45,20.06,114.46
2024,Chandigarh,Chandigarh,Monsoon,Sukhna,Manufacturing,O3,122.88,1.38,33456.5,269313.0,3541.0,1853396.0,Yes,Moderate,Acceptable,65.56,72.96,56.5,51.9,0.92,133.92,115.51
2024,Chandigarh,Chandigarh,Monsoon,Sukhna,Manufacturing,PM10,123.52,0.97,32093.0,269313.0,3541.0,1853396.0,Yes,Moderate,Good,60.17,76.84,29.15,45.51,2.84,38.66,116.11
2024,Chandigarh,Chandigarh,Post-Monsoon,Sukhna,Manufacturing,O3,115.99,1.71,40342.0,269313.0,3541.0,1853396.0,Yes,Moderate,Acceptable,74.55,74.48,72.36,49.37,1.81,74.92,109.03
2024,Chandigarh,Chandigarh,Post-Monsoon,Sukhna,Manufacturing,PM10,153.87,1.04,32964.0,269313.0,3541.0,1853396.0,Yes,Moderate,Acceptable,77.84,103.87,52.17,34.02,2.0,26.63,144.64
2024,Chandigarh,Chandigarh,Summer,Sukhna,Manufacturing,O3,119.38,1.24,21139.0,269313.0,3541.0,1853396.0,Yes,Moderate,Acceptable,49.2,81.96,25.49,38.04,0.91,118.63,112.22
2024,Chandigarh,Chandigarh,Summer,Sukhna,Manufacturing,PM10,120.76,1.08,29573.0,269313.0,3541.0,1853396.0,Yes,Moderate,Acceptable,54.52,87.5,57.2,51.04,3.37,45.86,113.51
2024,Chandigarh,Chandigarh,Winter,Sukhna,Manufacturing,O3,139.01,1.53,19893.0,269313.0,3541.0,1853396.0,Yes,Moderate,Acceptable,70.26,80.28,53.09,43.03,2.8,98.26,130.67
2024,Chandigarh,Chandigarh,Winter,Sukhna,Manufacturing,PM10,154.07,0.58,52650.0,269313.0,3541.0,1853396.0,Yes,Moderate,Good,81.04,111.62,76.46,54.58,1.64,74.2,144.83
2024,Chennai,Tamil Nadu,Monsoon,Cooum,Manufacturing,O3,150.38,1.74,31028.5,64621.0,7309.0,28768332.0,Yes,Moderate,Acceptable,83.62,98.81,90.87,28.59,2.9,140.83,141.36
2024,Chennai,Tamil Nadu,Monsoon,Cooum,Manufacturing,PM10,161.6,1.3,21896.0,64621.0,7309.0,28768332.0,Yes,Moderate,Acceptable,79.21,94.05,61.71,17.57,1.27,45.26,151.9
2024,Chennai,Tamil Nadu,Monsoon,Cooum,Manufacturing,PM2.5,161.81,0.89,10661.0,64621.0,7309.0,28768332.0,Yes,Moderate,Good,94.34,83.18,48.35,39.8,1.65,63.92,152.1
2024,Chennai,Tamil Nadu,Post-Monsoon,Cooum,Manufacturing,PM10,180.12,1.36,33645.5,64621.0,7309.0,28768332.0,Yes,Moderate,Acceptable,89.51,119.54,107.88,50.12,0.7,19.57,169.31
2024,Chennai,Tamil Nadu,Summer,Cooum,Manufacturing,NO2,155.71,1.31,36133.0,64621.0,7309.0,28768332.0,Yes,Moderate,Acceptable,95.63,99.43,99.61,80.6,3.81,65.7,146.37
2024,Chennai,Tamil Nadu,Summer,Cooum,Manufacturing,O3,154.64,1.27,27475.5,64621.0,7309.0,28768332.0,Yes,Moderate,Good,76.06,101.52,24.16,36.25,2.55,141.36,145.36
2024,Chennai,Tamil Nadu,Winter,Cooum,Manufacturing,PM10,186.45,1.16,30904.0,64621.0,7309.0,28768332.0,Yes,Poor,Acceptable,89.32,115.22,42.05,56.14,1.34,49.81,175.26
2024,Coimbatore,Tamil Nadu,Monsoon,Noyyal,Manufacturing,NO2,142.68,1.52,29624.0,55020.0,4777.0,9225851.0,Yes,Moderate,Acceptable,68.74,83.66,95.52,69.11,1.82,39.12,134.12
2024,Coimbatore,Tamil Nadu,Monsoon,Noyyal,Manufacturing,O3,138.74,1.14,16629.0,55020.0,4777.0,9225851.0,Yes,Moderate,Acceptable,67.85,87.36,55.6,43.44,2.6,142.09,130.42
2024,Coimbatore,Tamil Nadu,Monsoon,Noyyal,Manufacturing,PM10,138.46,0.73,4979.0,55020.0,4777.0,9225851.0,Yes,Moderate,Good,69.89,99.42,93.63,16.83,0.44,88.16,130.15
2024,Coimbatore,Tamil Nadu,Post-Monsoon,Noyyal,Manufacturing,O3,140.01,1.76,43568.0,55020.0,4777.0,9225851.0,Yes,Moderate,Acceptable,72.1,79.3,95.44,29.43,0.61,181.65,131.61
2024,Coimbatore,Tamil Nadu,Post-Monsoon,Noyyal,Manufacturing,PM10,184.3,1.28,17987.0,55020.0,4777.0,9225851.0,Yes,Moderate,Acceptable,81.29,114.59,67.86,78.37,3.06,15.77,173.24
2024,Coimbatore,Tamil Nadu,Summer,Noyyal,Manufacturing,O3,142.84,1.18,24689.0,55020.0,4777.0,9225851.0,Yes,Moderate,Acceptable,77.52,86.72,57.08,43.31,2.53,142.01,134.27
2024,Coimbatore,Tamil Nadu,Summer,Noyyal,Manufacturing,PM10,145.65,1.47,49609.0,55020.0,4777.0,9225851.0,Yes,Moderate,Acceptable,56.21,103.04,23.57,5.5,2.9,52.75,136.91
2024,Coimbatore,Tamil Nadu,Winter,Noyyal,Manufacturing,PM10,159.78,1.25,24259.0,55020.0,4777.0,9225851.0,Yes,Moderate,Acceptable,68.3,95.1,37.81,38.03,1.6,46.64,150.19
2024,Coimbatore,Tamil Nadu,Winter,Noyyal,Manufacturing,PM2.5,193.96,1.62,31936.0,55020.0,4777.0,9225851.0,Yes,Moderate,Acceptable,95.56,95.37,13.33,66.5,1.3,22.95,182.32
2024,Delhi,Delhi,Monsoon,Yamuna,Manufacturing,O3,222.85,1.03,36273.0,255493.0,1831.0,4380582.0,Yes,Poor,Acceptable,115.58,136.85,97.94,11.02,2.54,145.99,209.48
2024,Delhi,Delhi,Monsoon,Yamuna,Manufacturing,PM10,206.73,0.63,48143.0,255493.0,1831.0,4380582.0,Yes,Poor,Good,127.65,134.27,100.57,46.09,4.15,107.26,194.33
2024,Delhi,Delhi,Monsoon,Yamuna,Manufacturing,PM2.5,205.52,1.08,26414.0,255493.0,1831.0,4380582.0,Yes,Poor,Acceptable,125.5,116.82,13.85,48.33,3.97,52.9,193.19
2024,Delhi,Delhi,Post-Monsoon,Yamuna,Manufacturing,PM10,241.63,1.36,14407.0,255493.0,1831.0,4380582.0,Yes,Poor,Acceptable,117.35,172.16,61.06,38.35,3.44,88.13,227.13
2024,Delhi,Delhi,Summer,Yamuna,Manufacturing,O3,215.94,1.31,23972.5,255493.0,1831.0,4380582.0,Yes,Poor,Acceptable,88.32,142.42,51.94,53.41,0.6,164.81,202.98
2024,Delhi,Delhi,Summer,Yamuna,Manufacturing,PM10,215.47,1.17,29467.0,255493.0,1831.0,4380582.0,Yes,Poor,Acceptable,96.09,143.22,39.26,63.67,2.63,123.85,202.54
2024,Delhi,Delhi,Winter,Yamuna,Manufacturing,PM10,247.36,1.03,37756.0,255493.0,1831.0,4380582.0,Yes,Poor,Acceptable,126.13,158.93,69.88,44.19,3.11,55.83,232.52
2024,Ernakulam,Kerala,Monsoon,Periyar,Shipping/Refinery,PM10,218.86,1.59,17780.5,100416.0,7613.0,1005598.0,Yes,Poor,Acceptable,107.53,153.35,44.5,31.12,1.32,61.66,205.73
2024,Ernakulam,Kerala,Post-Monsoon,Periyar,Shipping/Refinery,O3,219.84,1.68,45173.0,100416.0,7613.0,1005598.0,Yes,Poor,Acceptable,86.59,154.41,52.44,13.32,3.54,156.47,206.65
2024,Ernakulam,Kerala,Post-Monsoon,Periyar,Shipping/Refinery,PM10,287.24,1.13,8193.0,100416.0,7613.0,1005598.0,Yes,Poor,Acceptable,165.1,204.39,56.14,58.47,2.81,117.75,270.01
2024,Ernakulam,Kerala,Summer,Periyar,Shipping/Refinery,O3,219.55,1.73,43156.0,100416.0,7613.0,1005598.0,Yes,Poor,Acceptable,118.79,151.11,48.14,25.78,3.04,158.16,206.38
2024,Ernakulam,Kerala,Summer,Periyar,Shipping/Refinery,PM10,214.78,1.53,45074.0,100416.0,7613.0,1005598.0,Yes,Poor,Acceptable,131.54,150.27,79.8,26.74,3.62,39.76,201.89
2024,Ernakulam,Kerala,Winter,Periyar,Shipping/Refinery,PM10,271.77,1.34,19280.0,100416.0,7613.0,1005598.0,Yes,Poor,Acceptable,131.34,188.83,57.4,45.69,3.86,137.2,255.46
2024,Gurugram,Haryana,Monsoon,Sahibi,Automobile,O3,158.02,0.94,27047.0,42598.0,5455.0,4603023.0,Yes,Moderate,Good,75.95,93.35,65.48,32.14,2.49,117.51,148.54
2024,Gurugram,Haryana,Post-Monsoon,Sahibi,Automobile,O3,153.67,1.59,4830.0,42598.0,5455.0,4603023.0,Yes,Moderate,Acceptable,78.75,86.86,108.94,21.5,4.17,175.37,144.45
2024,Gurugram,Haryana,Post-Monsoon,Sahibi,Automobile,PM10,205.85,1.27,52488.0,42598.0,5455.0,4603023.0,Yes,Poor,Acceptable,107.74,125.75,39.86,7.87,4.18,61.41,193.5
2024,Gurugram,Haryana,Summer,Sahibi,Automobile,O3,153.1,1.48,25871.67,42598.0,5455.0,4603023.0,Yes,Moderate,Acceptable,79.6,102.08,87.61,30.14,1.97,145.85,143.91
2024,Gurugram,Haryana,Winter,Sahibi,Automobile,O3,184.36,1.64,20500.0,42598.0,5455.0,4603023.0,Yes,Poor,Polluted,89.28,119.52,84.72,57.61,3.39,144.08,173.3
2024,Guwahati,Assam,Monsoon,Brahmaputra,Agro-Industry,O3,211.55,1.44,20845.0,241701.0,3487.0,336864.0,Yes,Poor,Acceptable,98.29,133.02,116.92,59.39,3.79,137.5,198.86
2024,Guwahati,Assam,Monsoon,Brahmaputra,Agro-Industry,PM10,198.46,1.42,28029.33,241701.0,3487.0,336864.0,Yes,Moderate,Acceptable,93.22,139.55,97.9,37.62,3.3,53.38,186.55
2024,Guwahati,Assam,Post-Monsoon,Brahmaputra,Agro-Industry,O3,193.15,0.45,26993.0,241701.0,3487.0,336864.0,Yes,Moderate,Good,89.78,130.08,106.49,37.13,0.54,156.21,181.56
2024,Guwahati,Assam,Post-Monsoon,Brahmaputra,Agro-Industry,PM10,254.77,1.06,41254.0,241701.0,3487.0,336864.0,Yes,Poor,Acceptable,121.26,164.4,46.01,7.08,0.76,24.09,239.48
2024,Guwahati,Assam,Summer,Brahmaputra,Agro-Industry,O3,194.89,1.09,38703.0,241701.0,3487.0,336864.0,Yes,Moderate,Acceptable,86.0,113.98,97.48,45.33,0.64,168.62,183.2
2024,Guwahati,Assam,Summer,Brahmaputra,Agro-Industry,PM10,195.84,1.13,13585.0,241701.0,3487.0,336864.0,Yes,Moderate,Acceptable,90.6,135.27,25.5,49.7,1.82,64.92,184.09
2024,Guwahati,Assam,Winter,Brahmaputra,Agro-Industry,PM10,243.51,1.16,30648.0,241701.0,3487.0,336864.0,Yes,Poor,Acceptable,114.76,154.35,86.76,44.62,2.48,32.1,228.9
2024,Hyderabad,Telangana,Monsoon,Musi,Manufacturing,O3,195.99,1.35,17157.0,136728.0,2592.0,12894600.0,Yes,Moderate,Acceptable,90.44,154.02,64.07,8.76,1.8,154.1,184.23
2024,Hyderabad,Telangana,Monsoon,Musi,Manufacturing,PM10,195.77,1.49,24480.0,136728.0,2592.0,12894600.0,Yes,Poor,Acceptable,104.73,127.15,66.29,54.89,2.26,52.2,184.02
2024,Hyderabad,Telangana,Post-Monsoon,Musi,Manufacturing,O3,271.55,0.72,22115.0,136728.0,2592.0,12894600.0,Yes,Poor,Good,105.23,154.91,73.19,35.63,0.39,176.1,255.26
2024,Hyderabad,Telangana,Post-Monsoon,Musi,Manufacturing,PM10,196.68,0.9,16897.0,136728.0,2592.0,12894600.0,Yes,Moderate,Good,93.94,118.98,66.72,30.75,2.35,63.31,184.88
2024,Hyderabad,Telangana,Summer,Musi,Manufacturing,PM10,197.73,0.79,33033.67,136728.0,2592.0,12894600.0,Yes,Poor,Acceptable,85.05,123.38,70.72,17.11,2.74,60.49,185.87
2024,Hyderabad,Telangana,Winter,Musi,Manufacturing,PM10,233.33,1.14,11739.67,136728.0,2592.0,12894600.0,Yes,Poor,Acceptable,114.44,138.77,98.0,36.8,2.53,64.66,219.33
2024,Jaipur,Rajasthan,Monsoon,Banas,Manufacturing,NO2,163.16,1.22,23476.5,160590.0,11851.0,3753343.0,Yes,Moderate,Acceptable,89.1,100.34,109.27,14.84,2.74,86.56,153.37
2024,Jaipur,Rajasthan,Monsoon,Banas,Manufacturing,O3,158.0,1.01,32546.5,160590.0,11851.0,3753343.0,Yes,Moderate,Acceptable,75.91,113.2,80.0,34.2,1.52,143.5,148.52
2024,Jaipur,Rajasthan,Post-Monsoon,Banas,Manufacturing,O3,155.07,0.44,28102.0,160590.0,11851.0,3753343.0,Yes,Moderate,Good,62.79,107.16,10.4,45.28,0.72,148.74,145.77
2024,Jaipur,Rajasthan,Post-Monsoon,Banas,Manufacturing,PM10,202.77,1.29,9778.0,160590.0,11851.0,3753343.0,Yes,Poor,Acceptable,106.82,119.18,54.11,51.44,1.69,42.25,190.6
2024,Jaipur,Rajasthan,Summer,Banas,Manufacturing,NO2,158.7,1.52,41174.0,160590.0,11851.0,3753343.0,Yes,Moderate,Acceptable,78.53,106.38,115.51,51.59,2.43,31.5,149.18
2024,Jaipur,Rajasthan,Summer,Banas,Manufacturing,O3,154.08,1.08,43562.5,160590.0,11851.0,3753343.0,Yes,Moderate,Good,81.82,104.17,69.59,32.39,2.58,144.34,144.84
2024,Jaipur,Rajasthan,Winter,Banas,Manufacturing,O3,151.27,1.15,26908.0,160590.0,11851.0,3753343.0,Yes,Moderate,Acceptable,82.87,100.83,63.24,42.19,0.74,115.69,142.19
2024,Jaipur,Rajasthan,Winter,Banas,Manufacturing,PM10,203.93,0.77,25113.0,160590.0,11851.0,3753343.0,Yes,Poor,Good,107.76,129.29,31.27,54.63,3.29,56.86,191.69
2024,Jaipur,Rajasthan,Winter,Banas,Manufacturing,PM2.5,202.64,1.04,9493.0,160590.0,11851.0,3753343.0,Yes,Poor,Acceptable,124.32,122.34,81.26,18.58,3.95,102.34,190.48
2024,Jorapokhar,Jharkhand,Monsoon,Damodar,Mining/Coal,O3,174.23,1.39,35206.0,80254.0,1196.0,108745.0,Yes,Moderate,Acceptable,77.18,103.76,124.23,72.33,2.31,164.92,163.78
2024,Jorapokhar,Jharkhand,Monsoon,Damodar,Mining/Coal,PM10,173.42,1.1,26673.0,80254.0,1196.0,108745.0,Yes,Moderate,Good,73.34,106.85,64.45,33.53,3.34,31.98,163.01
2024,Jorapokhar,Jharkhand,Post-Monsoon,Damodar,Mining/Coal,O3,169.86,1.03,33764.0,80254.0,1196.0,108745.0,Yes,Moderate,Acceptable,65.97,108.31,103.49,39.55,4.82,137.75,159.67
2024,Jorapokhar,Jharkhand,Post-Monsoon,Damodar,Mining/Coal,PM10,222.22,1.01,30805.0,80254.0,1196.0,108745.0,Yes,Poor,Acceptable,103.44,152.55,13.93,63.42,4.5,138.2,208.89
2024,Jorapokhar,Jharkhand,Summer,Damodar,Mining/Coal,O3,167.41,1.48,27329.0,80254.0,1196.0,108745.0,Yes,Moderate,Acceptable,75.8,123.46,57.7,43.95,1.94,151.95,157.37
2024,Jorapokhar,Jharkhand,Summer,Damodar,Mining/Coal,PM10,176.48,1.59,12295.0,80254.0,1196.0,108745.0,Yes,Moderate,Acceptable,90.04,107.5,36.24,45.54,0.94,48.68,165.89
2024,Jorapokhar,Jharkhand,Winter,Damodar,Mining/Coal,O3,226.06,1.39,10504.5,80254.0,1196.0,108745.0,Yes,Poor,Acceptable,107.19,144.2,45.47,47.3,0.78,163.76,212.5
2024,Jorapokhar,Jharkhand,Winter,Damodar,Mining/Coal,PM10,166.38,1.52,27320.0,80254.0,1196.0,108745.0,Yes,Moderate,Acceptable,84.59,103.56,40.35,10.48,4.03,92.01,156.4
2024,Kochi,Kerala,Monsoon,Periyar,Shipping/Refinery,PM10,240.31,1.57,17780.5,100416.0,7613.0,1215286.0,Yes,Poor,Acceptable,116.95,166.06,51.95,36.02,1.54,69.93,225.89
2024,Kochi,Kerala,Post-Monsoon,Periyar,Shipping/Refinery,PM10,282.5,1.38,26683.0,100416.0,7613.0,1215286.0,Yes,Poor,Acceptable,145.26,191.09,56.54,38.61,3.36,143.62,265.55
2024,Kochi,Kerala,Summer,Periyar,Shipping/Refinery,O3,243.67,1.74,43156.0,100416.0,7613.0,1215286.0,Yes,Poor,Acceptable,135.34,168.84,49.88,27.54,3.4,175.02,229.05
2024,Kochi,Kerala,Summer,Periyar,Shipping/Refinery,PM10,246.32,1.56,45074.0,100416.0,7613.0,1215286.0,Yes,Poor,Acceptable,134.21,168.67,86.28,28.54,3.78,37.69,231.54
2024,Kochi,Kerala,Winter,Periyar,Shipping/Refinery,PM10,292.01,1.31,19280.0,100416.0,7613.0,1215286.0,Yes,Very Poor,Good,149.3,204.29,65.07,49.61,4.49,145.88,274.49
2024,Kolkata,West Bengal,Monsoon,Hooghly,Manufacturing,PM10,233.19,1.54,21767.67,57820.0,6852.0,20315833.0,Yes,Poor,Acceptable,132.74,171.47,35.71,41.88,1.81,102.7,219.2
2024,Kolkata,West Bengal,Monsoon,Hooghly,Manufacturing,PM2.5,239.67,1.8,30500.0,57820.0,6852.0,20315833.0,Yes,Poor,Acceptable,140.78,133.32,94.87,27.41,4.03,21.85,225.29
2024,Kolkata,West Bengal,Post-Monsoon,Hooghly,Manufacturing,PM10,261.59,1.36,10045.0,57820.0,6852.0,20315833.0,Yes,Poor,Good,158.74,168.34,41.64,42.53,2.24,77.49,245.89
2024,Kolkata,West Bengal,Summer,Hooghly,Manufacturing,PM10,233.4,1.09,36099.67,57820.0,6852.0,20315833.0,Yes,Poor,Acceptable,108.82,153.6,67.88,34.46,1.39,58.68,219.4
2024,Kolkata,West Bengal,Winter,Hooghly,Manufacturing,PM10,281.16,1.02,21148.67,57820.0,6852.0,20315833.0,Yes,Poor,Good,138.49,201.93,73.54,44.4,1.88,85.59,264.29
2024,Lucknow,Uttar Pradesh,Monsoon,Gomti,Agro-Industry,O3,207.64,1.4,45823.0,263798.0,5978.0,1607317.0,Yes,Poor,Acceptable,103.87,140.04,105.8,9.62,3.92,172.03,195.18
2024,Lucknow,Uttar Pradesh,Monsoon,Gomti,Agro-Industry,PM10,212.64,1.03,16954.33,263798.0,5978.0,1607317.0,Yes,Poor,Acceptable,118.85,139.76,78.53,41.94,1.84,73.6,199.88
2024,Lucknow,Uttar Pradesh,Post-Monsoon,Gomti,Agro-Industry,PM10,252.22,1.05,30187.5,263798.0,5978.0,1607317.0,Yes,Poor,Acceptable,142.62,163.8,48.76,17.77,1.53,78.64,237.09
2024,Lucknow,Uttar Pradesh,Summer,Gomti,Agro-Industry,O3,219.82,1.5,41965.0,263798.0,5978.0,1607317.0,Yes,Poor,Acceptable,110.66,138.46,65.76,48.36,3.92,171.19,206.63
2024,Lucknow,Uttar Pradesh,Summer,Gomti,Agro-Industry,PM10,205.95,1.71,3648.0,263798.0,5978.0,1607317.0,Yes,Poor,Acceptable,102.2,155.9,113.81,37.6,2.14,76.23,193.59
2024,Lucknow,Uttar Pradesh,Winter,Gomti,Agro-Industry,O3,217.76,1.1,38437.0,263798.0,5978.0,1607317.0,Yes,Poor,Acceptable,90.15,130.34,84.09,65.59,3.47,144.45,204.69
2024,Lucknow,Uttar Pradesh,Winter,Gomti,Agro-Industry,PM10,276.83,1.8,43088.5,263798.0,5978.0,1607317.0,Yes,Poor,Polluted,166.46,201.6,54.28,30.3,3.62,60.3,260.22
2024,Mumbai,Maharashtra,Monsoon,Ulhas,Manufacturing,NO2,131.51,1.73,43619.0,112268.0,9021.0,34489946.0,Yes,Moderate,Acceptable,77.31,74.87,104.28,17.3,3.83,12.09,123.62
2024,Mumbai,Maharashtra,Monsoon,Ulhas,Manufacturing,O3,133.84,1.16,45762.0,112268.0,9021.0,34489946.0,Yes,Moderate,Acceptable,59.48,85.54,36.4,51.66,1.3,139.18,125.81
2024,Mumbai,Maharashtra,Monsoon,Ulhas,Manufacturing,PM10,130.27,1.34,43488.0,112268.0,9021.0,34489946.0,Yes,Moderate,Acceptable,58.77,79.76,49.89,32.73,2.65,33.6,122.45
2024,Mumbai,Maharashtra,Post-Monsoon,Ulhas,Manufacturing,PM10,134.17,1.17,4747.0,112268.0,9021.0,34489946.0,Yes,Moderate,Acceptable,56.32,88.35,19.54,31.55,1.94,16.72,126.12
2024,Mumbai,Maharashtra,Post-Monsoon,Ulhas,Manufacturing,PM2.5,164.67,1.25,12795.0,112268.0,9021.0,34489946.0,Yes,Moderate,Acceptable,99.48,95.65,90.84,13.59,4.61,74.57,154.79
2024,Mumbai,Maharashtra,Summer,Ulhas,Manufacturing,NO2,127.52,1.31,51718.0,112268.0,9021.0,34489946.0,Yes,Moderate,Acceptable,77.37,73.38,97.62,37.57,4.6,94.81,119.87
2024,Mumbai,Maharashtra,Summer,Ulhas,Manufacturing,O3,132.34,0.82,13619.0,112268.0,9021.0,34489946.0,Yes,Moderate,Good,73.17,77.01,9.78,34.14,1.26,145.32,124.4
2024,Mumbai,Maharashtra,Summer,Ulhas,Manufacturing,PM10,130.39,0.84,37743.0,112268.0,9021.0,34489946.0,Yes,Moderate,Good,56.34,92.44,34.98,8.05,1.08,15.18,122.57
2024,Mumbai,Maharashtra,Winter,Ulhas,Manufacturing,O3,131.99,0.54,33316.0,112268.0,9021.0,34489946.0,Yes,Moderate,Good,54.94,76.42,17.48,56.81,3.91,80.41,124.07
2024,Mumbai,Maharashtra,Winter,Ulhas,Manufacturing,PM10,165.58,0.74,45982.0,112268.0,9021.0,34489946.0,Yes,Moderate,Good,92.78,124.12,75.1,41.94,1.74,42.15,155.65
2024,Patna,Bihar,Monsoon,Ganga,Agro-Industry,O3,142.72,1.26,39947.5,167183.0,908.0,682757.0,Yes,Moderate,Acceptable,83.16,86.61,47.62,26.02,2.6,135.99,134.16
2024,Patna,Bihar,Monsoon,Ganga,Agro-Industry,PM10,139.78,0.84,30828.0,167183.0,908.0,682757.0,Yes,Moderate,Acceptable,71.35,105.43,35.17,51.98,2.35,51.82,131.39
2024,Patna,Bihar,Post-Monsoon,Ganga,Agro-Industry,O3,192.51,1.84,43801.0,167183.0,908.0,682757.0,Yes,Moderate,Acceptable,87.92,107.46,14.24,53.42,1.55,158.05,180.96
2024,Patna,Bihar,Post-Monsoon,Ganga,Agro-Industry,PM10,150.61,1.97,25723.0,167183.0,908.0,682757.0,Yes,Moderate,Acceptable,60.49,92.5,87.15,45.66,3.43,81.28,141.57
2024,Patna,Bihar,Summer,Ganga,Agro-Industry,NO2,145.48,0.98,5014.0,167183.0,908.0,682757.0,Yes,Moderate,Good,59.69,90.39,105.87,77.99,1.56,41.57,136.75
2024,Patna,Bihar,Summer,Ganga,Agro-Industry,O3,147.58,1.21,47375.0,167183.0,908.0,682757.0,Yes,Moderate,Acceptable,80.03,100.63,39.72,26.29,3.22,120.58,138.73
2024,Patna,Bihar,Winter,Ganga,Agro-Industry,O3,133.37,0.61,36513.0,167183.0,908.0,682757.0,Yes,Moderate,Good,73.04,82.79,101.11,54.88,0.68,110.25,125.37
2024,Patna,Bihar,Winter,Ganga,Agro-Industry,PM10,193.39,0.91,31973.0,167183.0,908.0,682757.0,Yes,Moderate,Good,81.06,117.34,78.66,18.16,2.33,58.14,181.79
2024,Shillong,Meghalaya,Monsoon,Umiam,Handicrafts,O3,105.14,1.5,20845.0,241701.0,3487.0,200087.0,Yes,Moderate,Acceptable,52.95,65.83,59.53,31.06,2.03,67.45,98.83
2024,Shillong,Meghalaya,Monsoon,Umiam,Handicrafts,PM10,101.79,1.5,28029.33,241701.0,3487.0,200087.0,Yes,Satisfactory,Acceptable,47.55,65.23,50.41,19.8,1.57,26.4,95.68
2024,Shillong,Meghalaya,Post-Monsoon,Umiam,Handicrafts,PM10,115.12,0.74,34123.5,241701.0,3487.0,200087.0,Yes,Satisfactory,Good,55.88,74.77,37.03,11.3,0.29,42.6,108.21
2024,Shillong,Meghalaya,Summer,Umiam,Handicrafts,O3,103.81,1.1,38703.0,241701.0,3487.0,200087.0,Yes,Moderate,Acceptable,44.45,54.79,50.39,25.64,0.32,89.87,97.58
2024,Shillong,Meghalaya,Summer,Umiam,Handicrafts,PM10,95.44,1.14,13585.0,241701.0,3487.0,200087.0,Yes,Satisfactory,Acceptable,45.77,64.72,13.8,25.56,0.88,33.83,89.71
2024,Shillong,Meghalaya,Winter,Umiam,Handicrafts,PM10,115.28,1.14,30648.0,241701.0,3487.0,200087.0,Yes,Moderate,Acceptable,60.73,78.07,41.6,22.1,1.26,14.44,108.36
2024,Talcher,Odisha,Monsoon,Brahmani,Thermal Power,O3,198.64,1.08,19485.67,84392.0,10301.0,293223.0,Yes,Moderate,Good,98.0,124.11,50.71,28.43,2.5,139.98,186.72
2024,Talcher,Odisha,Monsoon,Brahmani,Thermal Power,PM10,200.02,1.24,28236.0,84392.0,10301.0,293223.0,Yes,Poor,Acceptable,99.62,138.12,55.32,55.96,1.11,66.06,188.02
2024,Talcher,Odisha,Post-Monsoon,Brahmani,Thermal Power,O3,193.29,1.25,18279.0,84392.0,10301.0,293223.0,Yes,Moderate,Acceptable,81.45,121.14,19.8,48.52,3.93,179.13,181.69
2024,Talcher,Odisha,Post-Monsoon,Brahmani,Thermal Power,PM10,265.99,0.34,27144.0,84392.0,10301.0,293223.0,Yes,Poor,Good,117.47,147.81,35.41,34.84,3.31,72.36,250.03
2024,Talcher,Odisha,Summer,Brahmani,Thermal Power,O3,197.4,1.83,17567.0,84392.0,10301.0,293223.0,Yes,Moderate,Acceptable,109.31,120.71,96.19,34.34,4.86,155.69,185.56
2024,Talcher,Odisha,Summer,Brahmani,Thermal Power,PM10,192.96,1.38,27089.5,84392.0,10301.0,293223.0,Yes,Moderate,Good,88.86,140.31,54.82,42.44,1.95,65.52,181.38
2024,Talcher,Odisha,Winter,Brahmani,Thermal Power,O3,240.01,1.19,38524.0,84392.0,10301.0,293223.0,Yes,Poor,Acceptable,117.97,138.37,73.59,38.54,2.34,158.18,225.61
2024,Thiruvananthapuram,Kerala,Monsoon,Karamana,IT/Electronics,O3,150.72,1.34,23152.0,220056.0,12882.0,1413411.0,Yes,Moderate,Acceptable,82.15,102.08,83.18,35.33,3.45,131.72,141.68
2024,Thiruvananthapuram,Kerala,Monsoon,Karamana,IT/Electronics,PM10,152.05,1.2,36488.0,220056.0,12882.0,1413411.0,Yes,Moderate,Good,72.37,89.33,42.7,25.64,1.9,32.66,142.93
2024,Thiruvananthapuram,Kerala,Post-Monsoon,Karamana,IT/Electronics,PM10,171.92,1.46,23929.5,220056.0,12882.0,1413411.0,Yes,Moderate,Acceptable,96.08,113.1,81.82,37.26,1.62,71.6,161.6
2024,Thiruvananthapuram,Kerala,Summer,Karamana,IT/Electronics,O3,149.51,1.43,17363.5,220056.0,12882.0,1413411.0,Yes,Moderate,Acceptable,85.43,92.4,42.38,37.26,2.99,130.88,140.54
2024,Thiruvananthapuram,Kerala,Summer,Karamana,IT/Electronics,PM10,149.98,1.05,28395.0,220056.0,12882.0,1413411.0,Yes,Moderate,Acceptable,71.46,95.25,80.65,58.1,2.38,65.04,140.98
2024,Thiruvananthapuram,Kerala,Winter,Karamana,IT/Electronics,O3,150.19,0.34,25719.0,220056.0,12882.0,1413411.0,Yes,Moderate,Good,88.65,82.99,89.6,50.86,0.35,158.94,141.18
2024,Thiruvananthapuram,Kerala,Winter,Karamana,IT/Electronics,PM10,198.52,1.36,40795.5,220056.0,12882.0,1413411.0,Yes,Poor,Acceptable,103.56,128.64,61.22,64.93,2.49,62.33,186.61
2024,Visakhapatnam,Andhra Pradesh,Monsoon,Gosthani,Mining,NO2,186.71,1.63,43470.0,136728.0,2592.0,265650.0,Yes,Moderate,Acceptable,91.94,108.86,110.29,54.86,3.27,51.61,175.51
2024,Visakhapatnam,Andhra Pradesh,Monsoon,Gosthani,Mining,O3,188.38,1.33,17157.0,136728.0,2592.0,265650.0,Yes,Moderate,Acceptable,85.74,142.14,57.64,7.26,1.77,142.16,177.08
2024,Visakhapatnam,Andhra Pradesh,Monsoon,Gosthani,Mining,PM10,194.12,1.43,14985.0,136728.0,2592.0,265650.0,Yes,Moderate,Acceptable,109.17,119.68,39.68,51.33,1.75,47.42,182.47
2024,Visakhapatnam,Andhra Pradesh,Post-Monsoon,Gosthani,Mining,O3,237.91,0.74,22115.0,136728.0,2592.0,265650.0,Yes,Poor,Good,107.31,145.67,68.56,33.03,0.35,163.34,223.64
2024,Visakhapatnam,Andhra Pradesh,Post-Monsoon,Gosthani,Mining,PM10,188.01,0.87,16897.0,136728.0,2592.0,265650.0,Yes,Moderate,Good,87.39,114.43,62.67,27.41,1.99,56.4,176.73
2024,Visakhapatnam,Andhra Pradesh,Summer,Gosthani,Mining,PM10,188.51,0.79,33033.67,136728.0,2592.0,265650.0,Yes,Moderate,Acceptable,79.25,115.94,68.14,16.64,2.57,56.08,177.2
2024,Visakhapatnam,Andhra Pradesh,Winter,Gosthani,Mining,PM10,212.95,1.22,12273.0,136728.0,2592.0,265650.0,Yes,Poor,Acceptable,97.74,130.18,102.5,44.33,1.55,64.1,200.17
2024,Visakhapatnam,Andhra Pradesh,Winter,Gosthani,Mining,PM2.5,258.63,1.06,10673.0,136728.0,2592.0,265650.0,Yes,Poor,Acceptable,139.87,139.69,81.6,16.8,4.24,53.58,243.11
2025,Ahmedabad,Gujarat,Monsoon,Sabarmati,Chemical,O3,174.57,1.44,18913.33,173034.0,3998.0,10025751.0,Yes,Moderate,Acceptable,80.25,113.34,74.41,45.04,2.66,133.07,164.1
2025,Ahmedabad,Gujarat,Monsoon,Sabarmati,Chemical,PM10,171.51,0.85,48795.0,173034.0,3998.0,10025751.0,Yes,Moderate,Good,89.49,104.28,52.22,43.46,1.51,103.72,161.22
2025,Ahmedabad,Gujarat,Post-Monsoon,Sabarmati,Chemical,O3,229.59,0.73,51730.0,173034.0,3998.0,10025751.0,Yes,Poor,Good,100.16,154.14,65.96,6.15,4.26,161.74,215.81
2025,Ahmedabad,Gujarat,Post-Monsoon,Sabarmati,Chemical,PM10,168.71,1.66,9388.0,173034.0,3998.0,10025751.0,Yes,Moderate,Acceptable,72.91,116.11,84.62,77.9,2.21,66.0,158.59
2025,Ahmedabad,Gujarat,Summer,Sabarmati,Chemical,O3,171.27,0.87,34416.5,173034.0,3998.0,10025751.0,Yes,Moderate,Good,75.59,98.49,78.91,11.66,0.93,116.76,160.99
2025,Ahmedabad,Gujarat,Summer,Sabarmati,Chemical,PM10,170.97,0.43,10682.0,173034.0,3998.0,10025751.0,Yes,Moderate,Good,81.95,118.56,94.27,53.01,2.32,10.0,160.71
2025,Ahmedabad,Gujarat,Winter,Sabarmati,Chemical,PM10,204.97,1.39,42897.33,173034.0,3998.0,10025751.0,Yes,Poor,Acceptable,103.48,133.76,65.74,39.43,2.39,65.69,192.67
2025,Aizawl,Mizoram,Monsoon,Tlawng,Handicrafts,O3,93.1,1.21,29365.0,239522.0,3448.0,125223.0,Yes,Satisfactory,Acceptable,44.34,52.65,7.28,32.36,1.1,70.87,87.51
2025,Aizawl,Mizoram,Monsoon,Tlawng,Handicrafts,PM10,86.38,0.95,38030.5,239522.0,3448.0,125223.0,Yes,Satisfactory,Acceptable,38.33,58.16,19.04,32.56,0.98,39.12,81.2
2025,Aizawl,Mizoram,Post-Monsoon,Tlawng,Handicrafts,PM10,97.68,1.36,43888.0,239522.0,3448.0,125223.0,Yes,Satisfactory,Acceptable,50.8,69.01,43.89,15.53,0.81,17.85,91.82
2025,Aizawl,Mizoram,Summer,Tlawng,Handicrafts,PM10,84.08,1.49,39926.33,239522.0,3448.0,125223.0,Yes,Satisfactory,Acceptable,43.99,55.68,15.55,21.55,0.79,46.88,79.04
2025,Aizawl,Mizoram,Winter,Tlawng,Handicrafts,O3,90.97,1.59,37154.0,239522.0,3448.0,125223.0,Yes,Satisfactory,Acceptable,38.77,63.09,29.4,16.29,0.69,64.71,85.51
2025,Aizawl,Mizoram,Winter,Tlawng,Handicrafts,PM10,117.06,1.55,30901.5,239522.0,3448.0,125223.0,Yes,Moderate,Acceptable,59.98,71.4,39.25,25.04,1.68,42.54,110.04
2025,Amaravati,Andhra Pradesh,Monsoon,Krishna,Agro-processing,O3,158.13,1.44,18115.33,134109.0,2546.0,571809.0,Yes,Moderate,Acceptable,94.52,120.7,65.32,40.67,1.28,139.32,148.64
2025,Amaravati,Andhra Pradesh,Monsoon,Krishna,Agro-processing,PM10,180.63,1.01,17892.0,134109.0,2546.0,571809.0,Yes,Moderate,Acceptable,85.99,97.14,22.33,44.54,0.37,25.64,169.79
2025,Amaravati,Andhra Pradesh,Post-Monsoon,Krishna,Agro-processing,PM10,187.22,1.04,40882.5,134109.0,2546.0,571809.0,Yes,Moderate,Good,79.25,131.72,64.76,44.59,1.14,77.31,175.99
2025,Amaravati,Andhra Pradesh,Summer,Krishna,Agro-processing,O3,165.71,1.07,18279.0,134109.0,2546.0,571809.0,Yes,Moderate,Acceptable,96.18,100.23,35.48,19.1,1.9,139.91,155.77
2025,Amaravati,Andhra Pradesh,Summer,Krishna,Agro-processing,PM10,165.75,1.38,24465.0,134109.0,2546.0,571809.0,Yes,Moderate,Acceptable,87.54,101.9,79.08,23.02,2.8,32.86,155.8
2025,Amaravati,Andhra Pradesh,Winter,Krishna,Agro-processing,PM10,194.61,1.37,31474.0,134109.0,2546.0,571809.0,Yes,Poor,Acceptable,99.53,124.44,44.97,48.05,2.15,60.0,182.93
2025,Amritsar,Punjab,Monsoon,Beas,Agro-Industry,NO2,159.05,2.04,6680.0,275880.0,3657.0,1378716.0,Yes,Moderate,Polluted,76.0,103.36,108.28,64.88,3.43,93.59,149.51
2025,Amritsar,Punjab,Monsoon,Beas,Agro-Industry,O3,158.81,1.31,18669.33,275880.0,3657.0,1378716.0,Yes,Moderate,Good,71.4,100.34,34.67,32.56,2.62,149.71,149.28
2025,Amritsar,Punjab,Post-Monsoon,Beas,Agro-Industry,PM10,185.26,1.29,33015.0,275880.0,3657.0,1378716.0,Yes,Moderate,Good,91.16,123.84,87.98,47.36,2.83,21.81,174.14
2025,Amritsar,Punjab,Summer,Beas,Agro-Industry,O3,160.8,2.05,28752.0,275880.0,3657.0,1378716.0,Yes,Moderate,Polluted,66.66,93.18,90.66,75.28,1.52,99.9,151.15
2025,Amritsar,Punjab,Summer,Beas,Agro-Industry,PM10,165.8,0.64,39790.0,275880.0,3657.0,1378716.0,Yes,Moderate,Good,85.25,89.64,57.93,10.88,1.22,77.95,155.85
2025,Amritsar,Punjab,Summer,Beas,Agro-Industry,PM2.5,168.03,0.77,36502.0,275880.0,3657.0,1378716.0,Yes,Moderate,Good,94.85,89.07,43.57,48.2,2.1,90.86,157.95
2025,Amritsar,Punjab,Winter,Beas,Agro-Industry,NO2,164.67,0.91,25717.0,275880.0,3657.0,1378716.0,Yes,Moderate,Good,63.36,99.95,114.49,60.75,1.25,113.97,154.79
2025,Amritsar,Punjab,Winter,Beas,Agro-Industry,PM10,209.63,1.78,27868.5,275880.0,3657.0,1378716.0,Yes,Poor,Acceptable,103.24,143.6,37.01,40.84,2.99,130.98,197.05
2025,Bengaluru,Karnataka,Monsoon,Arkavathi,Agro-Industry,O3,122.54,1.46,16079.5,133808.0,12929.0,4741321.0,Yes,Moderate,Acceptable,67.26,73.56,94.58,43.42,3.46,121.54,115.19
2025,Bengaluru,Karnataka,Monsoon,Arkavathi,Agro-Industry,PM10,122.21,1.5,38723.0,133808.0,12929.0,4741321.0,Yes,Moderate,Acceptable,65.12,87.1,41.79,36.02,2.74,81.36,114.88
2025,Bengaluru,Karnataka,Post-Monsoon,Arkavathi,Agro-Industry,O3,164.96,1.47,16582.0,133808.0,12929.0,4741321.0,Yes,Moderate,Acceptable,76.23,107.03,91.3,7.5,1.32,141.21,155.06
2025,Bengaluru,Karnataka,Post-Monsoon,Arkavathi,Agro-Industry,PM10,124.3,0.88,11155.0,133808.0,12929.0,4741321.0,Yes,Moderate,Good,68.76,83.47,18.02,26.02,2.61,64.15,116.84
2025,Bengaluru,Karnataka,Summer,Arkavathi,Agro-Industry,O3,127.02,0.89,34159.0,133808.0,12929.0,4741321.0,Yes,Moderate,Good,58.6,75.68,46.18,51.28,1.74,129.52,119.4
2025,Bengaluru,Karnataka,Summer,Arkavathi,Agro-Industry,PM10,122.56,1.07,16644.0,133808.0,12929.0,4741321.0,Yes,Moderate,Acceptable,49.09,84.9,67.8,36.49,3.17,16.55,115.21
2025,Bengaluru,Karnataka,Winter,Arkavathi,Agro-Industry,O3,145.53,1.08,40225.5,133808.0,12929.0,4741321.0,Yes,Moderate,Acceptable,64.23,85.72,36.39,38.05,1.4,128.16,136.8
2025,Bengaluru,Karnataka,Winter,Arkavathi,Agro-Industry,PM10,163.5,0.7,22399.0,133808.0,12929.0,4741321.0,Yes,Moderate,Good,80.29,93.82,61.95,60.25,2.54,21.01,153.69
2025,Bhopal,Madhya Pradesh,Monsoon,Betwa,Manufacturing,NO2,134.74,1.42,5635.0,36133.0,11549.0,713005.0,Yes,Moderate,Acceptable,62.53,91.54,114.63,72.09,1.27,28.63,126.66
2025,Bhopal,Madhya Pradesh,Monsoon,Betwa,Manufacturing,O3,137.89,0.77,38753.0,36133.0,11549.0,713005.0,Yes,Moderate,Good,72.85,89.72,58.19,50.31,3.21,138.14,129.62
2025,Bhopal,Madhya Pradesh,Post-Monsoon,Betwa,Manufacturing,NO2,132.6,1.55,44881.0,36133.0,11549.0,713005.0,Yes,Moderate,Acceptable,79.09,79.52,119.16,76.27,2.24,28.86,124.64
2025,Bhopal,Madhya Pradesh,Post-Monsoon,Betwa,Manufacturing,PM10,170.73,0.7,25414.0,36133.0,11549.0,713005.0,Yes,Moderate,Good,104.48,114.85,24.67,21.23,2.82,58.31,160.49
2025,Bhopal,Madhya Pradesh,Summer,Betwa,Manufacturing,NO2,135.58,0.56,26774.0,36133.0,11549.0,713005.0,Yes,Moderate,Good,58.77,96.13,116.75,42.88,3.05,61.47,127.45
2025,Bhopal,Madhya Pradesh,Summer,Betwa,Manufacturing,O3,138.56,1.24,8047.0,36133.0,11549.0,713005.0,Yes,Moderate,Acceptable,71.92,99.5,48.61,47.92,3.62,144.98,130.25
2025,Bhopal,Madhya Pradesh,Summer,Betwa,Manufacturing,PM10,135.11,1.6,38582.0,36133.0,11549.0,713005.0,Yes,Moderate,Acceptable,64.73,79.44,13.65,15.11,3.67,37.57,127.0
2025,Bhopal,Madhya Pradesh,Winter,Betwa,Manufacturing,O3,181.88,1.54,40530.0,36133.0,11549.0,713005.0,Yes,Moderate,Acceptable,75.61,107.62,97.05,68.27,2.39,152.95,170.97
2025,Bhopal,Madhya Pradesh,Winter,Betwa,Manufacturing,PM10,154.47,0.96,30815.5,36133.0,11549.0,713005.0,Yes,Moderate,Good,73.42,108.97,17.26,44.83,3.28,30.0,145.2
2025,Brajrajnagar,Odisha,Monsoon,Ib,Coal/Power,NO2,131.03,0.22,19127.0,257534.0,8180.0,120823.0,Yes,Moderate,Good,57.64,81.76,113.54,89.42,3.21,44.51,123.17
2025,Brajrajnagar,Odisha,Monsoon,Ib,Coal/Power,O3,131.55,1.38,34377.0,257534.0,8180.0,120823.0,Yes,Moderate,Acceptable,67.32,79.21,77.03,36.38,1.49,129.49,123.66
2025,Brajrajnagar,Odisha,Monsoon,Ib,Coal/Power,PM10,133.59,1.39,39554.0,257534.0,8180.0,120823.0,Yes,Moderate,Acceptable,62.39,85.69,11.85,14.38,2.69,18.86,125.57
2025,Brajrajnagar,Odisha,Post-Monsoon,Ib,Coal/Power,O3,180.02,0.97,6000.0,257534.0,8180.0,120823.0,Yes,Moderate,Good,75.61,120.6,101.48,65.79,4.79,173.54,169.22
2025,Brajrajnagar,Odisha,Post-Monsoon,Ib,Coal/Power,PM10,134.66,0.58,20172.0,257534.0,8180.0,120823.0,Yes,Moderate,Good,72.37,94.14,34.89,15.67,2.05,16.35,126.58
2025,Brajrajnagar,Odisha,Summer,Ib,Coal/Power,O3,131.0,1.4,42365.0,257534.0,8180.0,120823.0,Yes,Moderate,Acceptable,53.36,79.09,96.88,41.72,2.29,194.7,123.14
2025,Brajrajnagar,Odisha,Summer,Ib,Coal/Power,PM10,136.06,0.79,18125.0,257534.0,8180.0,120823.0,Yes,Moderate,Good,69.19,100.86,93.91,72.8,1.31,15.8,127.9
2025,Brajrajnagar,Odisha,Winter,Ib,Coal/Power,O3,159.72,1.39,20699.33,257534.0,8180.0,120823.0,Yes,Moderate,Acceptable,81.15,98.68,44.03,26.58,2.67,185.31,150.14
2025,Chandigarh,Chandigarh,Monsoon,Sukhna,Manufacturing,NO2,123.95,2.07,6680.0,275880.0,3657.0,1964600.0,Yes,Moderate,Polluted,59.51,88.8,97.71,47.99,2.9,78.55,116.51
2025,Chandigarh,Chandigarh,Monsoon,Sukhna,Manufacturing,O3,127.33,1.28,18669.33,275880.0,3657.0,1964600.0,Yes,Moderate,Good,59.97,78.11,27.52,26.13,2.12,125.35,119.69
2025,Chandigarh,Chandigarh,Post-Monsoon,Sukhna,Manufacturing,PM10,153.39,1.31,33015.0,275880.0,3657.0,1964600.0,Yes,Moderate,Good,73.64,97.44,66.12,37.06,2.17,17.95,144.19
2025,Chandigarh,Chandigarh,Summer,Sukhna,Manufacturing,O3,130.06,1.42,32627.0,275880.0,3657.0,1964600.0,Yes,Moderate,Polluted,64.01,74.16,55.24,49.39,1.42,82.38,122.26
2025,Chandigarh,Chandigarh,Summer,Sukhna,Manufacturing,PM10,133.71,0.65,39790.0,275880.0,3657.0,1964600.0,Yes,Moderate,Good,63.93,71.14,47.12,8.82,0.92,65.64,125.69
2025,Chandigarh,Chandigarh,Winter,Sukhna,Manufacturing,NO2,132.46,0.87,25717.0,275880.0,3657.0,1964600.0,Yes,Moderate,Good,51.21,74.45,93.68,49.07,0.93,90.64,124.51
2025,Chandigarh,Chandigarh,Winter,Sukhna,Manufacturing,O3,167.37,1.74,27868.5,275880.0,3657.0,1964600.0,Yes,Moderate,Acceptable,82.21,106.86,30.82,32.6,2.38,107.44,157.33
2025,Chennai,Tamil Nadu,Monsoon,Cooum,Manufacturing,O3,174.26,0.88,16243.0,75725.0,7505.0,30494432.0,Yes,Moderate,Good,79.63,112.7,96.12,25.49,1.51,138.0,163.8
2025,Chennai,Tamil Nadu,Monsoon,Cooum,Manufacturing,PM10,170.65,1.48,35706.67,75725.0,7505.0,30494432.0,Yes,Moderate,Polluted,81.83,113.55,51.75,43.33,3.03,86.21,160.41
2025,Chennai,Tamil Nadu,Post-Monsoon,Cooum,Manufacturing,O3,193.43,1.39,34424.5,75725.0,7505.0,30494432.0,Yes,Moderate,Good,97.61,131.72,51.6,54.04,0.96,152.73,181.82
2025,Chennai,Tamil Nadu,Summer,Cooum,Manufacturing,O3,171.02,1.48,35411.5,75725.0,7505.0,30494432.0,Yes,Moderate,Acceptable,95.2,99.95,35.06,43.55,1.86,134.68,160.76
2025,Chennai,Tamil Nadu,Summer,Cooum,Manufacturing,PM10,159.88,1.15,13852.0,75725.0,7505.0,30494432.0,Yes,Moderate,Acceptable,80.62,108.24,74.43,78.02,4.04,14.86,150.29
2025,Chennai,Tamil Nadu,Winter,Cooum,Manufacturing,O3,217.96,0.8,29426.0,75725.0,7505.0,30494432.0,Yes,Poor,Good,94.49,125.41,65.86,61.41,4.05,140.88,204.88
2025,Chennai,Tamil Nadu,Winter,Cooum,Manufacturing,PM10,200.52,1.27,33623.0,75725.0,7505.0,30494432.0,Yes,Poor,Acceptable,101.27,136.48,55.12,18.08,1.31,43.42,188.49
2025,Coimbatore,Tamil Nadu,Monsoon,Noyyal,Manufacturing,O3,157.94,1.2,40363.5,68502.0,5015.0,9779402.0,Yes,Moderate,Acceptable,72.42,96.18,93.09,30.7,3.37,120.78,148.46
2025,Coimbatore,Tamil Nadu,Monsoon,Noyyal,Manufacturing,PM10,154.99,1.4,13197.0,68502.0,5015.0,9779402.0,Yes,Moderate,Acceptable,85.37,111.92,45.86,45.67,0.91,83.44,145.69
2025,Coimbatore,Tamil Nadu,Post-Monsoon,Noyyal,Manufacturing,PM10,182.22,1.25,33699.0,68502.0,5015.0,9779402.0,Yes,Moderate,Acceptable,83.5,108.98,56.92,29.38,0.96,66.42,171.29
2025,Coimbatore,Tamil Nadu,Summer,Noyyal,Manufacturing,O3,160.37,0.96,35056.0,68502.0,5015.0,9779402.0,Yes,Moderate,Good,66.61,109.14,16.42,7.27,4.01,137.72,150.75
2025,Coimbatore,Tamil Nadu,Summer,Noyyal,Manufacturing,PM10,158.54,0.8,17461.0,68502.0,5015.0,9779402.0,Yes,Moderate,Good,77.44,104.92,85.76,52.34,2.33,74.46,149.03
2025,Coimbatore,Tamil Nadu,Winter,Noyyal,Manufacturing,NO2,150.71,1.63,11329.0,68502.0,5015.0,9779402.0,Yes,Moderate,Acceptable,72.43,86.05,90.16,40.06,2.9,84.99,141.67
2025,Coimbatore,Tamil Nadu,Winter,Noyyal,Manufacturing,O3,195.92,0.94,40757.0,68502.0,5015.0,9779402.0,Yes,Moderate,Good,114.65,145.43,25.73,76.81,4.23,160.17,184.16
2025,Coimbatore,Tamil Nadu,Winter,Noyyal,Manufacturing,PM10,205.08,1.13,29489.0,68502.0,5015.0,9779402.0,Yes,Poor,Acceptable,87.24,115.94,67.45,49.44,2.0,15.86,192.78
2025,Delhi,Delhi,Monsoon,Yamuna,Manufacturing,O3,209.95,1.21,32524.0,257842.0,1872.0,4643417.0,Yes,Poor,Acceptable,96.87,147.88,60.04,56.92,0.91,158.17,197.35
2025,Delhi,Delhi,Monsoon,Yamuna,Manufacturing,PM10,212.9,1.22,36922.33,257842.0,1872.0,4643417.0,Yes,Poor,Good,118.15,139.6,106.64,38.77,1.79,79.08,200.13
2025,Delhi,Delhi,Post-Monsoon,Yamuna,Manufacturing,PM10,240.92,1.46,17369.0,257842.0,1872.0,4643417.0,Yes,Poor,Acceptable,110.59,168.16,67.38,29.18,2.67,97.37,226.46
2025,Delhi,Delhi,Summer,Yamuna,Manufacturing,PM10,216.98,1.1,26269.0,257842.0,1872.0,4643417.0,Yes,Poor,Acceptable,104.06,144.56,22.47,56.36,3.12,73.39,203.96
2025,Delhi,Delhi,Summer,Yamuna,Manufacturing,PM2.5,225.93,1.2,41313.0,257842.0,1872.0,4643417.0,Yes,Poor,Acceptable,118.94,117.16,52.01,6.88,1.88,101.12,212.37
2025,Delhi,Delhi,Winter,Yamuna,Manufacturing,O3,219.18,1.19,31300.0,257842.0,1872.0,4643417.0,Yes,Poor,Acceptable,102.75,148.97,54.26,9.71,2.48,157.73,206.03
2025,Delhi,Delhi,Winter,Yamuna,Manufacturing,PM10,274.71,1.01,21186.5,257842.0,1872.0,4643417.0,Yes,Poor,Acceptable,153.12,199.06,75.03,62.39,1.36,16.95,258.23
2025,Ernakulam,Kerala,Monsoon,Periyar,Shipping/Refinery,PM10,217.83,1.36,31093.0,100160.0,7609.0,1065934.0,Yes,Poor,Acceptable,105.84,140.69,75.09,36.46,1.75,35.49,204.76
2025,Ernakulam,Kerala,Post-Monsoon,Periyar,Shipping/Refinery,PM10,250.8,1.14,31581.5,100160.0,7609.0,1065934.0,Yes,Poor,Acceptable,113.04,182.94,65.84,33.2,1.82,84.65,235.75
2025,Ernakulam,Kerala,Summer,Periyar,Shipping/Refinery,PM10,217.85,1.12,26417.67,100160.0,7609.0,1065934.0,Yes,Poor,Acceptable,113.53,142.2,91.84,35.66,2.47,82.22,204.78
2025,Ernakulam,Kerala,Winter,Periyar,Shipping/Refinery,PM10,271.06,1.03,32999.67,100160.0,7609.0,1065934.0,Yes,Very Poor,Good,137.24,164.09,45.12,36.5,3.14,81.0,254.8
2025,Gurugram,Haryana,Monsoon,Sahibi,Automobile,O3,153.76,0.82,41343.0,43806.0,5476.0,4879204.0,Yes,Moderate,Good,94.48,92.82,117.72,6.24,3.64,129.57,144.53
2025,Gurugram,Haryana,Monsoon,Sahibi,Automobile,PM10,157.99,0.84,44936.67,43806.0,5476.0,4879204.0,Yes,Moderate,Good,75.4,103.49,87.63,45.45,1.9,47.39,148.51
2025,Gurugram,Haryana,Post-Monsoon,Sahibi,Automobile,PM10,173.44,1.02,26375.5,43806.0,5476.0,4879204.0,Yes,Moderate,Acceptable,76.64,102.8,29.68,35.35,1.96,29.58,163.03
2025,Gurugram,Haryana,Summer,Sahibi,Automobile,NO2,150.26,1.88,5453.0,43806.0,5476.0,4879204.0,Yes,Moderate,Acceptable,82.23,100.68,125.36,48.86,1.79,79.66,141.24
2025,Gurugram,Haryana,Summer,Sahibi,Automobile,O3,153.16,0.92,29187.0,43806.0,5476.0,4879204.0,Yes,Moderate,Good,77.49,107.02,28.91,50.27,2.73,142.43,143.97
2025,Gurugram,Haryana,Summer,Sahibi,Automobile,PM10,153.98,1.27,49332.0,43806.0,5476.0,4879204.0,Yes,Moderate,Acceptable,68.69,90.68,80.58,75.46,0.63,63.45,144.74
2025,Gurugram,Haryana,Winter,Sahibi,Automobile,O3,184.1,1.84,31500.5,43806.0,5476.0,4879204.0,Yes,Moderate,Acceptable,91.52,119.38,90.3,44.06,2.9,172.5,173.05
2025,Gurugram,Haryana,Winter,Sahibi,Automobile,PM10,185.82,1.42,13719.0,43806.0,5476.0,4879204.0,Yes,Moderate,Acceptable,105.82,153.66,77.53,77.55,3.41,96.52,174.67
2025,Guwahati,Assam,Monsoon,Brahmaputra,Agro-Industry,O3,198.52,1.18,29365.0,239522.0,3448.0,357075.0,Yes,Poor,Acceptable,94.92,122.63,16.18,70.82,2.4,165.19,186.61
2025,Guwahati,Assam,Monsoon,Brahmaputra,Agro-Industry,PM10,198.06,0.97,38030.5,239522.0,3448.0,357075.0,Yes,Moderate,Acceptable,87.84,128.24,44.02,68.44,1.98,84.19,186.18
2025,Guwahati,Assam,Post-Monsoon,Brahmaputra,Agro-Industry,PM10,233.49,1.34,43888.0,239522.0,3448.0,357075.0,Yes,Moderate,Acceptable,106.22,146.42,101.66,35.9,1.9,40.18,219.48
2025,Guwahati,Assam,Summer,Brahmaputra,Agro-Industry,PM10,202.1,1.72,45751.0,239522.0,3448.0,357075.0,Yes,Poor,Acceptable,93.5,127.86,44.68,56.7,1.64,100.0,189.97
2025,Guwahati,Assam,Summer,Brahmaputra,Agro-Industry,PM2.5,196.1,1.01,28277.0,239522.0,3448.0,357075.0,Yes,Moderate,Acceptable,116.25,114.87,15.84,28.91,2.2,114.99,184.33
2025,Guwahati,Assam,Winter,Brahmaputra,Agro-Industry,O3,214.61,1.44,24769.5,239522.0,3448.0,357075.0,Yes,Moderate,Acceptable,116.85,159.15,71.9,38.58,2.34,169.86,201.73
2025,Guwahati,Assam,Winter,Brahmaputra,Agro-Industry,PM10,261.8,1.81,49418.0,239522.0,3448.0,357075.0,Yes,Poor,Acceptable,113.6,161.3,77.62,70.3,4.31,33.4,246.09
2025,Hyderabad,Telangana,Monsoon,Musi,Manufacturing,O3,190.75,1.46,18115.33,134109.0,2546.0,13668276.0,Yes,Moderate,Acceptable,108.17,137.69,79.7,51.18,1.46,163.73,179.3
2025,Hyderabad,Telangana,Monsoon,Musi,Manufacturing,PM10,213.52,1.03,17892.0,134109.0,2546.0,13668276.0,Yes,Poor,Acceptable,98.7,107.93,25.61,51.69,0.44,33.95,200.71
2025,Hyderabad,Telangana,Post-Monsoon,Musi,Manufacturing,PM10,226.06,1.06,40882.5,134109.0,2546.0,13668276.0,Yes,Moderate,Good,90.42,150.62,72.15,54.34,1.48,93.23,212.5
2025,Hyderabad,Telangana,Summer,Musi,Manufacturing,O3,183.44,1.07,18279.0,134109.0,2546.0,13668276.0,Yes,Moderate,Acceptable,97.72,123.59,39.69,23.87,2.12,169.28,172.43
2025,Hyderabad,Telangana,Summer,Musi,Manufacturing,PM10,190.32,1.4,24465.0,134109.0,2546.0,13668276.0,Yes,Moderate,Acceptable,99.5,117.96,90.67,27.24,3.13,41.25,178.9
2025,Hyderabad,Telangana,Winter,Musi,Manufacturing,PM10,234.39,1.39,31474.0,134109.0,2546.0,13668276.0,Yes,Poor,Acceptable,112.31,148.3,53.93,58.65,2.54,70.95,220.33
2025,Jaipur,Rajasthan,Monsoon,Banas,Manufacturing,O3,161.3,1.13,9327.5,162005.0,11876.0,3978544.0,Yes,Moderate,Acceptable,76.47,105.35,57.88,49.58,2.16,163.98,151.62
2025,Jaipur,Rajasthan,Monsoon,Banas,Manufacturing,PM10,159.51,1.18,35623.0,162005.0,11876.0,3978544.0,Yes,Moderate,Good,79.62,108.1,83.42,50.48,2.83,54.75,149.94
2025,Jaipur,Rajasthan,Post-Monsoon,Banas,Manufacturing,O3,168.31,1.61,24988.0,162005.0,11876.0,3978544.0,Yes,Moderate,Acceptable,93.47,110.55,12.64,20.68,4.26,122.33,158.21
2025,Jaipur,Rajasthan,Post-Monsoon,Banas,Manufacturing,PM10,214.09,1.53,43512.0,162005.0,11876.0,3978544.0,Yes,Poor,Acceptable,86.6,133.52,76.93,79.5,1.97,118.42,201.24
2025,Jaipur,Rajasthan,Summer,Banas,Manufacturing,O3,159.68,1.08,43965.5,162005.0,11876.0,3978544.0,Yes,Moderate,Good,86.94,97.98,70.09,39.82,1.44,134.65,150.1
2025,Jaipur,Rajasthan,Summer,Banas,Manufacturing,PM10,156.07,0.93,42947.0,162005.0,11876.0,3978544.0,Yes,Moderate,Good,83.01,127.57,90.14,28.99,4.37,100.96,146.71
2025,Jaipur,Rajasthan,Winter,Banas,Manufacturing,PM10,190.23,1.13,25214.33,162005.0,11876.0,3978544.0,Yes,Poor,Acceptable,90.67,128.26,79.0,50.34,1.75,90.84,178.82
2025,Jorapokhar,Jharkhand,Monsoon,Damodar,Mining/Coal,O3,170.9,1.3,49592.0,78415.0,1164.0,115270.0,Yes,Moderate,Acceptable,98.09,118.7,28.19,53.35,2.77,172.12,160.65
2025,Jorapokhar,Jharkhand,Monsoon,Damodar,Mining/Coal,PM10,174.56,0.93,34367.0,78415.0,1164.0,115270.0,Yes,Moderate,Good,94.46,112.16,77.59,44.64,3.02,92.13,164.09
2025,Jorapokhar,Jharkhand,Post-Monsoon,Damodar,Mining/Coal,PM10,195.87,1.4,31103.5,78415.0,1164.0,115270.0,Yes,Moderate,Acceptable,87.0,128.72,115.22,59.52,3.78,97.16,184.12
2025,Jorapokhar,Jharkhand,Summer,Damodar,Mining/Coal,NO2,171.96,0.84,25686.0,78415.0,1164.0,115270.0,Yes,Moderate,Good,89.89,105.76,107.62,25.18,0.91,10.63,161.64
2025,Jorapokhar,Jharkhand,Summer,Damodar,Mining/Coal,O3,169.69,1.6,11138.0,78415.0,1164.0,115270.0,Yes,Moderate,Acceptable,97.38,99.79,105.24,21.47,4.26,178.64,159.51
2025,Jorapokhar,Jharkhand,Summer,Damodar,Mining/Coal,PM10,174.34,1.71,33593.0,78415.0,1164.0,115270.0,Yes,Moderate,Acceptable,85.14,113.54,12.86,80.88,0.51,92.9,163.88
2025,Jorapokhar,Jharkhand,Winter,Damodar,Mining/Coal,O3,200.47,1.64,18887.0,78415.0,1164.0,115270.0,Yes,Moderate,Acceptable,108.5,126.96,50.24,32.29,1.74,142.88,188.44
2025,Jorapokhar,Jharkhand,Winter,Damodar,Mining/Coal,PM10,219.01,1.05,35939.0,78415.0,1164.0,115270.0,Yes,Poor,Acceptable,124.44,168.62,66.18,36.42,4.4,160.94,205.87
2025,Kochi,Kerala,Monsoon,Periyar,Shipping/Refinery,PM10,244.86,1.36,31093.0,100160.0,7609.0,1288203.0,Yes,Poor,Acceptable,118.78,161.58,83.08,40.39,2.04,39.31,230.17
2025,Kochi,Kerala,Post-Monsoon,Periyar,Shipping/Refinery,PM10,273.37,1.13,31581.5,100160.0,7609.0,1288203.0,Yes,Poor,Acceptable,123.42,194.57,75.22,37.24,1.98,94.46,256.97
2025,Kochi,Kerala,Summer,Periyar,Shipping/Refinery,PM10,240.04,1.13,26417.67,100160.0,7609.0,1288203.0,Yes,Poor,Acceptable,129.55,152.81,99.54,37.43,2.68,89.05,225.64
2025,Kochi,Kerala,Winter,Periyar,Shipping/Refinery,PM10,293.73,1.01,32999.67,100160.0,7609.0,1288203.0,Yes,Very Poor,Good,149.58,184.03,50.67,40.19,3.48,90.47,276.11
2025,Kolkata,West Bengal,Monsoon,Hooghly,Manufacturing,O3,232.09,0.6,11277.0,52260.0,6754.0,21534783.0,Yes,Poor,Good,126.29,132.58,59.55,66.68,3.52,149.43,218.16
2025,Kolkata,West Bengal,Monsoon,Hooghly,Manufacturing,PM10,227.08,1.17,22588.0,52260.0,6754.0,21534783.0,Yes,Poor,Acceptable,121.2,138.0,82.08,33.5,1.66,124.81,213.46
2025,Kolkata,West Bengal,Post-Monsoon,Hooghly,Manufacturing,O3,224.89,1.82,24111.0,52260.0,6754.0,21534783.0,Yes,Poor,Acceptable,114.91,165.23,115.24,34.71,0.92,167.6,211.4
2025,Kolkata,West Bengal,Post-Monsoon,Hooghly,Manufacturing,PM2.5,294.79,1.86,20837.0,52260.0,6754.0,21534783.0,Yes,Poor,Acceptable,162.99,160.61,44.33,11.61,3.97,16.36,277.1
2025,Kolkata,West Bengal,Summer,Hooghly,Manufacturing,O3,233.1,1.5,37054.0,52260.0,6754.0,21534783.0,Yes,Poor,Acceptable,103.07,133.57,95.99,53.73,0.49,142.99,219.11
2025,Kolkata,West Bengal,Summer,Hooghly,Manufacturing,PM10,224.7,1.14,21674.0,52260.0,6754.0,21534783.0,Yes,Poor,Acceptable,104.53,136.34,62.38,36.74,3.65,106.91,211.22
2025,Kolkata,West Bengal,Winter,Hooghly,Manufacturing,PM10,262.02,1.18,32249.0,52260.0,6754.0,21534783.0,Yes,Poor,Acceptable,134.05,166.02,48.11,38.74,2.9,52.96,246.3
2025,Lucknow,Uttar Pradesh,Monsoon,Gomti,Agro-Industry,O3,214.8,1.03,36422.0,262257.0,5951.0,1703756.0,Yes,Poor,Good,116.72,145.56,62.09,50.24,1.48,159.77,201.91
2025,Lucknow,Uttar Pradesh,Monsoon,Gomti,Agro-Industry,PM10,210.41,1.3,21184.5,262257.0,5951.0,1703756.0,Yes,Poor,Acceptable,108.84,119.32,66.56,45.51,1.36,49.99,197.79
2025,Lucknow,Uttar Pradesh,Post-Monsoon,Gomti,Agro-Industry,PM10,260.36,1.12,36564.5,262257.0,5951.0,1703756.0,Yes,Poor,Acceptable,139.29,155.78,86.1,42.52,2.73,126.29,244.74
2025,Lucknow,Uttar Pradesh,Summer,Gomti,Agro-Industry,O3,215.27,0.86,42827.0,262257.0,5951.0,1703756.0,Yes,Poor,Good,125.84,149.76,53.01,22.65,2.24,171.49,202.35
2025,Lucknow,Uttar Pradesh,Summer,Gomti,Agro-Industry,PM10,211.88,1.49,33335.0,262257.0,5951.0,1703756.0,Yes,Poor,Acceptable,102.06,150.91,30.48,60.35,2.42,15.6,199.17
2025,Lucknow,Uttar Pradesh,Winter,Gomti,Agro-Industry,PM10,249.58,0.97,28918.0,262257.0,5951.0,1703756.0,Yes,Poor,Good,133.71,174.45,73.24,31.97,2.54,49.96,234.61
2025,Mumbai,Maharashtra,Monsoon,Ulhas,Manufacturing,NO2,128.52,1.43,14311.5,111585.0,9009.0,36559343.0,Yes,Moderate,Acceptable,59.31,77.96,98.48,47.28,3.94,76.44,120.81
2025,Mumbai,Maharashtra,Monsoon,Ulhas,Manufacturing,O3,123.11,1.42,34219.0,111585.0,9009.0,36559343.0,Yes,Moderate,Acceptable,58.32,72.17,13.91,80.74,1.27,122.21,115.72
2025,Mumbai,Maharashtra,Monsoon,Ulhas,Manufacturing,PM10,130.1,1.59,43391.0,111585.0,9009.0,36559343.0,Yes,Moderate,Acceptable,73.65,90.52,46.12,36.19,3.88,72.93,122.29
2025,Mumbai,Maharashtra,Post-Monsoon,Ulhas,Manufacturing,O3,134.0,1.09,23839.0,111585.0,9009.0,36559343.0,Yes,Moderate,Acceptable,74.92,88.12,48.16,51.4,0.57,167.33,125.96
2025,Mumbai,Maharashtra,Post-Monsoon,Ulhas,Manufacturing,PM10,170.06,1.47,33277.0,111585.0,9009.0,36559343.0,Yes,Moderate,Acceptable,83.24,123.65,19.17,62.69,3.85,41.46,159.86
2025,Mumbai,Maharashtra,Summer,Ulhas,Manufacturing,O3,125.4,0.84,26534.5,111585.0,9009.0,36559343.0,Yes,Moderate,Good,71.6,76.39,48.7,36.66,2.93,123.86,117.88
2025,Mumbai,Maharashtra,Summer,Ulhas,Manufacturing,PM10,134.03,1.82,32284.0,111585.0,9009.0,36559343.0,Yes,Moderate,Acceptable,64.88,76.16,28.08,73.48,1.7,72.04,125.99
2025,Mumbai,Maharashtra,Winter,Ulhas,Manufacturing,PM10,154.43,1.54,12666.0,111585.0,9009.0,36559343.0,Yes,Moderate,Acceptable,68.51,97.47,55.57,59.62,2.69,59.06,145.16
2025,Patna,Bihar,Monsoon,Ganga,Agro-Industry,NO2,161.91,1.52,35258.0,178599.0,1110.0,723723.0,Yes,Moderate,Acceptable,73.31,100.17,105.63,66.81,0.55,19.44,152.2
2025,Patna,Bihar,Monsoon,Ganga,Agro-Industry,O3,157.79,1.46,36910.5,178599.0,1110.0,723723.0,Yes,Moderate,Acceptable,75.17,111.52,97.9,43.65,2.36,148.82,148.32
2025,Patna,Bihar,Monsoon,Ganga,Agro-Industry,PM10,158.52,1.53,42537.0,178599.0,1110.0,723723.0,Yes,Moderate,Acceptable,86.58,98.19,70.9,46.12,1.43,85.02,149.01
2025,Patna,Bihar,Post-Monsoon,Ganga,Agro-Industry,O3,155.66,0.97,39988.0,178599.0,1110.0,723723.0,Yes,Moderate,Good,79.04,115.26,106.87,8.66,2.25,155.61,146.32
2025,Patna,Bihar,Post-Monsoon,Ganga,Agro-Industry,PM10,199.63,1.45,48852.0,178599.0,1110.0,723723.0,Yes,Moderate,Acceptable,115.24,135.89,37.81,15.1,3.05,39.4,187.65
2025,Patna,Bihar,Summer,Ganga,Agro-Industry,O3,157.77,1.74,35804.0,178599.0,1110.0,723723.0,Yes,Moderate,Acceptable,77.5,95.75,28.59,39.68,0.73,152.89,148.3
2025,Patna,Bihar,Summer,Ganga,Agro-Industry,PM10,156.1,0.76,32650.0,178599.0,1110.0,723723.0,Yes,Moderate,Good,65.35,115.32,79.96,39.27,0.34,91.44,146.73
2025,Patna,Bihar,Winter,Ganga,Agro-Industry,O3,151.06,1.31,10838.0,178599.0,1110.0,723723.0,Yes,Moderate,Acceptable,95.73,94.46,12.89,81.21,0.58,161.2,142.0
2025,Patna,Bihar,Winter,Ganga,Agro-Industry,PM10,205.4,1.23,33486.5,178599.0,1110.0,723723.0,Yes,Poor,Acceptable,100.26,147.98,79.85,61.1,2.69,35.02,193.08
2025,Shillong,Meghalaya,Monsoon,Umiam,Handicrafts,O3,95.48,1.18,29365.0,239522.0,3448.0,212092.0,Yes,Satisfactory,Acceptable,43.5,61.25,8.18,36.12,1.23,84.04,89.75
2025,Shillong,Meghalaya,Monsoon,Umiam,Handicrafts,PM10,93.36,0.96,38030.5,239522.0,3448.0,212092.0,Yes,Satisfactory,Acceptable,42.92,65.04,21.92,30.54,1.02,43.73,87.76
2025,Shillong,Meghalaya,Post-Monsoon,Umiam,Handicrafts,PM10,115.72,1.34,43888.0,239522.0,3448.0,212092.0,Yes,Satisfactory,Acceptable,50.48,65.89,52.07,18.61,1.02,19.62,108.78
2025,Shillong,Meghalaya,Summer,Umiam,Handicrafts,O3,98.84,1.9,49399.0,239522.0,3448.0,212092.0,Yes,Satisfactory,Acceptable,43.64,63.59,14.97,31.28,0.54,70.89,92.91
2025,Shillong,Meghalaya,Summer,Umiam,Handicrafts,PM10,99.4,1.32,35190.0,239522.0,3448.0,212092.0,Yes,Satisfactory,Good,51.72,62.9,18.68,20.96,1.13,50.08,93.44
2025,Shillong,Meghalaya,Winter,Umiam,Handicrafts,O3,96.56,1.58,37154.0,239522.0,3448.0,212092.0,Yes,Satisfactory,Acceptable,47.74,67.23,35.59,18.17,0.83,81.67,90.77
2025,Shillong,Meghalaya,Winter,Umiam,Handicrafts,PM10,124.19,1.56,30901.5,239522.0,3448.0,212092.0,Yes,Moderate,Acceptable,61.39,83.06,40.98,27.74,1.86,48.81,116.74
2025,Talcher,Odisha,Monsoon,Brahmani,Thermal Power,NO2,199.28,1.66,23500.0,84422.0,10302.0,310816.0,Yes,Moderate,Acceptable,82.33,122.54,123.67,57.48,1.3,36.64,187.32
2025,Talcher,Odisha,Monsoon,Brahmani,Thermal Power,O3,188.76,1.03,15479.0,84422.0,10302.0,310816.0,Yes,Moderate,Acceptable,99.75,133.13,90.12,43.08,2.09,170.32,177.43
2025,Talcher,Odisha,Monsoon,Brahmani,Thermal Power,PM10,198.84,1.05,12823.0,84422.0,10302.0,310816.0,Yes,Poor,Acceptable,89.05,124.02,22.28,70.19,1.76,53.78,186.91
2025,Talcher,Odisha,Post-Monsoon,Brahmani,Thermal Power,PM10,231.79,1.33,29662.5,84422.0,10302.0,310816.0,Yes,Poor,Acceptable,125.1,137.24,55.18,51.65,3.32,100.74,217.88
2025,Talcher,Odisha,Summer,Brahmani,Thermal Power,O3,197.64,1.42,16103.0,84422.0,10302.0,310816.0,Yes,Moderate,Acceptable,117.82,120.3,30.96,52.7,3.2,189.42,185.78
2025,Talcher,Odisha,Summer,Brahmani,Thermal Power,PM10,201.44,1.27,13061.0,84422.0,10302.0,310816.0,Yes,Poor,Acceptable,104.69,119.95,84.44,60.54,3.16,79.98,189.35
2025,Talcher,Odisha,Winter,Brahmani,Thermal Power,O3,223.7,1.86,19936.0,84422.0,10302.0,310816.0,Yes,Poor,Acceptable,102.72,158.32,112.58,60.82,4.27,170.64,210.28
2025,Talcher,Odisha,Winter,Brahmani,Thermal Power,PM10,246.63,1.33,31531.0,84422.0,10302.0,310816.0,Yes,Poor,Acceptable,152.56,191.22,31.62,57.18,0.46,114.83,231.83
2025,Thiruvananthapuram,Kerala,Monsoon,Karamana,IT/Electronics,NO2,157.45,0.9,40387.0,224592.0,12962.0,1498216.0,Yes,Moderate,Good,77.25,112.26,112.96,28.85,0.99,31.04,148.0
2025,Thiruvananthapuram,Kerala,Monsoon,Karamana,IT/Electronics,O3,152.09,1.56,38139.0,224592.0,12962.0,1498216.0,Yes,Moderate,Acceptable,69.41,90.88,13.51,48.61,4.03,117.96,142.96
2025,Thiruvananthapuram,Kerala,Monsoon,Karamana,IT/Electronics,PM10,158.01,1.27,14428.0,224592.0,12962.0,1498216.0,Yes,Moderate,Acceptable,84.16,104.21,45.73,44.14,1.23,77.0,148.53
2025,Thiruvananthapuram,Kerala,Post-Monsoon,Karamana,IT/Electronics,O3,146.0,1.26,12346.0,224592.0,12962.0,1498216.0,Yes,Moderate,Acceptable,90.82,103.37,105.7,74.65,0.32,136.91,137.24
2025,Thiruvananthapuram,Kerala,Post-Monsoon,Karamana,IT/Electronics,PM10,207.51,1.35,16325.0,224592.0,12962.0,1498216.0,Yes,Poor,Acceptable,117.23,145.39,32.22,29.4,2.53,20.18,195.06
2025,Thiruvananthapuram,Kerala,Summer,Karamana,IT/Electronics,O3,154.04,1.22,28268.5,224592.0,12962.0,1498216.0,Yes,Moderate,Good,67.86,96.98,49.4,29.64,0.7,134.76,144.8
2025,Thiruvananthapuram,Kerala,Summer,Karamana,IT/Electronics,PM10,153.81,0.94,49172.0,224592.0,12962.0,1498216.0,Yes,Moderate,Good,87.87,91.19,14.66,40.31,2.69,70.82,144.58
2025,Thiruvananthapuram,Kerala,Winter,Karamana,IT/Electronics,O3,147.41,1.3,18839.0,224592.0,12962.0,1498216.0,Yes,Moderate,Acceptable,87.29,114.72,100.6,44.13,1.21,167.03,138.57
2025,Thiruvananthapuram,Kerala,Winter,Karamana,IT/Electronics,PM10,203.04,1.3,44405.5,224592.0,12962.0,1498216.0,Yes,Poor,Acceptable,109.53,135.56,32.3,44.47,2.46,72.26,190.86
2025,Visakhapatnam,Andhra Pradesh,Monsoon,Gosthani,Mining,O3,187.83,1.46,18115.33,134109.0,2546.0,281589.0,Yes,Moderate,Acceptable,103.08,131.92,75.89,48.65,1.4,162.21,176.56
2025,Visakhapatnam,Andhra Pradesh,Monsoon,Gosthani,Mining,PM10,196.62,1.03,17892.0,134109.0,2546.0,281589.0,Yes,Moderate,Acceptable,98.67,105.15,23.2,48.87,0.45,28.89,184.82
2025,Visakhapatnam,Andhra Pradesh,Post-Monsoon,Gosthani,Mining,PM10,222.2,1.05,40882.5,134109.0,2546.0,281589.0,Yes,Moderate,Good,87.29,148.48,66.78,48.87,1.34,85.76,208.87
2025,Visakhapatnam,Andhra Pradesh,Summer,Gosthani,Mining,O3,176.66,1.08,18279.0,134109.0,2546.0,281589.0,Yes,Moderate,Acceptable,97.71,112.36,40.83,20.12,2.1,159.86,166.06
2025,Visakhapatnam,Andhra Pradesh,Summer,Gosthani,Mining,PM10,189.61,1.4,24465.0,134109.0,2546.0,281589.0,Yes,Moderate,Acceptable,89.33,114.26,87.76,26.62,3.04,38.11,178.23
2025,Visakhapatnam,Andhra Pradesh,Winter,Gosthani,Mining,PM10,215.57,1.36,31474.0,134109.0,2546.0,281589.0,Yes,Poor,Acceptable,111.04,144.83,52.03,57.42,2.42,66.67,202.64
