Year,City,State,Season,River_Name,Industry_Sector,Avg_AQI,Avg_Water_Contamination,Avg_Industrial_Emission,Avg_Vehicular_Emission,Avg_GDP,Avg_Population,Water_Quality_Status,AQI_Bucket
2010,Ahmedabad,Gujarat,Monsoon,Sabarmati,Chemical,130.88,1.65,30045.75,142244.0,4183396.0,3455.0,Acceptable,Moderate
2010,Ahmedabad,Gujarat,Post-Monsoon,Sabarmati,Chemical,153.83,1.02,28065.0,142244.0,4183396.0,3455.0,Acceptable,Moderate
2010,Ahmedabad,Gujarat,Summer,Sabarmati,Chemical,127.0,1.43,23355.33,142244.0,4183396.0,3455.0,Acceptable,Moderate
2010,Ahmedabad,Gujarat,Winter,Sabarmati,Chemical,157.69,1.24,46640.67,142244.0,4183396.0,3455.0,Good,Moderate
2010,Aizawl,Mizoram,Monsoon,Tlawng,Handicrafts,78.21,1.08,26109.75,223961.0,52251.0,3174.0,Acceptable,Satisfactory
2010,Aizawl,Mizoram,Post-Monsoon,Tlawng,Handicrafts,93.8,1.38,24970.5,223961.0,52251.0,3174.0,Acceptable,Satisfactory
2010,Aizawl,Mizoram,Summer,Tlawng,Handicrafts,78.96,1.28,32698.67,223961.0,52251.0,3174.0,Acceptable,Satisfactory
2010,Aizawl,Mizoram,Winter,Tlawng,Handicrafts,96.83,1.53,28646.33,223961.0,52251.0,3174.0,Acceptable,Moderate
2010,Amaravati,Andhra Pradesh,Monsoon,Krishna,Agro-processing,150.57,1.58,21906.25,117504.0,238596.0,2253.0,Acceptable,Moderate
2010,Amaravati,Andhra Pradesh,Post-Monsoon,Krishna,Agro-processing,172.83,0.88,13613.0,117504.0,238596.0,2253.0,Acceptable,Moderate
2010,Amaravati,Andhra Pradesh,Summer,Krishna,Agro-processing,145.99,0.75,24240.33,117504.0,238596.0,2253.0,Good,Moderate
2010,Amaravati,Andhra Pradesh,Winter,Krishna,Agro-processing,175.12,1.03,19335.0,117504.0,238596.0,2253.0,Acceptable,Moderate
2010,Amritsar,Punjab,Monsoon,Beas,Agro-Industry,129.42,1.68,29419.75,247569.0,575290.0,3158.0,Acceptable,Moderate
2010,Amritsar,Punjab,Post-Monsoon,Beas,Agro-Industry,151.59,1.41,24820.0,247569.0,575290.0,3158.0,Acceptable,Moderate
2010,Amritsar,Punjab,Summer,Beas,Agro-Industry,126.36,1.21,34585.67,247569.0,575290.0,3158.0,Acceptable,Moderate
2010,Amritsar,Punjab,Winter,Beas,Agro-Industry,153.28,1.18,11528.33,247569.0,575290.0,3158.0,Acceptable,Moderate
2010,Bengaluru,Karnataka,Monsoon,Arkavathi,Agro-Industry,88.29,0.93,28124.5,103736.0,1978388.0,12399.0,Acceptable,Satisfactory
2010,Bengaluru,Karnataka,Post-Monsoon,Arkavathi,Agro-Industry,106.0,1.19,33487.0,103736.0,1978388.0,12399.0,Acceptable,Satisfactory
2010,Bengaluru,Karnataka,Summer,Arkavathi,Agro-Industry,90.43,1.12,21886.0,103736.0,1978388.0,12399.0,Acceptable,Satisfactory
2010,Bengaluru,Karnataka,Winter,Arkavathi,Agro-Industry,110.67,0.97,30143.0,103736.0,1978388.0,12399.0,Acceptable,Moderate
2010,Bhopal,Madhya Pradesh,Monsoon,Betwa,Manufacturing,111.14,1.38,22987.5,18839.0,297512.0,11244.0,Polluted,Moderate
2010,Bhopal,Madhya Pradesh,Post-Monsoon,Betwa,Manufacturing,132.62,0.6,36081.5,18839.0,297512.0,11244.0,Good,Moderate
2010,Bhopal,Madhya Pradesh,Summer,Betwa,Manufacturing,114.57,0.97,23966.0,18839.0,297512.0,11244.0,Good,Moderate
2010,Bhopal,Madhya Pradesh,Winter,Betwa,Manufacturing,133.14,1.31,27089.67,18839.0,297512.0,11244.0,Acceptable,Moderate
2010,Brajrajnagar,Odisha,Monsoon,Ib,Coal/Power,90.21,1.27,24754.5,226737.0,50415.0,7637.0,Good,Satisfactory
2010,Brajrajnagar,Odisha,Post-Monsoon,Ib,Coal/Power,104.68,1.19,20910.0,226737.0,50415.0,7637.0,Acceptable,Satisfactory
2010,Brajrajnagar,Odisha,Summer,Ib,Coal/Power,91.41,1.11,28757.0,226737.0,50415.0,7637.0,Acceptable,Satisfactory
2010,Brajrajnagar,Odisha,Winter,Ib,Coal/Power,110.61,1.19,32154.67,226737.0,50415.0,7637.0,Good,Moderate
2010,Chandigarh,Chandigarh,Monsoon,Sukhna,Manufacturing,106.73,1.67,29419.75,247569.0,819759.0,3158.0,Acceptable,Moderate
2010,Chandigarh,Chandigarh,Post-Monsoon,Sukhna,Manufacturing,118.32,1.42,24820.0,247569.0,819759.0,3158.0,Acceptable,Moderate
2010,Chandigarh,Chandigarh,Summer,Sukhna,Manufacturing,105.83,1.19,34585.67,247569.0,819759.0,3158.0,Acceptable,Moderate
2010,Chandigarh,Chandigarh,Winter,Sukhna,Manufacturing,127.53,1.23,11528.33,247569.0,819759.0,3158.0,Acceptable,Moderate
2010,Chennai,Tamil Nadu,Monsoon,Cooum,Manufacturing,135.23,1.3,17897.0,46051.0,12724261.0,6982.0,Acceptable,Moderate
2010,Chennai,Tamil Nadu,Post-Monsoon,Cooum,Manufacturing,161.26,1.0,14788.5,46051.0,12724261.0,6982.0,Good,Moderate
2010,Chennai,Tamil Nadu,Summer,Cooum,Manufacturing,134.61,0.95,34139.0,46051.0,12724261.0,6982.0,Good,Moderate
2010,Chennai,Tamil Nadu,Winter,Cooum,Manufacturing,156.69,1.05,21774.33,46051.0,12724261.0,6982.0,Acceptable,Moderate
2010,Coimbatore,Tamil Nadu,Monsoon,Noyyal,Manufacturing,126.78,1.3,24646.0,40361.0,4080603.0,4519.0,Acceptable,Moderate
2010,Coimbatore,Tamil Nadu,Post-Monsoon,Noyyal,Manufacturing,143.1,1.54,26038.0,40361.0,4080603.0,4519.0,Acceptable,Moderate
2010,Coimbatore,Tamil Nadu,Summer,Noyyal,Manufacturing,126.22,1.3,40649.67,40361.0,4080603.0,4519.0,Acceptable,Moderate
2010,Coimbatore,Tamil Nadu,Winter,Noyyal,Manufacturing,148.82,1.03,18818.0,40361.0,4080603.0,4519.0,Acceptable,Moderate
2010,Delhi,Delhi,Monsoon,Yamuna,Manufacturing,183.02,1.34,29269.5,228801.0,1937536.0,1360.0,Acceptable,Moderate
2010,Delhi,Delhi,Post-Monsoon,Yamuna,Manufacturing,213.58,1.08,19080.5,228801.0,1937536.0,1360.0,Good,Moderate
2010,Delhi,Delhi,Summer,Yamuna,Manufacturing,188.27,1.5,26130.0,228801.0,1937536.0,1360.0,Acceptable,Moderate
2010,Delhi,Delhi,Winter,Yamuna,Manufacturing,216.51,1.63,11535.0,228801.0,1937536.0,1360.0,Polluted,Poor
2010,Ernakulam,Kerala,Monsoon,Periyar,Shipping/Refinery,190.28,1.34,20194.25,75555.0,444777.0,7175.0,Good,Moderate
2010,Ernakulam,Kerala,Post-Monsoon,Periyar,Shipping/Refinery,224.44,1.45,22500.0,75555.0,444777.0,7175.0,Acceptable,Moderate
2010,Ernakulam,Kerala,Summer,Periyar,Shipping/Refinery,195.16,1.17,26857.0,75555.0,444777.0,7175.0,Acceptable,Poor
2010,Ernakulam,Kerala,Winter,Periyar,Shipping/Refinery,230.3,1.74,24208.67,75555.0,444777.0,7175.0,Acceptable,Poor
2010,Gurugram,Haryana,Monsoon,Sahibi,Automobile,120.51,1.23,26488.25,16156.0,2035921.0,4989.0,Acceptable,Moderate
2010,Gurugram,Haryana,Post-Monsoon,Sahibi,Automobile,138.47,1.84,12408.5,16156.0,2035921.0,4989.0,Polluted,Moderate
2010,Gurugram,Haryana,Summer,Sahibi,Automobile,120.23,0.64,16038.67,16156.0,2035921.0,4989.0,Good,Moderate
2010,Gurugram,Haryana,Winter,Sahibi,Automobile,146.31,0.89,18185.67,16156.0,2035921.0,4989.0,Good,Moderate
2010,Guwahati,Assam,Monsoon,Brahmaputra,Agro-Industry,181.6,1.08,26109.75,223961.0,148995.0,3174.0,Acceptable,Moderate
2010,Guwahati,Assam,Post-Monsoon,Brahmaputra,Agro-Industry,203.85,1.39,24970.5,223961.0,148995.0,3174.0,Acceptable,Moderate
2010,Guwahati,Assam,Summer,Brahmaputra,Agro-Industry,175.15,1.23,32698.67,223961.0,148995.0,3174.0,Acceptable,Moderate
2010,Guwahati,Assam,Winter,Brahmaputra,Agro-Industry,211.98,1.47,28646.33,223961.0,148995.0,3174.0,Acceptable,Poor
2010,Hyderabad,Telangana,Monsoon,Musi,Manufacturing,175.33,1.57,21906.25,117504.0,5703294.0,2253.0,Acceptable,Moderate
2010,Hyderabad,Telangana,Post-Monsoon,Musi,Manufacturing,203.24,0.88,13613.0,117504.0,5703294.0,2253.0,Acceptable,Moderate
2010,Hyderabad,Telangana,Summer,Musi,Manufacturing,172.6,0.74,24240.33,117504.0,5703294.0,2253.0,Good,Moderate
2010,Hyderabad,Telangana,Winter,Musi,Manufacturing,208.14,1.04,19335.0,117504.0,5703294.0,2253.0,Acceptable,Poor
2010,Jaipur,Rajasthan,Monsoon,Banas,Manufacturing,142.6,0.76,35140.5,143369.0,1660107.0,11548.0,Good,Moderate
2010,Jaipur,Rajasthan,Post-Monsoon,Banas,Manufacturing,160.14,0.75,18437.0,143369.0,1660107.0,11548.0,Acceptable,Moderate
2010,Jaipur,Rajasthan,Summer,Banas,Manufacturing,136.67,1.14,26910.67,143369.0,1660107.0,11548.0,Acceptable,Moderate
2010,Jaipur,Rajasthan,Winter,Banas,Manufacturing,162.86,1.27,35884.67,143369.0,1660107.0,11548.0,Acceptable,Moderate
2010,Jorapokhar,Jharkhand,Monsoon,Damodar,Mining/Coal,147.92,1.19,19590.25,60823.0,48098.0,854.0,Acceptable,Moderate
2010,Jorapokhar,Jharkhand,Post-Monsoon,Damodar,Mining/Coal,172.69,1.11,39405.5,60823.0,48098.0,854.0,Good,Moderate
2010,Jorapokhar,Jharkhand,Summer,Damodar,Mining/Coal,146.65,1.25,23153.33,60823.0,48098.0,854.0,Acceptable,Moderate
2010,Jorapokhar,Jharkhand,Winter,Damodar,Mining/Coal,172.83,1.02,31727.33,60823.0,48098.0,854.0,Acceptable,Moderate
2010,Kochi,Kerala,Monsoon,Periyar,Shipping/Refinery,217.1,1.32,20194.25,75555.0,537522.0,7175.0,Good,Poor
2010,Kochi,Kerala,Post-Monsoon,Periyar,Shipping/Refinery,248.92,1.49,22500.0,75555.0,537522.0,7175.0,Acceptable,Poor
2010,Kochi,Kerala,Summer,Periyar,Shipping/Refinery,213.22,1.18,26857.0,75555.0,537522.0,7175.0,Acceptable,Poor
2010,Kochi,Kerala,Winter,Periyar,Shipping/Refinery,257.66,1.74,24208.67,75555.0,537522.0,7175.0,Acceptable,Poor
2010,Kolkata,West Bengal,Monsoon,Hooghly,Manufacturing,199.42,1.22,33276.75,36925.0,8985713.0,6484.0,Acceptable,Moderate
2010,Kolkata,West Bengal,Post-Monsoon,Hooghly,Manufacturing,237.33,1.34,6555.5,36925.0,8985713.0,6484.0,Acceptable,Poor
2010,Kolkata,West Bengal,Summer,Hooghly,Manufacturing,210.2,1.25,17116.0,36925.0,8985713.0,6484.0,Acceptable,Poor
2010,Kolkata,West Bengal,Winter,Hooghly,Manufacturing,249.35,1.7,25230.0,36925.0,8985713.0,6484.0,Acceptable,Poor
2010,Lucknow,Uttar Pradesh,Monsoon,Gomti,Agro-Industry,190.27,1.01,31096.5,243297.0,710918.0,5617.0,Good,Moderate
2010,Lucknow,Uttar Pradesh,Post-Monsoon,Gomti,Agro-Industry,213.82,1.26,39539.0,243297.0,710918.0,5617.0,Acceptable,Moderate
2010,Lucknow,Uttar Pradesh,Summer,Gomti,Agro-Industry,193.72,1.87,39095.0,243297.0,710918.0,5617.0,Acceptable,Moderate
2010,Lucknow,Uttar Pradesh,Winter,Gomti,Agro-Industry,234.76,1.25,41975.33,243297.0,710918.0,5617.0,Good,Poor
2010,Mumbai,Maharashtra,Monsoon,Ulhas,Manufacturing,109.57,1.25,14895.0,93025.0,15254936.0,8682.0,Acceptable,Moderate
2010,Mumbai,Maharashtra,Post-Monsoon,Ulhas,Manufacturing,125.6,1.18,18147.5,93025.0,15254936.0,8682.0,Good,Moderate
2010,Mumbai,Maharashtra,Summer,Ulhas,Manufacturing,108.57,1.22,12537.33,93025.0,15254936.0,8682.0,Acceptable,Moderate
2010,Mumbai,Maharashtra,Winter,Ulhas,Manufacturing,134.47,1.27,23362.0,93025.0,15254936.0,8682.0,Acceptable,Moderate
2010,Patna,Bihar,Monsoon,Ganga,Agro-Industry,123.58,1.49,29217.75,149520.0,301984.0,597.0,Acceptable,Moderate
2010,Patna,Bihar,Post-Monsoon,Ganga,Agro-Industry,138.08,1.1,22229.0,149520.0,301984.0,597.0,Good,Moderate
2010,Patna,Bihar,Summer,Ganga,Agro-Industry,127.07,0.98,32138.33,149520.0,301984.0,597.0,Good,Moderate
2010,Patna,Bihar,Winter,Ganga,Agro-Industry,151.44,1.26,33539.67,149520.0,301984.0,597.0,Acceptable,Moderate
2010,Shillong,Meghalaya,Monsoon,Umiam,Handicrafts,81.11,1.1,26109.75,223961.0,88499.0,3174.0,Acceptable,Satisfactory
2010,Shillong,Meghalaya,Post-Monsoon,Umiam,Handicrafts,101.72,1.38,24970.5,223961.0,88499.0,3174.0,Acceptable,Satisfactory
2010,Shillong,Meghalaya,Summer,Umiam,Handicrafts,89.78,1.24,32698.67,223961.0,88499.0,3174.0,Acceptable,Satisfactory
2010,Shillong,Meghalaya,Winter,Umiam,Handicrafts,108.69,1.52,28646.33,223961.0,88499.0,3174.0,Acceptable,Moderate
2010,Talcher,Odisha,Monsoon,Brahmani,Thermal Power,180.41,1.28,34623.75,63559.0,129693.0,9934.0,Acceptable,Moderate
2010,Talcher,Odisha,Post-Monsoon,Brahmani,Thermal Power,195.7,1.46,16605.0,63559.0,129693.0,9934.0,Acceptable,Moderate
2010,Talcher,Odisha,Summer,Brahmani,Thermal Power,175.76,0.99,17532.67,63559.0,129693.0,9934.0,Good,Moderate
2010,Talcher,Odisha,Winter,Brahmani,Thermal Power,206.45,1.18,21325.67,63559.0,129693.0,9934.0,Acceptable,Poor
2010,Thiruvananthapuram,Kerala,Monsoon,Karamana,IT/Electronics,124.58,1.06,21407.5,197662.0,625153.0,12487.0,Acceptable,Moderate
2010,Thiruvananthapuram,Kerala,Post-Monsoon,Karamana,IT/Electronics,137.34,1.42,34032.5,197662.0,625153.0,12487.0,Good,Moderate
2010,Thiruvananthapuram,Kerala,Summer,Karamana,IT/Electronics,126.54,1.05,28730.33,197662.0,625153.0,12487.0,Good,Moderate
2010,Thiruvananthapuram,Kerala,Winter,Karamana,IT/Electronics,148.37,1.46,25076.0,197662.0,625153.0,12487.0,Good,Moderate
2010,Visakhapatnam,Andhra Pradesh,Monsoon,Gosthani,Mining,165.24,1.57,21906.25,117504.0,117497.0,2253.0,Acceptable,Moderate
2010,Visakhapatnam,Andhra Pradesh,Post-Monsoon,Gosthani,Mining,195.06,0.88,13613.0,117504.0,117497.0,2253.0,Acceptable,Moderate
2010,Visakhapatnam,Andhra Pradesh,Summer,Gosthani,Mining,162.5,0.73,24240.33,117504.0,117497.0,2253.0,Good,Moderate
2010,Visakhapatnam,Andhra Pradesh,Winter,Gosthani,Mining,195.26,1.05,19335.0,117504.0,117497.0,2253.0,Acceptable,Poor
2011,Ahmedabad,Gujarat,Monsoon,Sabarmati,Chemical,138.76,1.12,26513.25,143296.0,4434399.0,3473.0,Acceptable,Moderate
2011,Ahmedabad,Gujarat,Post-Monsoon,Sabarmati,Chemical,152.0,1.23,21429.5,143296.0,4434399.0,3473.0,Acceptable,Moderate
2011,Ahmedabad,Gujarat,Summer,Sabarmati,Chemical,133.0,1.17,23861.67,143296.0,4434399.0,3473.0,Acceptable,Moderate
2011,Ahmedabad,Gujarat,Winter,Sabarmati,Chemical,157.77,1.1,29261.67,143296.0,4434399.0,3473.0,Acceptable,Moderate
2011,Aizawl,Mizoram,Monsoon,Tlawng,Handicrafts,82.48,1.3,31073.75,225718.0,55386.0,3205.0,Acceptable,Satisfactory
2011,Aizawl,Mizoram,Post-Monsoon,Tlawng,Handicrafts,92.16,1.38,21216.5,225718.0,55386.0,3205.0,Acceptable,Satisfactory
2011,Aizawl,Mizoram,Summer,Tlawng,Handicrafts,80.02,1.16,32759.0,225718.0,55386.0,3205.0,Acceptable,Satisfactory
2011,Aizawl,Mizoram,Winter,Tlawng,Handicrafts,99.99,1.09,16971.67,225718.0,55386.0,3205.0,Good,Moderate
2011,Amaravati,Andhra Pradesh,Monsoon,Krishna,Agro-processing,150.07,1.2,28419.25,118862.0,252912.0,2276.0,Acceptable,Moderate
2011,Amaravati,Andhra Pradesh,Post-Monsoon,Krishna,Agro-processing,174.3,1.27,35968.5,118862.0,252912.0,2276.0,Good,Moderate
2011,Amaravati,Andhra Pradesh,Summer,Krishna,Agro-processing,149.16,1.37,23900.67,118862.0,252912.0,2276.0,Acceptable,Moderate
2011,Amaravati,Andhra Pradesh,Winter,Krishna,Agro-processing,175.07,1.02,33566.0,118862.0,252912.0,2276.0,Good,Moderate
2011,Amritsar,Punjab,Monsoon,Beas,Agro-Industry,131.86,1.32,22197.25,249668.0,609808.0,3195.0,Acceptable,Moderate
2011,Amritsar,Punjab,Post-Monsoon,Beas,Agro-Industry,150.12,0.69,37002.5,249668.0,609808.0,3195.0,Good,Moderate
2011,Amritsar,Punjab,Summer,Beas,Agro-Industry,127.75,0.73,30419.67,249668.0,609808.0,3195.0,Good,Moderate
2011,Amritsar,Punjab,Winter,Beas,Agro-Industry,156.06,1.48,32341.33,249668.0,609808.0,3195.0,Polluted,Moderate
2011,Bengaluru,Karnataka,Monsoon,Arkavathi,Agro-Industry,91.14,1.18,30096.75,105574.0,2097091.0,12431.0,Acceptable,Satisfactory
2011,Bengaluru,Karnataka,Post-Monsoon,Arkavathi,Agro-Industry,107.26,0.86,21883.5,105574.0,2097091.0,12431.0,Good,Satisfactory
2011,Bengaluru,Karnataka,Summer,Arkavathi,Agro-Industry,93.81,1.68,30500.67,105574.0,2097091.0,12431.0,Acceptable,Satisfactory
2011,Bengaluru,Karnataka,Winter,Arkavathi,Agro-Industry,109.78,1.29,9713.67,105574.0,2097091.0,12431.0,Acceptable,Moderate
2011,Bhopal,Madhya Pradesh,Monsoon,Betwa,Manufacturing,114.29,0.98,8386.75,20761.0,315363.0,11277.0,Acceptable,Moderate
2011,Bhopal,Madhya Pradesh,Post-Monsoon,Betwa,Manufacturing,134.03,1.42,36258.0,20761.0,315363.0,11277.0,Acceptable,Moderate
2011,Bhopal,Madhya Pradesh,Summer,Betwa,Manufacturing,113.62,1.51,20963.0,20761.0,315363.0,11277.0,Polluted,Moderate
2011,Bhopal,Madhya Pradesh,Winter,Betwa,Manufacturing,139.32,1.26,31513.33,20761.0,315363.0,11277.0,Acceptable,Moderate
2011,Brajrajnagar,Odisha,Monsoon,Ib,Coal/Power,94.31,1.22,32659.75,228093.0,53440.0,7660.0,Acceptable,Satisfactory
2011,Brajrajnagar,Odisha,Post-Monsoon,Ib,Coal/Power,106.9,1.48,26055.0,228093.0,53440.0,7660.0,Acceptable,Satisfactory
2011,Brajrajnagar,Odisha,Summer,Ib,Coal/Power,94.12,1.32,22960.33,228093.0,53440.0,7660.0,Good,Satisfactory
2011,Brajrajnagar,Odisha,Winter,Ib,Coal/Power,113.91,1.27,29466.67,228093.0,53440.0,7660.0,Acceptable,Moderate
2011,Chandigarh,Chandigarh,Monsoon,Sukhna,Manufacturing,104.89,1.31,22197.25,249668.0,868945.0,3195.0,Acceptable,Moderate
2011,Chandigarh,Chandigarh,Post-Monsoon,Sukhna,Manufacturing,118.29,0.68,37002.5,249668.0,868945.0,3195.0,Good,Moderate
2011,Chandigarh,Chandigarh,Summer,Sukhna,Manufacturing,106.27,0.73,30419.67,249668.0,868945.0,3195.0,Good,Moderate
2011,Chandigarh,Chandigarh,Winter,Sukhna,Manufacturing,121.8,1.48,32341.33,249668.0,868945.0,3195.0,Polluted,Moderate
2011,Chennai,Tamil Nadu,Monsoon,Cooum,Manufacturing,135.3,1.32,20796.5,47188.0,13487717.0,7002.0,Good,Moderate
2011,Chennai,Tamil Nadu,Post-Monsoon,Cooum,Manufacturing,157.04,1.42,32462.0,47188.0,13487717.0,7002.0,Acceptable,Moderate
2011,Chennai,Tamil Nadu,Summer,Cooum,Manufacturing,134.17,1.02,39958.67,47188.0,13487717.0,7002.0,Acceptable,Moderate
2011,Chennai,Tamil Nadu,Winter,Cooum,Manufacturing,166.18,1.22,24989.0,47188.0,13487717.0,7002.0,Acceptable,Moderate
2011,Coimbatore,Tamil Nadu,Monsoon,Noyyal,Manufacturing,126.22,0.96,28581.5,42483.0,4325439.0,4556.0,Good,Moderate
2011,Coimbatore,Tamil Nadu,Post-Monsoon,Noyyal,Manufacturing,147.93,1.2,20221.0,42483.0,4325439.0,4556.0,Acceptable,Moderate
2011,Coimbatore,Tamil Nadu,Summer,Noyyal,Manufacturing,123.29,1.32,27357.33,42483.0,4325439.0,4556.0,Acceptable,Moderate
2011,Coimbatore,Tamil Nadu,Winter,Noyyal,Manufacturing,153.08,1.23,35101.67,42483.0,4325439.0,4556.0,Acceptable,Moderate
2011,Delhi,Delhi,Monsoon,Yamuna,Manufacturing,183.84,1.43,25609.0,230709.0,2053788.0,1393.0,Acceptable,Moderate
2011,Delhi,Delhi,Post-Monsoon,Yamuna,Manufacturing,209.8,0.87,33447.0,230709.0,2053788.0,1393.0,Good,Moderate
2011,Delhi,Delhi,Summer,Yamuna,Manufacturing,182.95,1.31,30627.67,230709.0,2053788.0,1393.0,Acceptable,Moderate
2011,Delhi,Delhi,Winter,Yamuna,Manufacturing,223.51,1.0,19937.33,230709.0,2053788.0,1393.0,Acceptable,Poor
2011,Ernakulam,Kerala,Monsoon,Periyar,Shipping/Refinery,198.14,1.2,28695.5,77050.0,471464.0,7201.0,Acceptable,Poor
2011,Ernakulam,Kerala,Post-Monsoon,Periyar,Shipping/Refinery,229.12,1.42,13774.0,77050.0,471464.0,7201.0,Acceptable,Moderate
2011,Ernakulam,Kerala,Summer,Periyar,Shipping/Refinery,195.14,1.44,30918.0,77050.0,471464.0,7201.0,Good,Poor
2011,Ernakulam,Kerala,Winter,Periyar,Shipping/Refinery,235.3,1.07,24010.0,77050.0,471464.0,7201.0,Good,Poor
2011,Gurugram,Haryana,Monsoon,Sahibi,Automobile,122.95,1.57,22770.5,17590.0,2158077.0,5014.0,Acceptable,Moderate
2011,Gurugram,Haryana,Post-Monsoon,Sahibi,Automobile,138.42,1.25,28101.0,17590.0,2158077.0,5014.0,Acceptable,Moderate
2011,Gurugram,Haryana,Summer,Sahibi,Automobile,124.46,1.25,31852.0,17590.0,2158077.0,5014.0,Acceptable,Moderate
2011,Gurugram,Haryana,Winter,Sahibi,Automobile,146.94,1.55,26865.33,17590.0,2158077.0,5014.0,Acceptable,Moderate
2011,Guwahati,Assam,Monsoon,Brahmaputra,Agro-Industry,176.61,1.3,31073.75,225718.0,157935.0,3205.0,Acceptable,Moderate
2011,Guwahati,Assam,Post-Monsoon,Brahmaputra,Agro-Industry,213.36,1.38,21216.5,225718.0,157935.0,3205.0,Acceptable,Moderate
2011,Guwahati,Assam,Summer,Brahmaputra,Agro-Industry,175.9,1.16,32759.0,225718.0,157935.0,3205.0,Acceptable,Moderate
2011,Guwahati,Assam,Winter,Brahmaputra,Agro-Industry,216.23,1.09,16971.67,225718.0,157935.0,3205.0,Good,Poor
2011,Hyderabad,Telangana,Monsoon,Musi,Manufacturing,176.86,1.19,28419.25,118862.0,6045492.0,2276.0,Acceptable,Moderate
2011,Hyderabad,Telangana,Post-Monsoon,Musi,Manufacturing,210.74,1.24,35968.5,118862.0,6045492.0,2276.0,Good,Moderate
2011,Hyderabad,Telangana,Summer,Musi,Manufacturing,173.81,1.39,23900.67,118862.0,6045492.0,2276.0,Acceptable,Moderate
2011,Hyderabad,Telangana,Winter,Musi,Manufacturing,209.31,0.99,33566.0,118862.0,6045492.0,2276.0,Good,Poor
2011,Jaipur,Rajasthan,Monsoon,Banas,Manufacturing,140.6,1.16,17224.25,145294.0,1759714.0,11581.0,Good,Moderate
2011,Jaipur,Rajasthan,Post-Monsoon,Banas,Manufacturing,157.38,1.91,29914.0,145294.0,1759714.0,11581.0,Acceptable,Moderate
2011,Jaipur,Rajasthan,Summer,Banas,Manufacturing,143.09,1.29,19758.0,145294.0,1759714.0,11581.0,Acceptable,Moderate
2011,Jaipur,Rajasthan,Winter,Banas,Manufacturing,168.41,1.03,19151.67,145294.0,1759714.0,11581.0,Acceptable,Moderate
2011,Jorapokhar,Jharkhand,Monsoon,Damodar,Mining/Coal,145.5,1.1,25682.0,62258.0,50984.0,879.0,Good,Moderate
2011,Jorapokhar,Jharkhand,Post-Monsoon,Damodar,Mining/Coal,170.38,1.16,26726.0,62258.0,50984.0,879.0,Acceptable,Moderate
2011,Jorapokhar,Jharkhand,Summer,Damodar,Mining/Coal,151.05,1.34,26726.0,62258.0,50984.0,879.0,Good,Moderate
2011,Jorapokhar,Jharkhand,Winter,Damodar,Mining/Coal,182.54,1.45,34301.67,62258.0,50984.0,879.0,Acceptable,Moderate
2011,Kochi,Kerala,Monsoon,Periyar,Shipping/Refinery,215.43,1.2,28695.5,77050.0,569774.0,7201.0,Acceptable,Poor
2011,Kochi,Kerala,Post-Monsoon,Periyar,Shipping/Refinery,254.64,1.42,13774.0,77050.0,569774.0,7201.0,Acceptable,Poor
2011,Kochi,Kerala,Summer,Periyar,Shipping/Refinery,213.43,1.43,30918.0,77050.0,569774.0,7201.0,Good,Poor
2011,Kochi,Kerala,Winter,Periyar,Shipping/Refinery,261.95,1.08,24010.0,77050.0,569774.0,7201.0,Good,Poor
2011,Kolkata,West Bengal,Monsoon,Hooghly,Manufacturing,208.46,1.14,36641.25,38375.0,9524855.0,6509.0,Good,Poor
2011,Kolkata,West Bengal,Post-Monsoon,Hooghly,Manufacturing,238.7,1.2,28827.5,38375.0,9524855.0,6509.0,Acceptable,Poor
2011,Kolkata,West Bengal,Summer,Hooghly,Manufacturing,211.31,1.07,33454.0,38375.0,9524855.0,6509.0,Good,Poor
2011,Kolkata,West Bengal,Winter,Hooghly,Manufacturing,254.45,1.25,30863.0,38375.0,9524855.0,6509.0,Acceptable,Poor
2011,Lucknow,Uttar Pradesh,Monsoon,Gomti,Agro-Industry,192.25,1.34,36006.5,245274.0,753573.0,5651.0,Good,Poor
2011,Lucknow,Uttar Pradesh,Post-Monsoon,Gomti,Agro-Industry,227.16,1.12,40593.5,245274.0,753573.0,5651.0,Acceptable,Poor
2011,Lucknow,Uttar Pradesh,Summer,Gomti,Agro-Industry,197.88,1.08,30015.67,245274.0,753573.0,5651.0,Acceptable,Poor
2011,Lucknow,Uttar Pradesh,Winter,Gomti,Agro-Industry,233.64,1.38,23870.67,245274.0,753573.0,5651.0,Acceptable,Poor
2011,Mumbai,Maharashtra,Monsoon,Ulhas,Manufacturing,117.14,1.3,26851.25,95028.0,16170233.0,8717.0,Acceptable,Moderate
2011,Mumbai,Maharashtra,Post-Monsoon,Ulhas,Manufacturing,133.46,1.66,45370.5,95028.0,16170233.0,8717.0,Polluted,Moderate
2011,Mumbai,Maharashtra,Summer,Ulhas,Manufacturing,109.49,1.69,26547.67,95028.0,16170233.0,8717.0,Acceptable,Moderate
2011,Mumbai,Maharashtra,Winter,Ulhas,Manufacturing,136.85,1.34,23079.0,95028.0,16170233.0,8717.0,Acceptable,Moderate
2011,Patna,Bihar,Monsoon,Ganga,Agro-Industry,124.58,1.29,32062.0,151160.0,320103.0,625.0,Acceptable,Moderate
2011,Patna,Bihar,Post-Monsoon,Ganga,Agro-Industry,147.56,0.8,30235.0,151160.0,320103.0,625.0,Good,Moderate
2011,Patna,Bihar,Summer,Ganga,Agro-Industry,125.76,1.41,42928.0,151160.0,320103.0,625.0,Acceptable,Moderate
2011,Patna,Bihar,Winter,Ganga,Agro-Industry,152.69,1.29,28164.67,151160.0,320103.0,625.0,Acceptable,Moderate
2011,Shillong,Meghalaya,Monsoon,Umiam,Handicrafts,88.8,1.28,31073.75,225718.0,93808.0,3205.0,Acceptable,Satisfactory
2011,Shillong,Meghalaya,Post-Monsoon,Umiam,Handicrafts,108.84,1.36,21216.5,225718.0,93808.0,3205.0,Acceptable,Satisfactory
2011,Shillong,Meghalaya,Summer,Umiam,Handicrafts,91.15,1.18,32759.0,225718.0,93808.0,3205.0,Acceptable,Satisfactory
2011,Shillong,Meghalaya,Winter,Umiam,Handicrafts,111.9,1.07,16971.67,225718.0,93808.0,3205.0,Good,Moderate
2011,Talcher,Odisha,Monsoon,Brahmani,Thermal Power,176.8,0.96,30121.0,64724.0,137474.0,9954.0,Acceptable,Moderate
2011,Talcher,Odisha,Post-Monsoon,Brahmani,Thermal Power,195.02,1.34,34825.5,64724.0,137474.0,9954.0,Acceptable,Moderate
2011,Talcher,Odisha,Summer,Brahmani,Thermal Power,172.35,1.04,20946.67,64724.0,137474.0,9954.0,Acceptable,Moderate
2011,Talcher,Odisha,Winter,Brahmani,Thermal Power,206.91,1.09,21434.33,64724.0,137474.0,9954.0,Good,Poor
2011,Thiruvananthapuram,Kerala,Monsoon,Karamana,IT/Electronics,124.31,1.32,17414.75,198830.0,662662.0,12507.0,Acceptable,Moderate
2011,Thiruvananthapuram,Kerala,Post-Monsoon,Karamana,IT/Electronics,145.72,1.1,14185.5,198830.0,662662.0,12507.0,Acceptable,Moderate
2011,Thiruvananthapuram,Kerala,Summer,Karamana,IT/Electronics,126.35,1.4,34236.33,198830.0,662662.0,12507.0,Acceptable,Moderate
2011,Thiruvananthapuram,Kerala,Winter,Karamana,IT/Electronics,148.44,1.31,41424.0,198830.0,662662.0,12507.0,Acceptable,Moderate
2011,Visakhapatnam,Andhra Pradesh,Monsoon,Gosthani,Mining,165.54,1.2,28419.25,118862.0,124547.0,2276.0,Acceptable,Moderate
2011,Visakhapatnam,Andhra Pradesh,Post-Monsoon,Gosthani,Mining,191.19,1.22,35968.5,118862.0,124547.0,2276.0,Good,Moderate
2011,Visakhapatnam,Andhra Pradesh,Summer,Gosthani,Mining,165.82,1.35,23900.67,118862.0,124547.0,2276.0,Acceptable,Moderate
2011,Visakhapatnam,Andhra Pradesh,Winter,Gosthani,Mining,201.42,0.98,33566.0,118862.0,124547.0,2276.0,Good,Poor
2012,Ahmedabad,Gujarat,Monsoon,Sabarmati,Chemical,136.03,1.14,38283.75,144598.0,4700463.0,3496.0,Good,Moderate
2012,Ahmedabad,Gujarat,Post-Monsoon,Sabarmati,Chemical,159.85,1.26,13312.0,144598.0,4700463.0,3496.0,Acceptable,Moderate
2012,Ahmedabad,Gujarat,Summer,Sabarmati,Chemical,136.27,1.4,32016.0,144598.0,4700463.0,3496.0,Acceptable,Moderate
2012,Ahmedabad,Gujarat,Winter,Sabarmati,Chemical,161.26,0.98,8139.33,144598.0,4700463.0,3496.0,Good,Moderate
2012,Aizawl,Mizoram,Monsoon,Tlawng,Handicrafts,81.94,1.12,18898.0,226216.0,58710.0,3213.0,Acceptable,Satisfactory
2012,Aizawl,Mizoram,Post-Monsoon,Tlawng,Handicrafts,93.18,1.6,32859.5,226216.0,58710.0,3213.0,Polluted,Satisfactory
2012,Aizawl,Mizoram,Summer,Tlawng,Handicrafts,79.84,0.92,27956.33,226216.0,58710.0,3213.0,Good,Satisfactory
2012,Aizawl,Mizoram,Winter,Tlawng,Handicrafts,90.62,0.94,34979.33,226216.0,58710.0,3213.0,Acceptable,Satisfactory
2012,Amaravati,Andhra Pradesh,Monsoon,Krishna,Agro-processing,149.18,0.99,31074.0,120613.0,268086.0,2307.0,Acceptable,Moderate
2012,Amaravati,Andhra Pradesh,Post-Monsoon,Krishna,Agro-processing,179.96,1.5,29461.5,120613.0,268086.0,2307.0,Acceptable,Moderate
2012,Amaravati,Andhra Pradesh,Summer,Krishna,Agro-processing,148.91,1.39,40625.33,120613.0,268086.0,2307.0,Acceptable,Moderate
2012,Amaravati,Andhra Pradesh,Winter,Krishna,Agro-processing,179.05,1.42,22773.67,120613.0,268086.0,2307.0,Acceptable,Moderate
2012,Amritsar,Punjab,Monsoon,Beas,Agro-Industry,131.34,1.38,34034.5,250705.0,646396.0,3213.0,Acceptable,Moderate
2012,Amritsar,Punjab,Post-Monsoon,Beas,Agro-Industry,149.54,1.0,38417.0,250705.0,646396.0,3213.0,Good,Moderate
2012,Amritsar,Punjab,Summer,Beas,Agro-Industry,133.79,1.21,37317.33,250705.0,646396.0,3213.0,Good,Moderate
2012,Amritsar,Punjab,Winter,Beas,Agro-Industry,154.65,1.39,27315.67,250705.0,646396.0,3213.0,Acceptable,Moderate
2012,Bengaluru,Karnataka,Monsoon,Arkavathi,Agro-Industry,92.95,0.92,21518.5,106169.0,2222916.0,12441.0,Acceptable,Satisfactory
2012,Bengaluru,Karnataka,Post-Monsoon,Arkavathi,Agro-Industry,108.6,1.32,29333.0,106169.0,2222916.0,12441.0,Acceptable,Satisfactory
2012,Bengaluru,Karnataka,Summer,Arkavathi,Agro-Industry,92.15,1.02,36226.33,106169.0,2222916.0,12441.0,Good,Satisfactory
2012,Bengaluru,Karnataka,Winter,Arkavathi,Agro-Industry,112.74,1.02,39754.0,106169.0,2222916.0,12441.0,Acceptable,Moderate
2012,Bhopal,Madhya Pradesh,Monsoon,Betwa,Manufacturing,114.14,1.11,23563.25,21857.0,334284.0,11297.0,Acceptable,Moderate
2012,Bhopal,Madhya Pradesh,Post-Monsoon,Betwa,Manufacturing,131.96,1.48,25765.0,21857.0,334284.0,11297.0,Acceptable,Moderate
2012,Bhopal,Madhya Pradesh,Summer,Betwa,Manufacturing,119.06,0.99,29464.67,21857.0,334284.0,11297.0,Good,Moderate
2012,Bhopal,Madhya Pradesh,Winter,Betwa,Manufacturing,141.06,1.07,29362.67,21857.0,334284.0,11297.0,Good,Moderate
2012,Brajrajnagar,Odisha,Monsoon,Ib,Coal/Power,96.89,1.09,22970.75,230048.0,56647.0,7695.0,Good,Satisfactory
2012,Brajrajnagar,Odisha,Post-Monsoon,Ib,Coal/Power,111.55,1.44,11419.5,230048.0,56647.0,7695.0,Acceptable,Satisfactory
2012,Brajrajnagar,Odisha,Summer,Ib,Coal/Power,92.29,0.77,27025.0,230048.0,56647.0,7695.0,Good,Satisfactory
2012,Brajrajnagar,Odisha,Winter,Ib,Coal/Power,112.82,1.28,15980.0,230048.0,56647.0,7695.0,Acceptable,Moderate
2012,Chandigarh,Chandigarh,Monsoon,Sukhna,Manufacturing,106.2,1.38,34034.5,250705.0,921081.0,3213.0,Acceptable,Moderate
2012,Chandigarh,Chandigarh,Post-Monsoon,Sukhna,Manufacturing,120.57,1.0,38417.0,250705.0,921081.0,3213.0,Good,Moderate
2012,Chandigarh,Chandigarh,Summer,Sukhna,Manufacturing,107.08,1.18,37317.33,250705.0,921081.0,3213.0,Good,Moderate
2012,Chandigarh,Chandigarh,Winter,Sukhna,Manufacturing,127.86,1.36,27315.67,250705.0,921081.0,3213.0,Acceptable,Moderate
2012,Chennai,Tamil Nadu,Monsoon,Cooum,Manufacturing,138.85,1.3,17335.75,48292.0,14296980.0,7021.0,Acceptable,Moderate
2012,Chennai,Tamil Nadu,Post-Monsoon,Cooum,Manufacturing,155.61,1.37,32876.0,48292.0,14296980.0,7021.0,Acceptable,Moderate
2012,Chennai,Tamil Nadu,Summer,Cooum,Manufacturing,138.12,1.18,36981.67,48292.0,14296980.0,7021.0,Acceptable,Moderate
2012,Chennai,Tamil Nadu,Winter,Cooum,Manufacturing,167.28,1.38,28838.67,48292.0,14296980.0,7021.0,Acceptable,Moderate
2012,Coimbatore,Tamil Nadu,Monsoon,Noyyal,Manufacturing,126.44,1.36,28237.5,44541.0,4584965.0,4592.0,Acceptable,Moderate
2012,Coimbatore,Tamil Nadu,Post-Monsoon,Noyyal,Manufacturing,147.4,1.72,37455.5,44541.0,4584965.0,4592.0,Polluted,Moderate
2012,Coimbatore,Tamil Nadu,Summer,Noyyal,Manufacturing,128.19,1.23,42770.0,44541.0,4584965.0,4592.0,Good,Moderate
2012,Coimbatore,Tamil Nadu,Winter,Noyyal,Manufacturing,147.93,1.16,13693.67,44541.0,4584965.0,4592.0,Acceptable,Moderate
2012,Delhi,Delhi,Monsoon,Yamuna,Manufacturing,181.75,1.21,21985.75,230970.0,2177015.0,1398.0,Acceptable,Moderate
2012,Delhi,Delhi,Post-Monsoon,Yamuna,Manufacturing,217.4,1.06,24526.5,230970.0,2177015.0,1398.0,Acceptable,Moderate
2012,Delhi,Delhi,Summer,Yamuna,Manufacturing,182.64,1.33,32663.0,230970.0,2177015.0,1398.0,Acceptable,Moderate
2012,Delhi,Delhi,Winter,Yamuna,Manufacturing,220.91,1.33,44150.33,230970.0,2177015.0,1398.0,Acceptable,Poor
2012,Ernakulam,Kerala,Monsoon,Periyar,Shipping/Refinery,200.58,1.29,25043.75,79331.0,499751.0,7241.0,Good,Moderate
2012,Ernakulam,Kerala,Post-Monsoon,Periyar,Shipping/Refinery,218.4,0.92,21948.5,79331.0,499751.0,7241.0,Acceptable,Moderate
2012,Ernakulam,Kerala,Summer,Periyar,Shipping/Refinery,208.83,1.39,15545.33,79331.0,499751.0,7241.0,Acceptable,Poor
2012,Ernakulam,Kerala,Winter,Periyar,Shipping/Refinery,231.67,1.53,28189.33,79331.0,499751.0,7241.0,Acceptable,Poor
2012,Gurugram,Haryana,Monsoon,Sahibi,Automobile,124.26,0.87,16623.5,19753.0,2287561.0,5052.0,Good,Moderate
2012,Gurugram,Haryana,Post-Monsoon,Sahibi,Automobile,142.54,1.31,29175.0,19753.0,2287561.0,5052.0,Acceptable,Moderate
2012,Gurugram,Haryana,Summer,Sahibi,Automobile,121.74,1.55,33493.67,19753.0,2287561.0,5052.0,Acceptable,Moderate
2012,Gurugram,Haryana,Winter,Sahibi,Automobile,151.87,1.08,27539.33,19753.0,2287561.0,5052.0,Acceptable,Moderate
2012,Guwahati,Assam,Monsoon,Brahmaputra,Agro-Industry,176.14,1.1,18898.0,226216.0,167411.0,3213.0,Acceptable,Moderate
2012,Guwahati,Assam,Post-Monsoon,Brahmaputra,Agro-Industry,206.0,1.58,32859.5,226216.0,167411.0,3213.0,Acceptable,Moderate
2012,Guwahati,Assam,Summer,Brahmaputra,Agro-Industry,186.26,0.92,27956.33,226216.0,167411.0,3213.0,Good,Moderate
2012,Guwahati,Assam,Winter,Brahmaputra,Agro-Industry,219.61,0.94,34979.33,226216.0,167411.0,3213.0,Acceptable,Poor
2012,Hyderabad,Telangana,Monsoon,Musi,Manufacturing,177.07,0.98,31074.0,120613.0,6408221.0,2307.0,Acceptable,Moderate
2012,Hyderabad,Telangana,Post-Monsoon,Musi,Manufacturing,200.25,1.56,29461.5,120613.0,6408221.0,2307.0,Acceptable,Moderate
2012,Hyderabad,Telangana,Summer,Musi,Manufacturing,174.68,1.39,40625.33,120613.0,6408221.0,2307.0,Acceptable,Moderate
2012,Hyderabad,Telangana,Winter,Musi,Manufacturing,213.9,1.4,22773.67,120613.0,6408221.0,2307.0,Acceptable,Poor
2012,Jaipur,Rajasthan,Monsoon,Banas,Manufacturing,139.85,1.31,28613.25,145608.0,1865297.0,11587.0,Acceptable,Moderate
2012,Jaipur,Rajasthan,Post-Monsoon,Banas,Manufacturing,170.49,1.8,35495.5,145608.0,1865297.0,11587.0,Acceptable,Moderate
2012,Jaipur,Rajasthan,Summer,Banas,Manufacturing,144.63,0.97,26797.0,145608.0,1865297.0,11587.0,Acceptable,Moderate
2012,Jaipur,Rajasthan,Winter,Banas,Manufacturing,166.78,1.28,25089.0,145608.0,1865297.0,11587.0,Acceptable,Moderate
2012,Jorapokhar,Jharkhand,Monsoon,Damodar,Mining/Coal,150.41,1.44,30654.5,64276.0,54043.0,914.0,Acceptable,Moderate
2012,Jorapokhar,Jharkhand,Post-Monsoon,Damodar,Mining/Coal,169.2,1.21,25393.5,64276.0,54043.0,914.0,Acceptable,Moderate
2012,Jorapokhar,Jharkhand,Summer,Damodar,Mining/Coal,152.92,0.91,35463.0,64276.0,54043.0,914.0,Acceptable,Moderate
2012,Jorapokhar,Jharkhand,Winter,Damodar,Mining/Coal,182.16,0.92,34749.33,64276.0,54043.0,914.0,Good,Moderate
2012,Kochi,Kerala,Monsoon,Periyar,Shipping/Refinery,224.6,1.28,25043.75,79331.0,603960.0,7241.0,Good,Poor
2012,Kochi,Kerala,Post-Monsoon,Periyar,Shipping/Refinery,246.4,0.9,21948.5,79331.0,603960.0,7241.0,Acceptable,Poor
2012,Kochi,Kerala,Summer,Periyar,Shipping/Refinery,218.59,1.42,15545.33,79331.0,603960.0,7241.0,Acceptable,Poor
2012,Kochi,Kerala,Winter,Periyar,Shipping/Refinery,267.19,1.51,28189.33,79331.0,603960.0,7241.0,Acceptable,Poor
2012,Kolkata,West Bengal,Monsoon,Hooghly,Manufacturing,209.42,1.29,26736.5,39215.0,10096347.0,6524.0,Good,Poor
2012,Kolkata,West Bengal,Post-Monsoon,Hooghly,Manufacturing,233.17,1.46,26843.5,39215.0,10096347.0,6524.0,Acceptable,Poor
2012,Kolkata,West Bengal,Summer,Hooghly,Manufacturing,215.14,1.44,32782.33,39215.0,10096347.0,6524.0,Acceptable,Poor
2012,Kolkata,West Bengal,Winter,Hooghly,Manufacturing,252.67,1.03,36130.67,39215.0,10096347.0,6524.0,Acceptable,Poor
2012,Lucknow,Uttar Pradesh,Monsoon,Gomti,Agro-Industry,198.88,1.47,22728.25,246638.0,798787.0,5675.0,Acceptable,Poor
2012,Lucknow,Uttar Pradesh,Post-Monsoon,Gomti,Agro-Industry,225.72,0.84,27168.5,246638.0,798787.0,5675.0,Good,Moderate
2012,Lucknow,Uttar Pradesh,Summer,Gomti,Agro-Industry,195.41,1.39,25887.0,246638.0,798787.0,5675.0,Acceptable,Moderate
2012,Lucknow,Uttar Pradesh,Winter,Gomti,Agro-Industry,237.7,1.64,31423.0,246638.0,798787.0,5675.0,Acceptable,Poor
2012,Mumbai,Maharashtra,Monsoon,Ulhas,Manufacturing,116.02,1.04,23159.5,96529.0,17140446.0,8743.0,Acceptable,Moderate
2012,Mumbai,Maharashtra,Post-Monsoon,Ulhas,Manufacturing,132.26,1.3,42148.5,96529.0,17140446.0,8743.0,Acceptable,Moderate
2012,Mumbai,Maharashtra,Summer,Ulhas,Manufacturing,114.33,1.02,24591.67,96529.0,17140446.0,8743.0,Acceptable,Moderate
2012,Mumbai,Maharashtra,Winter,Ulhas,Manufacturing,134.92,1.22,42086.33,96529.0,17140446.0,8743.0,Acceptable,Moderate
2012,Patna,Bihar,Monsoon,Ganga,Agro-Industry,129.3,1.37,34104.75,151770.0,339309.0,636.0,Acceptable,Moderate
2012,Patna,Bihar,Post-Monsoon,Ganga,Agro-Industry,141.74,1.58,12632.0,151770.0,339309.0,636.0,Acceptable,Moderate
2012,Patna,Bihar,Summer,Ganga,Agro-Industry,126.21,1.27,28531.67,151770.0,339309.0,636.0,Acceptable,Moderate
2012,Patna,Bihar,Winter,Ganga,Agro-Industry,149.56,1.34,31259.0,151770.0,339309.0,636.0,Acceptable,Moderate
2012,Shillong,Meghalaya,Monsoon,Umiam,Handicrafts,89.3,1.13,18898.0,226216.0,99437.0,3213.0,Acceptable,Satisfactory
2012,Shillong,Meghalaya,Post-Monsoon,Umiam,Handicrafts,105.68,1.61,32859.5,226216.0,99437.0,3213.0,Polluted,Satisfactory
2012,Shillong,Meghalaya,Summer,Umiam,Handicrafts,96.7,0.93,27956.33,226216.0,99437.0,3213.0,Good,Moderate
2012,Shillong,Meghalaya,Winter,Umiam,Handicrafts,105.97,0.95,34979.33,226216.0,99437.0,3213.0,Acceptable,Moderate
2012,Talcher,Odisha,Monsoon,Brahmani,Thermal Power,175.45,1.13,20284.75,65603.0,145723.0,9970.0,Acceptable,Moderate
2012,Talcher,Odisha,Post-Monsoon,Brahmani,Thermal Power,201.56,0.78,44212.5,65603.0,145723.0,9970.0,Good,Moderate
2012,Talcher,Odisha,Summer,Brahmani,Thermal Power,170.97,1.32,17923.0,65603.0,145723.0,9970.0,Good,Moderate
2012,Talcher,Odisha,Winter,Brahmani,Thermal Power,210.2,1.3,39096.33,65603.0,145723.0,9970.0,Acceptable,Poor
2012,Thiruvananthapuram,Kerala,Monsoon,Karamana,IT/Electronics,125.47,0.91,26009.25,201379.0,702422.0,12552.0,Acceptable,Moderate
2012,Thiruvananthapuram,Kerala,Post-Monsoon,Karamana,IT/Electronics,150.56,0.87,30376.0,201379.0,702422.0,12552.0,Acceptable,Moderate
2012,Thiruvananthapuram,Kerala,Summer,Karamana,IT/Electronics,126.06,1.28,34139.0,201379.0,702422.0,12552.0,Acceptable,Moderate
2012,Thiruvananthapuram,Kerala,Winter,Karamana,IT/Electronics,156.84,1.14,22829.0,201379.0,702422.0,12552.0,Good,Moderate
2012,Visakhapatnam,Andhra Pradesh,Monsoon,Gosthani,Mining,173.69,0.98,31074.0,120613.0,132020.0,2307.0,Acceptable,Moderate
2012,Visakhapatnam,Andhra Pradesh,Post-Monsoon,Gosthani,Mining,187.82,1.56,29461.5,120613.0,132020.0,2307.0,Acceptable,Moderate
2012,Visakhapatnam,Andhra Pradesh,Summer,Gosthani,Mining,171.6,1.4,40625.33,120613.0,132020.0,2307.0,Acceptable,Moderate
2012,Visakhapatnam,Andhra Pradesh,Winter,Gosthani,Mining,205.25,1.39,22773.67,120613.0,132020.0,2307.0,Acceptable,Poor
2013,Ahmedabad,Gujarat,Monsoon,Sabarmati,Chemical,135.77,1.23,28176.5,146055.0,4982491.0,3522.0,Acceptable,Moderate
2013,Ahmedabad,Gujarat,Post-Monsoon,Sabarmati,Chemical,156.12,1.48,36064.5,146055.0,4982491.0,3522.0,Acceptable,Moderate
2013,Ahmedabad,Gujarat,Summer,Sabarmati,Chemical,136.96,1.41,32435.33,146055.0,4982491.0,3522.0,Acceptable,Moderate
2013,Ahmedabad,Gujarat,Winter,Sabarmati,Chemical,162.68,0.87,12828.33,146055.0,4982491.0,3522.0,Good,Moderate
2013,Aizawl,Mizoram,Monsoon,Tlawng,Handicrafts,78.09,1.26,18940.5,228611.0,62232.0,3256.0,Acceptable,Satisfactory
2013,Aizawl,Mizoram,Post-Monsoon,Tlawng,Handicrafts,97.44,1.58,26268.0,228611.0,62232.0,3256.0,Acceptable,Satisfactory
2013,Aizawl,Mizoram,Summer,Tlawng,Handicrafts,80.48,1.13,42653.33,228611.0,62232.0,3256.0,Acceptable,Satisfactory
2013,Aizawl,Mizoram,Winter,Tlawng,Handicrafts,102.92,1.55,34042.67,228611.0,62232.0,3256.0,Acceptable,Moderate
2013,Amaravati,Andhra Pradesh,Monsoon,Krishna,Agro-processing,153.3,1.07,24520.75,121145.0,284171.0,2317.0,Acceptable,Moderate
2013,Amaravati,Andhra Pradesh,Post-Monsoon,Krishna,Agro-processing,175.07,1.16,19792.0,121145.0,284171.0,2317.0,Acceptable,Moderate
2013,Amaravati,Andhra Pradesh,Summer,Krishna,Agro-processing,153.82,0.9,18704.0,121145.0,284171.0,2317.0,Good,Moderate
2013,Amaravati,Andhra Pradesh,Winter,Krishna,Agro-processing,186.15,1.3,20137.0,121145.0,284171.0,2317.0,Acceptable,Moderate
2013,Amritsar,Punjab,Monsoon,Beas,Agro-Industry,130.04,1.52,33712.5,251325.0,685180.0,3224.0,Acceptable,Moderate
2013,Amritsar,Punjab,Post-Monsoon,Beas,Agro-Industry,147.97,1.25,30955.5,251325.0,685180.0,3224.0,Acceptable,Moderate
2013,Amritsar,Punjab,Summer,Beas,Agro-Industry,130.65,1.5,32935.0,251325.0,685180.0,3224.0,Acceptable,Moderate
2013,Amritsar,Punjab,Winter,Beas,Agro-Industry,158.2,0.96,13420.33,251325.0,685180.0,3224.0,Good,Moderate
2013,Bengaluru,Karnataka,Monsoon,Arkavathi,Agro-Industry,97.82,1.31,15398.75,108331.0,2356291.0,12480.0,Acceptable,Satisfactory
2013,Bengaluru,Karnataka,Post-Monsoon,Arkavathi,Agro-Industry,110.36,0.8,12037.5,108331.0,2356291.0,12480.0,Good,Satisfactory
2013,Bengaluru,Karnataka,Summer,Arkavathi,Agro-Industry,95.01,1.54,29675.67,108331.0,2356291.0,12480.0,Polluted,Satisfactory
2013,Bengaluru,Karnataka,Winter,Arkavathi,Agro-Industry,114.15,0.92,26205.0,108331.0,2356291.0,12480.0,Good,Moderate
2013,Bhopal,Madhya Pradesh,Monsoon,Betwa,Manufacturing,119.89,1.15,29079.5,23134.0,354341.0,11319.0,Acceptable,Moderate
2013,Bhopal,Madhya Pradesh,Post-Monsoon,Betwa,Manufacturing,130.84,1.06,51324.5,23134.0,354341.0,11319.0,Good,Moderate
2013,Bhopal,Madhya Pradesh,Summer,Betwa,Manufacturing,117.86,1.35,24711.33,23134.0,354341.0,11319.0,Acceptable,Moderate
2013,Bhopal,Madhya Pradesh,Winter,Betwa,Manufacturing,146.46,1.46,37591.33,23134.0,354341.0,11319.0,Acceptable,Moderate
2013,Brajrajnagar,Odisha,Monsoon,Ib,Coal/Power,97.23,1.35,35287.25,231544.0,60045.0,7721.0,Acceptable,Satisfactory
2013,Brajrajnagar,Odisha,Post-Monsoon,Ib,Coal/Power,111.56,1.48,10955.0,231544.0,60045.0,7721.0,Good,Satisfactory
2013,Brajrajnagar,Odisha,Summer,Ib,Coal/Power,96.03,1.33,24628.0,231544.0,60045.0,7721.0,Acceptable,Satisfactory
2013,Brajrajnagar,Odisha,Winter,Ib,Coal/Power,118.12,1.16,36102.67,231544.0,60045.0,7721.0,Good,Moderate
2013,Chandigarh,Chandigarh,Monsoon,Sukhna,Manufacturing,103.27,1.5,33712.5,251325.0,976346.0,3224.0,Acceptable,Moderate
2013,Chandigarh,Chandigarh,Post-Monsoon,Sukhna,Manufacturing,122.66,1.25,30955.5,251325.0,976346.0,3224.0,Acceptable,Moderate
2013,Chandigarh,Chandigarh,Summer,Sukhna,Manufacturing,104.16,1.5,32935.0,251325.0,976346.0,3224.0,Acceptable,Moderate
2013,Chandigarh,Chandigarh,Winter,Sukhna,Manufacturing,132.75,0.97,13420.33,251325.0,976346.0,3224.0,Good,Moderate
2013,Chennai,Tamil Nadu,Monsoon,Cooum,Manufacturing,142.02,1.36,23617.75,51626.0,15154798.0,7080.0,Acceptable,Moderate
2013,Chennai,Tamil Nadu,Post-Monsoon,Cooum,Manufacturing,159.67,1.46,26641.5,51626.0,15154798.0,7080.0,Acceptable,Moderate
2013,Chennai,Tamil Nadu,Summer,Cooum,Manufacturing,137.67,1.11,30618.0,51626.0,15154798.0,7080.0,Acceptable,Moderate
2013,Chennai,Tamil Nadu,Winter,Cooum,Manufacturing,167.37,1.1,26963.0,51626.0,15154798.0,7080.0,Good,Moderate
2013,Coimbatore,Tamil Nadu,Monsoon,Noyyal,Manufacturing,129.65,1.21,26948.75,44973.0,4860063.0,4600.0,Acceptable,Moderate
2013,Coimbatore,Tamil Nadu,Post-Monsoon,Noyyal,Manufacturing,144.94,1.29,10762.0,44973.0,4860063.0,4600.0,Acceptable,Moderate
2013,Coimbatore,Tamil Nadu,Summer,Noyyal,Manufacturing,127.5,1.3,20397.0,44973.0,4860063.0,4600.0,Acceptable,Moderate
2013,Coimbatore,Tamil Nadu,Winter,Noyyal,Manufacturing,153.52,0.99,11376.33,44973.0,4860063.0,4600.0,Acceptable,Moderate
2013,Delhi,Delhi,Monsoon,Yamuna,Manufacturing,185.5,1.5,39010.75,232005.0,2307636.0,1416.0,Acceptable,Moderate
2013,Delhi,Delhi,Post-Monsoon,Yamuna,Manufacturing,205.62,1.2,14709.5,232005.0,2307636.0,1416.0,Acceptable,Moderate
2013,Delhi,Delhi,Summer,Yamuna,Manufacturing,187.12,1.18,32961.0,232005.0,2307636.0,1416.0,Good,Moderate
2013,Delhi,Delhi,Winter,Yamuna,Manufacturing,215.51,1.13,16523.33,232005.0,2307636.0,1416.0,Acceptable,Poor
2013,Ernakulam,Kerala,Monsoon,Periyar,Shipping/Refinery,201.4,1.17,26265.25,79777.0,529737.0,7249.0,Acceptable,Moderate
2013,Ernakulam,Kerala,Post-Monsoon,Periyar,Shipping/Refinery,225.11,1.38,8436.0,79777.0,529737.0,7249.0,Acceptable,Moderate
2013,Ernakulam,Kerala,Summer,Periyar,Shipping/Refinery,198.64,0.94,25292.33,79777.0,529737.0,7249.0,Acceptable,Poor
2013,Ernakulam,Kerala,Winter,Periyar,Shipping/Refinery,235.86,1.2,40992.67,79777.0,529737.0,7249.0,Acceptable,Poor
2013,Gurugram,Haryana,Monsoon,Sahibi,Automobile,131.33,1.11,26953.5,22129.0,2424815.0,5094.0,Good,Moderate
2013,Gurugram,Haryana,Post-Monsoon,Sahibi,Automobile,148.29,1.44,36156.0,22129.0,2424815.0,5094.0,Acceptable,Moderate
2013,Gurugram,Haryana,Summer,Sahibi,Automobile,129.55,1.23,26486.0,22129.0,2424815.0,5094.0,Acceptable,Moderate
2013,Gurugram,Haryana,Winter,Sahibi,Automobile,151.03,1.11,16798.0,22129.0,2424815.0,5094.0,Acceptable,Moderate
2013,Guwahati,Assam,Monsoon,Brahmaputra,Agro-Industry,183.22,1.27,18940.5,228611.0,177456.0,3256.0,Acceptable,Moderate
2013,Guwahati,Assam,Post-Monsoon,Brahmaputra,Agro-Industry,213.27,1.57,26268.0,228611.0,177456.0,3256.0,Acceptable,Moderate
2013,Guwahati,Assam,Summer,Brahmaputra,Agro-Industry,181.65,1.15,42653.33,228611.0,177456.0,3256.0,Acceptable,Moderate
2013,Guwahati,Assam,Winter,Brahmaputra,Agro-Industry,220.65,1.59,34042.67,228611.0,177456.0,3256.0,Polluted,Poor
2013,Hyderabad,Telangana,Monsoon,Musi,Manufacturing,180.79,1.06,24520.75,121145.0,6792714.0,2317.0,Acceptable,Moderate
2013,Hyderabad,Telangana,Post-Monsoon,Musi,Manufacturing,203.6,1.16,19792.0,121145.0,6792714.0,2317.0,Acceptable,Moderate
2013,Hyderabad,Telangana,Summer,Musi,Manufacturing,181.18,0.93,18704.0,121145.0,6792714.0,2317.0,Good,Moderate
2013,Hyderabad,Telangana,Winter,Musi,Manufacturing,212.06,1.34,20137.0,121145.0,6792714.0,2317.0,Acceptable,Poor
2013,Jaipur,Rajasthan,Monsoon,Banas,Manufacturing,143.68,1.18,38753.0,147307.0,1977214.0,11617.0,Acceptable,Moderate
2013,Jaipur,Rajasthan,Post-Monsoon,Banas,Manufacturing,165.48,1.36,24677.0,147307.0,1977214.0,11617.0,Good,Moderate
2013,Jaipur,Rajasthan,Summer,Banas,Manufacturing,147.68,1.17,34054.33,147307.0,1977214.0,11617.0,Good,Moderate
2013,Jaipur,Rajasthan,Winter,Banas,Manufacturing,167.75,1.35,17136.33,147307.0,1977214.0,11617.0,Good,Moderate
2013,Jorapokhar,Jharkhand,Monsoon,Damodar,Mining/Coal,155.16,1.47,33970.25,65390.0,57286.0,934.0,Acceptable,Moderate
2013,Jorapokhar,Jharkhand,Post-Monsoon,Damodar,Mining/Coal,173.0,1.25,18978.5,65390.0,57286.0,934.0,Polluted,Moderate
2013,Jorapokhar,Jharkhand,Summer,Damodar,Mining/Coal,151.0,1.38,19300.67,65390.0,57286.0,934.0,Acceptable,Moderate
2013,Jorapokhar,Jharkhand,Winter,Damodar,Mining/Coal,184.54,1.14,18355.33,65390.0,57286.0,934.0,Acceptable,Poor
2013,Kochi,Kerala,Monsoon,Periyar,Shipping/Refinery,218.06,1.18,26265.25,79777.0,640198.0,7249.0,Acceptable,Poor
2013,Kochi,Kerala,Post-Monsoon,Periyar,Shipping/Refinery,249.2,1.39,8436.0,79777.0,640198.0,7249.0,Acceptable,Poor
2013,Kochi,Kerala,Summer,Periyar,Shipping/Refinery,214.13,0.95,25292.33,79777.0,640198.0,7249.0,Acceptable,Poor
2013,Kochi,Kerala,Winter,Periyar,Shipping/Refinery,263.45,1.19,40992.67,79777.0,640198.0,7249.0,Acceptable,Poor
2013,Kolkata,West Bengal,Monsoon,Hooghly,Manufacturing,214.69,1.23,26218.25,41794.0,10702128.0,6569.0,Acceptable,Poor
2013,Kolkata,West Bengal,Post-Monsoon,Hooghly,Manufacturing,247.3,1.46,28879.5,41794.0,10702128.0,6569.0,Acceptable,Poor
2013,Kolkata,West Bengal,Summer,Hooghly,Manufacturing,208.83,1.06,20105.33,41794.0,10702128.0,6569.0,Acceptable,Poor
2013,Kolkata,West Bengal,Winter,Hooghly,Manufacturing,261.62,1.12,37838.0,41794.0,10702128.0,6569.0,Acceptable,Poor
2013,Lucknow,Uttar Pradesh,Monsoon,Gomti,Agro-Industry,195.0,1.45,34890.75,246660.0,846715.0,5676.0,Acceptable,Moderate
2013,Lucknow,Uttar Pradesh,Post-Monsoon,Gomti,Agro-Industry,224.49,1.36,23287.0,246660.0,846715.0,5676.0,Good,Poor
2013,Lucknow,Uttar Pradesh,Summer,Gomti,Agro-Industry,199.37,0.88,25662.67,246660.0,846715.0,5676.0,Good,Moderate
2013,Lucknow,Uttar Pradesh,Winter,Gomti,Agro-Industry,231.12,1.17,27605.33,246660.0,846715.0,5676.0,Acceptable,Poor
2013,Mumbai,Maharashtra,Monsoon,Ulhas,Manufacturing,114.67,1.55,23321.25,98466.0,18168873.0,8778.0,Acceptable,Moderate
2013,Mumbai,Maharashtra,Post-Monsoon,Ulhas,Manufacturing,132.22,1.55,42142.0,98466.0,18168873.0,8778.0,Acceptable,Moderate
2013,Mumbai,Maharashtra,Summer,Ulhas,Manufacturing,114.91,0.8,18445.33,98466.0,18168873.0,8778.0,Good,Moderate
2013,Mumbai,Maharashtra,Winter,Ulhas,Manufacturing,138.66,1.54,32585.33,98466.0,18168873.0,8778.0,Acceptable,Moderate
2013,Patna,Bihar,Monsoon,Ganga,Agro-Industry,132.52,1.61,24098.75,153570.0,359668.0,668.0,Acceptable,Moderate
2013,Patna,Bihar,Post-Monsoon,Ganga,Agro-Industry,146.8,1.62,20764.5,153570.0,359668.0,668.0,Acceptable,Moderate
2013,Patna,Bihar,Summer,Ganga,Agro-Industry,130.47,1.41,33948.0,153570.0,359668.0,668.0,Acceptable,Moderate
2013,Patna,Bihar,Winter,Ganga,Agro-Industry,153.6,1.32,32896.0,153570.0,359668.0,668.0,Acceptable,Moderate
2013,Shillong,Meghalaya,Monsoon,Umiam,Handicrafts,93.39,1.28,18940.5,228611.0,105403.0,3256.0,Acceptable,Satisfactory
2013,Shillong,Meghalaya,Post-Monsoon,Umiam,Handicrafts,113.72,1.58,26268.0,228611.0,105403.0,3256.0,Acceptable,Satisfactory
2013,Shillong,Meghalaya,Summer,Umiam,Handicrafts,87.21,1.15,42653.33,228611.0,105403.0,3256.0,Acceptable,Satisfactory
2013,Shillong,Meghalaya,Winter,Umiam,Handicrafts,109.56,1.55,34042.67,228611.0,105403.0,3256.0,Acceptable,Moderate
2013,Talcher,Odisha,Monsoon,Brahmani,Thermal Power,180.87,1.5,32284.75,66997.0,154466.0,9994.0,Acceptable,Moderate
2013,Talcher,Odisha,Post-Monsoon,Brahmani,Thermal Power,204.78,1.25,29038.0,66997.0,154466.0,9994.0,Acceptable,Moderate
2013,Talcher,Odisha,Summer,Brahmani,Thermal Power,175.43,1.41,22021.67,66997.0,154466.0,9994.0,Acceptable,Moderate
2013,Talcher,Odisha,Winter,Brahmani,Thermal Power,205.61,1.54,20496.67,66997.0,154466.0,9994.0,Acceptable,Poor
2013,Thiruvananthapuram,Kerala,Monsoon,Karamana,IT/Electronics,130.18,1.21,24117.0,201674.0,744567.0,12557.0,Acceptable,Moderate
2013,Thiruvananthapuram,Kerala,Post-Monsoon,Karamana,IT/Electronics,141.51,1.05,38381.5,201674.0,744567.0,12557.0,Good,Moderate
2013,Thiruvananthapuram,Kerala,Summer,Karamana,IT/Electronics,129.22,1.44,36513.67,201674.0,744567.0,12557.0,Acceptable,Moderate
2013,Thiruvananthapuram,Kerala,Winter,Karamana,IT/Electronics,153.7,1.36,13010.0,201674.0,744567.0,12557.0,Acceptable,Moderate
2013,Visakhapatnam,Andhra Pradesh,Monsoon,Gosthani,Mining,166.06,1.05,24520.75,121145.0,139941.0,2317.0,Acceptable,Moderate
2013,Visakhapatnam,Andhra Pradesh,Post-Monsoon,Gosthani,Mining,195.42,1.18,19792.0,121145.0,139941.0,2317.0,Acceptable,Moderate
2013,Visakhapatnam,Andhra Pradesh,Summer,Gosthani,Mining,168.29,0.89,18704.0,121145.0,139941.0,2317.0,Good,Moderate
2013,Visakhapatnam,Andhra Pradesh,Winter,Gosthani,Mining,208.96,1.31,20137.0,121145.0,139941.0,2317.0,Acceptable,Poor
2014,Ahmedabad,Gujarat,Monsoon,Sabarmati,Chemical,136.65,0.95,29935.5,150634.0,5281441.0,3603.0,Good,Moderate
2014,Ahmedabad,Gujarat,Post-Monsoon,Sabarmati,Chemical,164.77,1.41,32760.5,150634.0,5281441.0,3603.0,Acceptable,Moderate
2014,Ahmedabad,Gujarat,Summer,Sabarmati,Chemical,138.38,1.0,35073.0,150634.0,5281441.0,3603.0,Good,Moderate
2014,Ahmedabad,Gujarat,Winter,Sabarmati,Chemical,165.32,1.36,45176.67,150634.0,5281441.0,3603.0,Acceptable,Moderate
2014,Aizawl,Mizoram,Monsoon,Tlawng,Handicrafts,77.99,1.25,19375.25,230414.0,65966.0,3287.0,Good,Satisfactory
2014,Aizawl,Mizoram,Post-Monsoon,Tlawng,Handicrafts,96.45,1.52,19632.5,230414.0,65966.0,3287.0,Polluted,Satisfactory
2014,Aizawl,Mizoram,Summer,Tlawng,Handicrafts,80.99,1.16,16924.33,230414.0,65966.0,3287.0,Good,Satisfactory
2014,Aizawl,Mizoram,Winter,Tlawng,Handicrafts,96.31,1.13,27294.33,230414.0,65966.0,3287.0,Acceptable,Moderate
2014,Amaravati,Andhra Pradesh,Monsoon,Krishna,Agro-processing,159.22,1.53,23737.75,124761.0,301222.0,2381.0,Acceptable,Moderate
2014,Amaravati,Andhra Pradesh,Post-Monsoon,Krishna,Agro-processing,182.37,0.88,43285.0,124761.0,301222.0,2381.0,Good,Moderate
2014,Amaravati,Andhra Pradesh,Summer,Krishna,Agro-processing,158.33,1.07,15601.33,124761.0,301222.0,2381.0,Acceptable,Moderate
2014,Amaravati,Andhra Pradesh,Winter,Krishna,Agro-processing,191.67,1.2,29805.67,124761.0,301222.0,2381.0,Acceptable,Poor
2014,Amritsar,Punjab,Monsoon,Beas,Agro-Industry,137.32,1.32,19994.25,255737.0,726291.0,3302.0,Acceptable,Moderate
2014,Amritsar,Punjab,Post-Monsoon,Beas,Agro-Industry,155.72,1.43,31547.0,255737.0,726291.0,3302.0,Acceptable,Moderate
2014,Amritsar,Punjab,Summer,Beas,Agro-Industry,133.52,1.16,21711.67,255737.0,726291.0,3302.0,Acceptable,Moderate
2014,Amritsar,Punjab,Winter,Beas,Agro-Industry,162.47,1.65,38953.0,255737.0,726291.0,3302.0,Polluted,Moderate
2014,Bengaluru,Karnataka,Monsoon,Arkavathi,Agro-Industry,94.86,1.05,28689.0,107970.0,2497669.0,12473.0,Good,Satisfactory
2014,Bengaluru,Karnataka,Post-Monsoon,Arkavathi,Agro-Industry,107.58,1.19,18742.5,107970.0,2497669.0,12473.0,Good,Satisfactory
2014,Bengaluru,Karnataka,Summer,Arkavathi,Agro-Industry,93.65,1.41,29930.67,107970.0,2497669.0,12473.0,Acceptable,Satisfactory
2014,Bengaluru,Karnataka,Winter,Arkavathi,Agro-Industry,113.38,0.72,35860.67,107970.0,2497669.0,12473.0,Good,Moderate
2014,Bhopal,Madhya Pradesh,Monsoon,Betwa,Manufacturing,118.49,1.04,40872.0,24564.0,375602.0,11345.0,Acceptable,Moderate
2014,Bhopal,Madhya Pradesh,Post-Monsoon,Betwa,Manufacturing,137.7,1.0,14865.5,24564.0,375602.0,11345.0,Good,Moderate
2014,Bhopal,Madhya Pradesh,Summer,Betwa,Manufacturing,119.24,0.9,27001.0,24564.0,375602.0,11345.0,Good,Moderate
2014,Bhopal,Madhya Pradesh,Winter,Betwa,Manufacturing,142.37,0.72,28110.0,24564.0,375602.0,11345.0,Good,Moderate
2014,Brajrajnagar,Odisha,Monsoon,Ib,Coal/Power,99.01,1.46,13976.25,232539.0,63648.0,7739.0,Acceptable,Moderate
2014,Brajrajnagar,Odisha,Post-Monsoon,Ib,Coal/Power,116.1,1.08,30254.0,232539.0,63648.0,7739.0,Good,Moderate
2014,Brajrajnagar,Odisha,Summer,Ib,Coal/Power,99.18,1.36,23563.33,232539.0,63648.0,7739.0,Acceptable,Satisfactory
2014,Brajrajnagar,Odisha,Winter,Ib,Coal/Power,118.78,1.29,20817.33,232539.0,63648.0,7739.0,Good,Moderate
2014,Chandigarh,Chandigarh,Monsoon,Sukhna,Manufacturing,110.44,1.32,19994.25,255737.0,1034927.0,3302.0,Acceptable,Moderate
2014,Chandigarh,Chandigarh,Post-Monsoon,Sukhna,Manufacturing,128.22,1.42,31547.0,255737.0,1034927.0,3302.0,Acceptable,Moderate
2014,Chandigarh,Chandigarh,Summer,Sukhna,Manufacturing,110.69,1.18,21711.67,255737.0,1034927.0,3302.0,Acceptable,Moderate
2014,Chandigarh,Chandigarh,Winter,Sukhna,Manufacturing,130.55,1.65,38953.0,255737.0,1034927.0,3302.0,Polluted,Moderate
2014,Chennai,Tamil Nadu,Monsoon,Cooum,Manufacturing,142.48,1.06,21937.0,53409.0,16064086.0,7111.0,Good,Moderate
2014,Chennai,Tamil Nadu,Post-Monsoon,Cooum,Manufacturing,164.94,1.89,31983.0,53409.0,16064086.0,7111.0,Acceptable,Moderate
2014,Chennai,Tamil Nadu,Summer,Cooum,Manufacturing,144.94,1.51,44360.67,53409.0,16064086.0,7111.0,Polluted,Moderate
2014,Chennai,Tamil Nadu,Winter,Cooum,Manufacturing,172.82,1.14,29867.33,53409.0,16064086.0,7111.0,Good,Moderate
2014,Coimbatore,Tamil Nadu,Monsoon,Noyyal,Manufacturing,129.02,1.46,21612.25,45234.0,5151667.0,4605.0,Acceptable,Moderate
2014,Coimbatore,Tamil Nadu,Post-Monsoon,Noyyal,Manufacturing,154.3,1.35,24531.5,45234.0,5151667.0,4605.0,Acceptable,Moderate
2014,Coimbatore,Tamil Nadu,Summer,Noyyal,Manufacturing,128.29,1.3,33570.67,45234.0,5151667.0,4605.0,Good,Moderate
2014,Coimbatore,Tamil Nadu,Winter,Noyyal,Manufacturing,155.73,1.08,27291.67,45234.0,5151667.0,4605.0,Good,Moderate
2014,Delhi,Delhi,Monsoon,Yamuna,Manufacturing,186.99,1.14,35730.5,235918.0,2446094.0,1485.0,Good,Moderate
2014,Delhi,Delhi,Post-Monsoon,Yamuna,Manufacturing,213.48,1.3,29768.0,235918.0,2446094.0,1485.0,Good,Moderate
2014,Delhi,Delhi,Summer,Yamuna,Manufacturing,196.92,1.24,42681.67,235918.0,2446094.0,1485.0,Good,Moderate
2014,Delhi,Delhi,Winter,Yamuna,Manufacturing,226.1,1.1,41354.33,235918.0,2446094.0,1485.0,Good,Poor
2014,Ernakulam,Kerala,Monsoon,Periyar,Shipping/Refinery,196.07,1.08,25371.5,80254.0,561521.0,7257.0,Good,Poor
2014,Ernakulam,Kerala,Post-Monsoon,Periyar,Shipping/Refinery,219.97,1.24,37685.5,80254.0,561521.0,7257.0,Good,Moderate
2014,Ernakulam,Kerala,Summer,Periyar,Shipping/Refinery,202.43,1.65,35172.67,80254.0,561521.0,7257.0,Acceptable,Poor
2014,Ernakulam,Kerala,Winter,Periyar,Shipping/Refinery,238.53,1.18,18789.67,80254.0,561521.0,7257.0,Acceptable,Poor
2014,Gurugram,Haryana,Monsoon,Sahibi,Automobile,125.66,0.89,15751.0,23243.0,2570304.0,5114.0,Acceptable,Moderate
2014,Gurugram,Haryana,Post-Monsoon,Sahibi,Automobile,150.09,1.16,19537.5,23243.0,2570304.0,5114.0,Acceptable,Moderate
2014,Gurugram,Haryana,Summer,Sahibi,Automobile,128.85,0.82,23026.33,23243.0,2570304.0,5114.0,Acceptable,Moderate
2014,Gurugram,Haryana,Winter,Sahibi,Automobile,154.98,1.0,33538.0,23243.0,2570304.0,5114.0,Acceptable,Moderate
2014,Guwahati,Assam,Monsoon,Brahmaputra,Agro-Industry,187.5,1.27,19375.25,230414.0,188103.0,3287.0,Good,Moderate
2014,Guwahati,Assam,Post-Monsoon,Brahmaputra,Agro-Industry,212.08,1.52,19632.5,230414.0,188103.0,3287.0,Polluted,Moderate
2014,Guwahati,Assam,Summer,Brahmaputra,Agro-Industry,186.62,1.17,16924.33,230414.0,188103.0,3287.0,Good,Moderate
2014,Guwahati,Assam,Winter,Brahmaputra,Agro-Industry,217.93,1.14,27294.33,230414.0,188103.0,3287.0,Acceptable,Poor
2014,Hyderabad,Telangana,Monsoon,Musi,Manufacturing,178.59,1.51,23737.75,124761.0,7200277.0,2381.0,Acceptable,Moderate
2014,Hyderabad,Telangana,Post-Monsoon,Musi,Manufacturing,207.44,0.86,43285.0,124761.0,7200277.0,2381.0,Good,Moderate
2014,Hyderabad,Telangana,Summer,Musi,Manufacturing,180.73,1.06,15601.33,124761.0,7200277.0,2381.0,Acceptable,Moderate
2014,Hyderabad,Telangana,Winter,Musi,Manufacturing,222.01,1.18,29805.67,124761.0,7200277.0,2381.0,Acceptable,Poor
2014,Jaipur,Rajasthan,Monsoon,Banas,Manufacturing,148.27,1.26,24118.5,150907.0,2095847.0,11681.0,Acceptable,Moderate
2014,Jaipur,Rajasthan,Post-Monsoon,Banas,Manufacturing,171.21,0.78,21066.5,150907.0,2095847.0,11681.0,Good,Moderate
2014,Jaipur,Rajasthan,Summer,Banas,Manufacturing,142.76,1.21,32739.67,150907.0,2095847.0,11681.0,Acceptable,Moderate
2014,Jaipur,Rajasthan,Winter,Banas,Manufacturing,177.52,1.55,24409.33,150907.0,2095847.0,11681.0,Acceptable,Moderate
2014,Jorapokhar,Jharkhand,Monsoon,Damodar,Mining/Coal,159.5,1.14,17827.0,69212.0,60723.0,1002.0,Good,Moderate
2014,Jorapokhar,Jharkhand,Post-Monsoon,Damodar,Mining/Coal,180.42,1.25,34822.0,69212.0,60723.0,1002.0,Acceptable,Moderate
2014,Jorapokhar,Jharkhand,Summer,Damodar,Mining/Coal,156.96,1.09,24086.0,69212.0,60723.0,1002.0,Good,Moderate
2014,Jorapokhar,Jharkhand,Winter,Damodar,Mining/Coal,193.4,1.34,24272.0,69212.0,60723.0,1002.0,Acceptable,Poor
2014,Kochi,Kerala,Monsoon,Periyar,Shipping/Refinery,220.74,1.06,25371.5,80254.0,678609.0,7257.0,Good,Poor
2014,Kochi,Kerala,Post-Monsoon,Periyar,Shipping/Refinery,249.96,1.3,37685.5,80254.0,678609.0,7257.0,Good,Poor
2014,Kochi,Kerala,Summer,Periyar,Shipping/Refinery,222.0,1.62,35172.67,80254.0,678609.0,7257.0,Acceptable,Poor
2014,Kochi,Kerala,Winter,Periyar,Shipping/Refinery,265.97,1.18,18789.67,80254.0,678609.0,7257.0,Acceptable,Poor
2014,Kolkata,West Bengal,Monsoon,Hooghly,Manufacturing,221.08,1.27,31088.5,44555.0,11344255.0,6618.0,Acceptable,Poor
2014,Kolkata,West Bengal,Post-Monsoon,Hooghly,Manufacturing,249.54,1.23,8754.5,44555.0,11344255.0,6618.0,Good,Poor
2014,Kolkata,West Bengal,Summer,Hooghly,Manufacturing,218.0,1.41,47201.0,44555.0,11344255.0,6618.0,Acceptable,Poor
2014,Kolkata,West Bengal,Winter,Hooghly,Manufacturing,258.13,1.18,27586.33,44555.0,11344255.0,6618.0,Acceptable,Poor
2014,Lucknow,Uttar Pradesh,Monsoon,Gomti,Agro-Industry,198.86,1.35,28484.5,250968.0,897517.0,5752.0,Acceptable,Poor
2014,Lucknow,Uttar Pradesh,Post-Monsoon,Gomti,Agro-Industry,227.38,0.82,46969.0,250968.0,897517.0,5752.0,Good,Poor
2014,Lucknow,Uttar Pradesh,Summer,Gomti,Agro-Industry,198.73,0.89,27052.0,250968.0,897517.0,5752.0,Good,Poor
2014,Lucknow,Uttar Pradesh,Winter,Gomti,Agro-Industry,239.66,1.25,26267.67,250968.0,897517.0,5752.0,Acceptable,Poor
2014,Mumbai,Maharashtra,Monsoon,Ulhas,Manufacturing,116.37,1.06,17226.0,98733.0,19259006.0,8782.0,Good,Moderate
2014,Mumbai,Maharashtra,Post-Monsoon,Ulhas,Manufacturing,132.71,1.27,27871.5,98733.0,19259006.0,8782.0,Acceptable,Moderate
2014,Mumbai,Maharashtra,Summer,Ulhas,Manufacturing,112.25,1.35,24312.67,98733.0,19259006.0,8782.0,Acceptable,Moderate
2014,Mumbai,Maharashtra,Winter,Ulhas,Manufacturing,142.36,1.0,39022.67,98733.0,19259006.0,8782.0,Acceptable,Moderate
2014,Patna,Bihar,Monsoon,Ganga,Agro-Industry,132.33,1.29,37055.25,154386.0,381248.0,682.0,Acceptable,Moderate
2014,Patna,Bihar,Post-Monsoon,Ganga,Agro-Industry,145.6,1.1,27763.0,154386.0,381248.0,682.0,Good,Moderate
2014,Patna,Bihar,Summer,Ganga,Agro-Industry,127.52,1.62,35269.0,154386.0,381248.0,682.0,Acceptable,Moderate
2014,Patna,Bihar,Winter,Ganga,Agro-Industry,158.72,1.14,32600.67,154386.0,381248.0,682.0,Acceptable,Moderate
2014,Shillong,Meghalaya,Monsoon,Umiam,Handicrafts,94.21,1.24,19375.25,230414.0,111727.0,3287.0,Good,Satisfactory
2014,Shillong,Meghalaya,Post-Monsoon,Umiam,Handicrafts,104.92,1.5,19632.5,230414.0,111727.0,3287.0,Polluted,Satisfactory
2014,Shillong,Meghalaya,Summer,Umiam,Handicrafts,94.53,1.19,16924.33,230414.0,111727.0,3287.0,Good,Satisfactory
2014,Shillong,Meghalaya,Winter,Umiam,Handicrafts,108.73,1.13,27294.33,230414.0,111727.0,3287.0,Acceptable,Moderate
2014,Talcher,Odisha,Monsoon,Brahmani,Thermal Power,184.74,1.3,26165.25,71668.0,163734.0,10077.0,Acceptable,Moderate
2014,Talcher,Odisha,Post-Monsoon,Brahmani,Thermal Power,210.44,1.14,29119.0,71668.0,163734.0,10077.0,Good,Moderate
2014,Talcher,Odisha,Summer,Brahmani,Thermal Power,176.57,0.92,25645.33,71668.0,163734.0,10077.0,Acceptable,Moderate
2014,Talcher,Odisha,Winter,Brahmani,Thermal Power,221.25,0.91,24962.67,71668.0,163734.0,10077.0,Good,Poor
2014,Thiruvananthapuram,Kerala,Monsoon,Karamana,IT/Electronics,130.84,1.4,31511.75,203555.0,789242.0,12590.0,Acceptable,Moderate
2014,Thiruvananthapuram,Kerala,Post-Monsoon,Karamana,IT/Electronics,152.63,0.8,26580.0,203555.0,789242.0,12590.0,Acceptable,Moderate
2014,Thiruvananthapuram,Kerala,Summer,Karamana,IT/Electronics,130.88,1.36,27577.33,203555.0,789242.0,12590.0,Acceptable,Moderate
2014,Thiruvananthapuram,Kerala,Winter,Karamana,IT/Electronics,159.15,0.98,25126.67,203555.0,789242.0,12590.0,Acceptable,Moderate
2014,Visakhapatnam,Andhra Pradesh,Monsoon,Gosthani,Mining,172.31,1.49,23737.75,124761.0,148338.0,2381.0,Acceptable,Moderate
2014,Visakhapatnam,Andhra Pradesh,Post-Monsoon,Gosthani,Mining,198.7,0.88,43285.0,124761.0,148338.0,2381.0,Good,Moderate
2014,Visakhapatnam,Andhra Pradesh,Summer,Gosthani,Mining,170.63,1.09,15601.33,124761.0,148338.0,2381.0,Acceptable,Moderate
2014,Visakhapatnam,Andhra Pradesh,Winter,Gosthani,Mining,212.86,1.2,29805.67,124761.0,148338.0,2381.0,Acceptable,Poor
2015,Ahmedabad,Gujarat,Monsoon,Sabarmati,Chemical,230.73,2.56,275048.59,4045996.02,5660483.95,10344.14,Acceptable,Moderate
2015,Ahmedabad,Gujarat,Monsoon,Sabarmati,Manufacturing,177.11,2.87,190872.0,3977833.0,5683106.0,10323.0,Moderately Polluted,Poor
2015,Ahmedabad,Gujarat,Post-Monsoon,Sabarmati,Chemical,495.34,1.93,252332.0,4030994.41,5649358.34,10456.03,Acceptable,Very Poor
2015,Ahmedabad,Gujarat,Summer,Sabarmati,Chemical,330.9,1.93,231622.65,4003659.21,5657479.9,10321.18,Acceptable,Severe
2015,Ahmedabad,Gujarat,Winter,Sabarmati,Chemical,445.43,2.07,275052.27,4010075.77,5642689.76,10371.2,Acceptable,Severe
2015,Aizawl,Mizoram,Monsoon,Tlawng,Handicrafts,81.22,1.05,35193.0,232836.0,69924.0,3330.0,Good,Satisfactory
2015,Aizawl,Mizoram,Post-Monsoon,Tlawng,Handicrafts,93.44,0.96,40887.0,232836.0,69924.0,3330.0,Good,Satisfactory
2015,Aizawl,Mizoram,Summer,Tlawng,Handicrafts,81.06,1.41,18880.67,232836.0,69924.0,3330.0,Acceptable,Satisfactory
2015,Aizawl,Mizoram,Winter,Tlawng,Handicrafts,106.36,1.24,28096.67,232836.0,69924.0,3330.0,Acceptable,Moderate
2015,Amaravati,Andhra Pradesh,Monsoon,Krishna,Agro-processing,152.12,1.02,30815.25,124078.0,319295.0,2369.0,Good,Moderate
2015,Amaravati,Andhra Pradesh,Post-Monsoon,Krishna,Agro-processing,179.26,1.13,17130.5,124078.0,319295.0,2369.0,Acceptable,Moderate
2015,Amaravati,Andhra Pradesh,Summer,Krishna,Agro-processing,161.83,1.66,33658.33,124078.0,319295.0,2369.0,Acceptable,Moderate
2015,Amaravati,Andhra Pradesh,Winter,Krishna,Agro-processing,186.23,1.13,37246.33,124078.0,319295.0,2369.0,Acceptable,Poor
2015,Amritsar,Punjab,Monsoon,Beas,Agro-Industry,132.34,1.16,33289.5,252850.0,769868.0,3251.0,Good,Moderate
2015,Amritsar,Punjab,Post-Monsoon,Beas,Agro-Industry,159.14,0.89,27742.5,252850.0,769868.0,3251.0,Good,Moderate
2015,Amritsar,Punjab,Summer,Beas,Agro-Industry,131.07,1.41,9825.67,252850.0,769868.0,3251.0,Acceptable,Moderate
2015,Amritsar,Punjab,Winter,Beas,Agro-Industry,165.89,1.53,32301.0,252850.0,769868.0,3251.0,Acceptable,Moderate
2015,Bengaluru,Karnataka,Monsoon,Arkavathi,Agro-Industry,108.3,4.63,209087.0,5979183.0,2647529.0,4570.0,Severely Polluted,Moderate
2015,Bengaluru,Karnataka,Monsoon,Arkavathi,Power,131.62,4.57,597826.08,5983972.57,2639214.43,4713.28,Severely Polluted,Moderate
2015,Bengaluru,Karnataka,Post-Monsoon,Arkavathi,Agro-Industry,83.93,3.92,209087.0,5979183.0,2647529.0,4633.0,Heavily Polluted,Good
2015,Bengaluru,Karnataka,Post-Monsoon,Arkavathi,Power,105.32,3.58,795382.0,5993871.0,2634989.0,4649.0,Heavily Polluted,Moderate
2015,Bengaluru,Karnataka,Summer,Arkavathi,Agro-Industry,109.93,3.81,202674.5,5969772.09,2650840.24,4641.53,Heavily Polluted,Moderate
2015,Bengaluru,Karnataka,Winter,Arkavathi,Agro-Industry,100.73,3.98,205880.75,5972086.25,2648777.5,4623.5,Heavily Polluted,Moderate
2015,Bengaluru,Karnataka,Winter,Arkavathi,Power,98.5,4.57,795382.0,5993871.0,2634989.0,4693.0,Severely Polluted,Satisfactory
2015,Bhopal,Madhya Pradesh,Monsoon,Betwa,Manufacturing,126.04,1.39,38188.75,26775.0,398138.0,11384.0,Good,Moderate
2015,Bhopal,Madhya Pradesh,Post-Monsoon,Betwa,Manufacturing,144.08,1.4,35370.5,26775.0,398138.0,11384.0,Acceptable,Moderate
2015,Bhopal,Madhya Pradesh,Summer,Betwa,Manufacturing,122.22,1.42,24043.33,26775.0,398138.0,11384.0,Acceptable,Moderate
2015,Bhopal,Madhya Pradesh,Winter,Betwa,Manufacturing,150.32,1.3,23165.67,26775.0,398138.0,11384.0,Acceptable,Moderate
2015,Brajrajnagar,Odisha,Monsoon,Ib,Coal/Power,99.56,1.1,30056.5,231994.0,67467.0,7729.0,Good,Moderate
2015,Brajrajnagar,Odisha,Post-Monsoon,Ib,Coal/Power,112.92,1.3,21658.5,231994.0,67467.0,7729.0,Acceptable,Satisfactory
2015,Brajrajnagar,Odisha,Summer,Ib,Coal/Power,97.5,1.38,23517.0,231994.0,67467.0,7729.0,Acceptable,Satisfactory
2015,Brajrajnagar,Odisha,Winter,Ib,Coal/Power,119.97,1.11,16898.67,231994.0,67467.0,7729.0,Good,Moderate
2015,Chandigarh,Chandigarh,Monsoon,Sukhna,Manufacturing,106.55,1.15,33289.5,252850.0,1097022.0,3251.0,Good,Moderate
2015,Chandigarh,Chandigarh,Post-Monsoon,Sukhna,Manufacturing,120.89,0.9,27742.5,252850.0,1097022.0,3251.0,Good,Moderate
2015,Chandigarh,Chandigarh,Summer,Sukhna,Manufacturing,110.49,1.43,9825.67,252850.0,1097022.0,3251.0,Acceptable,Moderate
2015,Chandigarh,Chandigarh,Winter,Sukhna,Manufacturing,125.55,1.55,32301.0,252850.0,1097022.0,3251.0,Acceptable,Moderate
2015,Chennai,Tamil Nadu,Monsoon,Cooum,Manufacturing,139.96,4.89,90313.79,4605206.81,17227707.85,28061.39,Severely Polluted,Poor
2015,Chennai,Tamil Nadu,Post-Monsoon,Cooum,Manufacturing,132.3,4.83,99102.0,4591933.0,17167339.0,27939.15,Severely Polluted,Moderate
2015,Chennai,Tamil Nadu,Summer,Cooum,Manufacturing,162.37,4.74,151925.33,4632131.7,17247393.35,28397.7,Severely Polluted,Satisfactory
2015,Chennai,Tamil Nadu,Winter,Cooum,Manufacturing,115.29,4.46,150486.41,4527107.85,17027931.5,28233.25,Heavily Polluted,Moderate
2015,Coimbatore,Tamil Nadu,Monsoon,Noyyal,Manufacturing,136.45,1.43,31135.75,50600.0,5460767.0,4699.0,Acceptable,Moderate
2015,Coimbatore,Tamil Nadu,Post-Monsoon,Noyyal,Manufacturing,161.55,1.18,46688.0,50600.0,5460767.0,4699.0,Acceptable,Moderate
2015,Coimbatore,Tamil Nadu,Summer,Noyyal,Manufacturing,135.09,0.99,18307.0,50600.0,5460767.0,4699.0,Acceptable,Moderate
2015,Coimbatore,Tamil Nadu,Winter,Noyyal,Manufacturing,165.86,1.06,41530.67,50600.0,5460767.0,4699.0,Good,Moderate
2015,Delhi,Delhi,Monsoon,Yamuna,Manufacturing,225.23,5.72,195695.32,9708729.51,2590655.82,12065.56,Severely Polluted,Poor
2015,Delhi,Delhi,Post-Monsoon,Yamuna,Manufacturing,364.36,5.62,258611.0,9699937.93,2593102.46,11957.1,Severely Polluted,Poor
2015,Delhi,Delhi,Summer,Yamuna,Manufacturing,303.28,5.64,206472.03,9706736.48,2590036.72,12143.61,Severely Polluted,Very Poor
2015,Delhi,Delhi,Winter,Yamuna,Manufacturing,342.31,5.72,206127.49,9714619.0,2592860.0,11924.27,Severely Polluted,Severe
2015,Ernakulam,Kerala,Monsoon,Periyar,Shipping/Refinery,201.72,1.38,16083.25,82505.0,595212.0,7297.0,Acceptable,Moderate
2015,Ernakulam,Kerala,Post-Monsoon,Periyar,Shipping/Refinery,229.77,1.26,25242.0,82505.0,595212.0,7297.0,Acceptable,Moderate
2015,Ernakulam,Kerala,Summer,Periyar,Shipping/Refinery,203.19,1.22,20872.33,82505.0,595212.0,7297.0,Acceptable,Poor
2015,Ernakulam,Kerala,Winter,Periyar,Shipping/Refinery,236.2,1.01,28235.33,82505.0,595212.0,7297.0,Acceptable,Poor
2015,Gurugram,Haryana,Monsoon,Sahibi,Automobile,126.62,1.27,20847.5,22610.0,2724522.0,5102.0,Acceptable,Moderate
2015,Gurugram,Haryana,Post-Monsoon,Sahibi,Automobile,291.53,2.76,629974.6,140775.4,2062199.0,173193.8,Acceptable,Moderate
2015,Gurugram,Haryana,Summer,Sahibi,Automobile,129.67,1.5,11691.0,22610.0,2724522.0,5102.0,Acceptable,Moderate
2015,Gurugram,Haryana,Winter,Sahibi,Automobile,323.99,3.37,713494.88,139956.21,2108161.88,207248.45,Acceptable,Moderate
2015,Guwahati,Assam,Monsoon,Brahmaputra,Agro-Industry,188.96,1.06,35193.0,232836.0,199389.0,3330.0,Good,Moderate
2015,Guwahati,Assam,Post-Monsoon,Brahmaputra,Agro-Industry,223.92,0.96,40887.0,232836.0,199389.0,3330.0,Good,Moderate
2015,Guwahati,Assam,Summer,Brahmaputra,Agro-Industry,191.03,1.41,18880.67,232836.0,199389.0,3330.0,Acceptable,Moderate
2015,Guwahati,Assam,Winter,Brahmaputra,Agro-Industry,228.79,1.23,28096.67,232836.0,199389.0,3330.0,Acceptable,Poor
2015,Hyderabad,Telangana,Monsoon,Musi,Manufacturing,133.8,4.34,273633.36,5233367.14,7378892.1,19808.08,Heavily Polluted,Moderate
2015,Hyderabad,Telangana,Post-Monsoon,Musi,Manufacturing,139.17,4.11,278873.0,5260258.0,7384117.0,19786.0,Heavily Polluted,Moderate
2015,Hyderabad,Telangana,Post-Monsoon,Musi,Power,217.06,3.88,469537.0,5260258.0,7409513.5,19341.0,Heavily Polluted,Very Poor
2015,Hyderabad,Telangana,Summer,Musi,Manufacturing,126.35,3.83,251528.42,5267750.17,7492862.31,19469.53,Heavily Polluted,Moderate
2015,Hyderabad,Telangana,Winter,Musi,Manufacturing,126.5,4.14,258252.5,5260258.0,7520903.75,19812.25,Heavily Polluted,Moderate
2015,Hyderabad,Telangana,Winter,Musi,Power,124.74,3.98,660201.0,5283234.0,7384117.0,19784.0,Heavily Polluted,Moderate
2015,Jaipur,Rajasthan,Monsoon,Banas,Manufacturing,142.83,1.16,34082.5,149953.0,2221598.0,11664.0,Acceptable,Moderate
2015,Jaipur,Rajasthan,Post-Monsoon,Banas,Manufacturing,167.02,1.55,22387.5,149953.0,2221598.0,11664.0,Acceptable,Moderate
2015,Jaipur,Rajasthan,Summer,Banas,Manufacturing,146.18,1.18,19042.33,149953.0,2221598.0,11664.0,Acceptable,Moderate
2015,Jaipur,Rajasthan,Winter,Banas,Manufacturing,172.68,0.89,19689.67,149953.0,2221598.0,11664.0,Acceptable,Moderate
2015,Jorapokhar,Jharkhand,Monsoon,Damodar,Mining/Coal,155.58,1.03,27562.75,66007.0,64366.0,945.0,Good,Moderate
2015,Jorapokhar,Jharkhand,Post-Monsoon,Damodar,Mining/Coal,175.46,0.87,25337.5,66007.0,64366.0,945.0,Acceptable,Moderate
2015,Jorapokhar,Jharkhand,Summer,Damodar,Mining/Coal,150.59,0.91,29856.0,66007.0,64366.0,945.0,Good,Moderate
2015,Jorapokhar,Jharkhand,Winter,Damodar,Mining/Coal,182.05,1.53,26479.0,66007.0,64366.0,945.0,Acceptable,Poor
2015,Kochi,Kerala,Monsoon,Periyar,Shipping/Refinery,225.14,1.36,16083.25,82505.0,719326.0,7297.0,Acceptable,Poor
2015,Kochi,Kerala,Post-Monsoon,Periyar,Shipping/Refinery,261.98,1.22,25242.0,82505.0,719326.0,7297.0,Acceptable,Poor
2015,Kochi,Kerala,Summer,Periyar,Shipping/Refinery,218.31,1.22,20872.33,82505.0,719326.0,7297.0,Acceptable,Poor
2015,Kochi,Kerala,Winter,Periyar,Shipping/Refinery,264.49,1.0,28235.33,82505.0,719326.0,7297.0,Good,Poor
2015,Kolkata,West Bengal,Monsoon,Hooghly,Manufacturing,213.26,1.02,35535.0,43714.0,12024910.0,6603.0,Acceptable,Poor
2015,Kolkata,West Bengal,Post-Monsoon,Hooghly,Manufacturing,245.56,1.61,39410.5,43714.0,12024910.0,6603.0,Acceptable,Poor
2015,Kolkata,West Bengal,Summer,Hooghly,Manufacturing,216.48,0.91,27521.0,43714.0,12024910.0,6603.0,Acceptable,Poor
2015,Kolkata,West Bengal,Winter,Hooghly,Manufacturing,263.8,1.16,32880.0,43714.0,12024910.0,6603.0,Good,Poor
2015,Lucknow,Uttar Pradesh,Monsoon,Gomti,Agro-Industry,127.23,2.56,392145.5,2179866.26,950808.66,1931.59,Acceptable,Moderate
2015,Lucknow,Uttar Pradesh,Post-Monsoon,Gomti,Agro-Industry,317.7,1.99,579086.7,2182121.48,966407.82,1915.08,Acceptable,Poor
2015,Lucknow,Uttar Pradesh,Summer,Gomti,Agro-Industry,163.18,1.97,209260.33,2172051.15,957904.1,1897.35,Acceptable,Poor
2015,Lucknow,Uttar Pradesh,Winter,Gomti,Agro-Industry,342.39,2.03,209543.12,2175077.07,945133.06,1917.98,Acceptable,Very Poor
2015,Mumbai,Maharashtra,Monsoon,Ulhas,Manufacturing,66.62,4.04,174693.1,6951299.11,20518351.75,21940.39,Heavily Polluted,Satisfactory
2015,Mumbai,Maharashtra,Post-Monsoon,Ulhas,Manufacturing,127.21,3.43,202679.82,6938811.43,20300156.93,21744.18,Heavily Polluted,Moderate
2015,Mumbai,Maharashtra,Summer,Ulhas,Manufacturing,93.37,3.74,174319.0,6956903.18,20355575.45,21905.71,Heavily Polluted,Moderate
2015,Mumbai,Maharashtra,Winter,Ulhas,Manufacturing,160.43,3.71,203152.5,6967625.25,20437374.4,22189.73,Heavily Polluted,Moderate
2015,Patna,Bihar,Monsoon,Ganga,Agro-Industry,113.15,4.41,212224.0,1720848.0,395991.34,1885.18,Severely Polluted,Moderate
2015,Patna,Bihar,Monsoon,Ganga,Manufacturing,103.9,4.3,212224.0,1727016.0,372706.0,1912.69,Heavily Polluted,Satisfactory
2015,Patna,Bihar,Post-Monsoon,Ganga,Agro-Industry,371.0,3.9,212224.0,1720848.0,388122.0,1882.0,Heavily Polluted,Very Poor
2015,Patna,Bihar,Post-Monsoon,Ganga,Manufacturing,240.9,3.81,212224.0,1733184.0,357290.0,1902.0,Heavily Polluted,Poor
2015,Patna,Bihar,Summer,Ganga,Agro-Industry,136.96,0.73,28706.0,159881.0,404123.0,779.0,Good,Moderate
2015,Patna,Bihar,Winter,Ganga,Agro-Industry,392.69,3.86,200707.12,1626243.94,389091.76,1863.06,Acceptable,Moderate
2015,Shillong,Meghalaya,Monsoon,Umiam,Handicrafts,93.23,1.07,35193.0,232836.0,118431.0,3330.0,Good,Satisfactory
2015,Shillong,Meghalaya,Post-Monsoon,Umiam,Handicrafts,111.18,0.96,40887.0,232836.0,118431.0,3330.0,Good,Moderate
2015,Shillong,Meghalaya,Summer,Umiam,Handicrafts,98.93,1.35,18880.67,232836.0,118431.0,3330.0,Acceptable,Satisfactory
2015,Shillong,Meghalaya,Winter,Umiam,Handicrafts,118.29,1.22,28096.67,232836.0,118431.0,3330.0,Acceptable,Moderate
2015,Talcher,Odisha,Monsoon,Brahmani,Thermal Power,180.35,1.64,27256.5,68864.0,173558.0,10027.0,Acceptable,Moderate
2015,Talcher,Odisha,Post-Monsoon,Brahmani,Thermal Power,212.64,1.42,19518.0,68864.0,173558.0,10027.0,Acceptable,Moderate
2015,Talcher,Odisha,Summer,Brahmani,Thermal Power,182.75,1.62,30831.67,68864.0,173558.0,10027.0,Acceptable,Moderate
2015,Talcher,Odisha,Winter,Brahmani,Thermal Power,213.54,1.48,18914.0,68864.0,173558.0,10027.0,Acceptable,Poor
2015,Thiruvananthapuram,Kerala,Monsoon,Karamana,IT/Electronics,135.28,1.27,37991.5,206417.0,836596.0,12641.0,Acceptable,Moderate
2015,Thiruvananthapuram,Kerala,Post-Monsoon,Karamana,IT/Electronics,147.04,1.83,36004.5,206417.0,836596.0,12641.0,Acceptable,Moderate
2015,Thiruvananthapuram,Kerala,Summer,Karamana,IT/Electronics,133.59,1.09,22403.33,206417.0,836596.0,12641.0,Acceptable,Moderate
2015,Thiruvananthapuram,Kerala,Winter,Karamana,IT/Electronics,159.22,1.54,31753.33,206417.0,836596.0,12641.0,Acceptable,Moderate
2015,Visakhapatnam,Andhra Pradesh,Monsoon,Gosthani,Mining,169.02,1.02,30815.25,124078.0,157238.0,2369.0,Good,Moderate
2015,Visakhapatnam,Andhra Pradesh,Post-Monsoon,Gosthani,Mining,202.85,1.09,17130.5,124078.0,157238.0,2369.0,Acceptable,Moderate
2015,Visakhapatnam,Andhra Pradesh,Summer,Gosthani,Mining,171.19,1.69,33658.33,124078.0,157238.0,2369.0,Acceptable,Moderate
2015,Visakhapatnam,Andhra Pradesh,Winter,Gosthani,Mining,213.22,1.12,37246.33,124078.0,157238.0,2369.0,Acceptable,Poor
2016,Ahmedabad,Gujarat,Monsoon,Sabarmati,Chemical,299.76,2.48,189951.41,4438532.25,5990617.23,10445.56,Acceptable,Poor
2016,Ahmedabad,Gujarat,Post-Monsoon,Sabarmati,Chemical,433.13,1.87,197999.89,4511954.2,5868526.9,10489.51,Acceptable,Poor
2016,Ahmedabad,Gujarat,Summer,Sabarmati,Chemical,329.03,1.87,197294.0,4437541.07,6077582.17,10426.27,Acceptable,Severe
2016,Ahmedabad,Gujarat,Winter,Sabarmati,Chemical,444.02,1.85,197530.59,4465305.91,5976753.49,10380.25,Acceptable,Severe
2016,Aizawl,Mizoram,Monsoon,Tlawng,Handicrafts,79.66,1.5,32930.25,230398.0,74119.0,3287.0,Acceptable,Satisfactory
2016,Aizawl,Mizoram,Post-Monsoon,Tlawng,Handicrafts,91.85,1.27,33014.0,230398.0,74119.0,3287.0,Acceptable,Satisfactory
2016,Aizawl,Mizoram,Summer,Tlawng,Handicrafts,86.32,1.29,33704.0,230398.0,74119.0,3287.0,Acceptable,Satisfactory
2016,Aizawl,Mizoram,Winter,Tlawng,Handicrafts,103.33,1.11,31090.67,230398.0,74119.0,3287.0,Good,Moderate
2016,Amaravati,Andhra Pradesh,Monsoon,Krishna,Agro-processing,154.23,1.23,20045.0,123878.0,338453.0,2365.0,Acceptable,Moderate
2016,Amaravati,Andhra Pradesh,Post-Monsoon,Krishna,Agro-processing,179.02,0.62,24434.5,123878.0,338453.0,2365.0,Good,Moderate
2016,Amaravati,Andhra Pradesh,Summer,Krishna,Agro-processing,158.22,1.37,43430.67,123878.0,338453.0,2365.0,Acceptable,Moderate
2016,Amaravati,Andhra Pradesh,Winter,Krishna,Agro-processing,189.33,1.26,26679.33,123878.0,338453.0,2365.0,Acceptable,Poor
2016,Amritsar,Punjab,Monsoon,Beas,Agro-Industry,136.92,1.16,18249.5,258722.0,816060.0,3354.0,Acceptable,Moderate
2016,Amritsar,Punjab,Post-Monsoon,Beas,Agro-Industry,162.76,1.42,32565.5,258722.0,816060.0,3354.0,Good,Moderate
2016,Amritsar,Punjab,Summer,Beas,Agro-Industry,141.19,1.3,28857.33,258722.0,816060.0,3354.0,Acceptable,Moderate
2016,Amritsar,Punjab,Winter,Beas,Agro-Industry,166.01,1.22,32698.33,258722.0,816060.0,3354.0,Acceptable,Moderate
2016,Bengaluru,Karnataka,Monsoon,Arkavathi,Agro-Industry,68.84,4.68,165221.09,6273763.16,2779384.01,4710.34,Heavily Polluted,Good
2016,Bengaluru,Karnataka,Monsoon,Arkavathi,Power,85.42,4.33,181004.0,6251590.0,2727449.5,4741.0,Heavily Polluted,Poor
2016,Bengaluru,Karnataka,Post-Monsoon,Arkavathi,Agro-Industry,113.7,3.93,157459.0,6345776.15,2750956.95,4751.81,Heavily Polluted,Moderate
2016,Bengaluru,Karnataka,Summer,Arkavathi,Agro-Industry,145.58,4.11,181004.0,6284668.0,2793715.0,4732.0,Heavily Polluted,Moderate
2016,Bengaluru,Karnataka,Summer,Arkavathi,Power,94.49,4.06,286358.26,6284668.0,2815774.5,4675.43,Heavily Polluted,Moderate
2016,Bengaluru,Karnataka,Winter,Arkavathi,Agro-Industry,130.92,4.17,173500.65,6332122.12,2778170.99,4679.73,Heavily Polluted,Moderate
2016,Bhopal,Madhya Pradesh,Monsoon,Betwa,Manufacturing,124.18,1.4,28115.25,27155.0,422026.0,11390.0,Acceptable,Moderate
2016,Bhopal,Madhya Pradesh,Post-Monsoon,Betwa,Manufacturing,135.48,1.2,30202.0,27155.0,422026.0,11390.0,Good,Moderate
2016,Bhopal,Madhya Pradesh,Summer,Betwa,Manufacturing,121.31,1.21,30035.0,27155.0,422026.0,11390.0,Acceptable,Moderate
2016,Bhopal,Madhya Pradesh,Winter,Betwa,Manufacturing,147.25,1.23,27119.0,27155.0,422026.0,11390.0,Polluted,Moderate
2016,Brajrajnagar,Odisha,Monsoon,Ib,Coal/Power,103.2,1.13,18561.5,234703.0,71515.0,7777.0,Good,Moderate
2016,Brajrajnagar,Odisha,Post-Monsoon,Ib,Coal/Power,118.0,1.44,40242.5,234703.0,71515.0,7777.0,Acceptable,Moderate
2016,Brajrajnagar,Odisha,Summer,Ib,Coal/Power,102.97,1.43,33232.67,234703.0,71515.0,7777.0,Acceptable,Satisfactory
2016,Brajrajnagar,Odisha,Winter,Ib,Coal/Power,121.48,0.96,16016.0,234703.0,71515.0,7777.0,Good,Moderate
2016,Chandigarh,Chandigarh,Monsoon,Sukhna,Manufacturing,108.56,1.18,18249.5,258722.0,1162844.0,3354.0,Acceptable,Moderate
2016,Chandigarh,Chandigarh,Post-Monsoon,Sukhna,Manufacturing,127.07,1.38,32565.5,258722.0,1162844.0,3354.0,Good,Moderate
2016,Chandigarh,Chandigarh,Summer,Sukhna,Manufacturing,112.66,1.27,28857.33,258722.0,1162844.0,3354.0,Acceptable,Moderate
2016,Chandigarh,Chandigarh,Winter,Sukhna,Manufacturing,132.05,1.23,32698.33,258722.0,1162844.0,3354.0,Acceptable,Moderate
2016,Chennai,Tamil Nadu,Monsoon,Cooum,Manufacturing,127.22,4.88,142007.37,4970423.61,17775628.92,28351.87,Severely Polluted,Moderate
2016,Chennai,Tamil Nadu,Post-Monsoon,Cooum,Manufacturing,144.95,4.73,149109.18,4948283.0,17640504.8,28220.75,Severely Polluted,Satisfactory
2016,Chennai,Tamil Nadu,Summer,Cooum,Manufacturing,139.23,4.7,139685.62,4943707.64,17593359.0,28617.76,Severely Polluted,Moderate
2016,Chennai,Tamil Nadu,Winter,Cooum,Manufacturing,135.16,4.48,142617.12,4934704.5,17763094.22,28651.48,Severely Polluted,Moderate
2016,Coimbatore,Tamil Nadu,Monsoon,Noyyal,Manufacturing,135.96,0.93,18217.5,49842.0,5788413.0,4686.0,Acceptable,Moderate
2016,Coimbatore,Tamil Nadu,Post-Monsoon,Noyyal,Manufacturing,155.06,1.56,32947.5,49842.0,5788413.0,4686.0,Acceptable,Moderate
2016,Coimbatore,Tamil Nadu,Summer,Noyyal,Manufacturing,132.23,0.94,30498.33,49842.0,5788413.0,4686.0,Acceptable,Moderate
2016,Coimbatore,Tamil Nadu,Winter,Noyyal,Manufacturing,162.39,1.32,20281.0,49842.0,5788413.0,4686.0,Acceptable,Moderate
2016,Delhi,Delhi,Monsoon,Yamuna,Manufacturing,192.8,5.73,384498.68,10053033.14,2983542.5,12103.38,Severely Polluted,Poor
2016,Delhi,Delhi,Post-Monsoon,Yamuna,Manufacturing,442.43,5.61,268501.15,10022759.74,2922298.47,12050.21,Severely Polluted,Very Poor
2016,Delhi,Delhi,Summer,Yamuna,Manufacturing,262.74,5.67,261550.0,10097119.12,2964554.88,12262.85,Severely Polluted,Very Poor
2016,Delhi,Delhi,Winter,Yamuna,Manufacturing,389.54,5.73,276957.77,10121852.0,2967543.53,12228.11,Severely Polluted,Severe
2016,Ernakulam,Kerala,Monsoon,Periyar,Shipping/Refinery,205.0,1.31,25956.0,84121.0,630925.0,7326.0,Acceptable,Poor
2016,Ernakulam,Kerala,Post-Monsoon,Periyar,Shipping/Refinery,231.14,0.9,30744.5,84121.0,630925.0,7326.0,Good,Poor
2016,Ernakulam,Kerala,Summer,Periyar,Shipping/Refinery,197.44,0.69,28502.33,84121.0,630925.0,7326.0,Good,Moderate
2016,Ernakulam,Kerala,Winter,Periyar,Shipping/Refinery,236.77,0.87,33460.33,84121.0,630925.0,7326.0,Acceptable,Poor
2016,Gurugram,Haryana,Monsoon,Sahibi,Automobile,117.05,3.54,769826.34,142892.86,2107780.64,226437.19,Acceptable,Satisfactory
2016,Gurugram,Haryana,Post-Monsoon,Sahibi,Automobile,271.07,3.54,813360.72,143936.38,2018926.43,226321.1,Acceptable,Moderate
2016,Gurugram,Haryana,Summer,Sahibi,Automobile,228.42,3.47,761277.48,142336.96,2058172.84,223217.03,Acceptable,Very Poor
2016,Gurugram,Haryana,Winter,Sahibi,Automobile,316.13,3.6,791982.21,147912.76,2085367.08,222719.36,Acceptable,Very Poor
2016,Guwahati,Assam,Monsoon,Brahmaputra,Agro-Industry,188.15,1.52,32930.25,230398.0,211352.0,3287.0,Acceptable,Moderate
2016,Guwahati,Assam,Post-Monsoon,Brahmaputra,Agro-Industry,213.69,1.27,33014.0,230398.0,211352.0,3287.0,Acceptable,Moderate
2016,Guwahati,Assam,Summer,Brahmaputra,Agro-Industry,179.14,1.32,33704.0,230398.0,211352.0,3287.0,Acceptable,Moderate
2016,Guwahati,Assam,Winter,Brahmaputra,Agro-Industry,225.14,1.12,31090.67,230398.0,211352.0,3287.0,Good,Poor
2016,Hyderabad,Telangana,Monsoon,Musi,Manufacturing,106.62,4.23,181947.11,5577981.03,7383081.04,19687.3,Heavily Polluted,Satisfactory
2016,Hyderabad,Telangana,Monsoon,Musi,Power,139.03,4.29,417544.5,5721037.0,7361861.0,19658.5,Heavily Polluted,Moderate
2016,Hyderabad,Telangana,Post-Monsoon,Musi,Manufacturing,125.17,3.86,191252.0,5501034.5,7393865.0,19619.0,Heavily Polluted,Moderate
2016,Hyderabad,Telangana,Post-Monsoon,Musi,Power,94.55,4.08,191252.0,5617085.0,7393865.0,20341.0,Heavily Polluted,Satisfactory
2016,Hyderabad,Telangana,Summer,Musi,Chemical,104.48,4.31,136023.0,5617085.0,8115714.0,19860.0,Heavily Polluted,Moderate
2016,Hyderabad,Telangana,Summer,Musi,Power,114.28,3.81,302543.39,5502936.97,7571368.85,19983.41,Heavily Polluted,Moderate
2016,Hyderabad,Telangana,Winter,Musi,Chemical,170.55,3.6,163637.5,5617085.0,7754789.5,19926.0,Heavily Polluted,Very Poor
2016,Hyderabad,Telangana,Winter,Musi,Manufacturing,129.85,3.85,177904.99,5617085.0,7378396.4,19736.43,Heavily Polluted,Moderate
2016,Jaipur,Rajasthan,Monsoon,Banas,Manufacturing,148.9,1.3,29885.0,153259.0,2354894.0,11722.0,Acceptable,Moderate
2016,Jaipur,Rajasthan,Post-Monsoon,Banas,Manufacturing,174.91,1.04,39791.5,153259.0,2354894.0,11722.0,Good,Moderate
2016,Jaipur,Rajasthan,Summer,Banas,Manufacturing,151.11,1.24,34030.0,153259.0,2354894.0,11722.0,Acceptable,Moderate
2016,Jaipur,Rajasthan,Winter,Banas,Manufacturing,177.04,1.16,28860.33,153259.0,2354894.0,11722.0,Acceptable,Moderate
2016,Jorapokhar,Jharkhand,Monsoon,Damodar,Mining/Coal,159.74,1.23,24382.5,72621.0,68228.0,1062.0,Acceptable,Moderate
2016,Jorapokhar,Jharkhand,Post-Monsoon,Damodar,Mining/Coal,183.01,1.03,50385.5,72621.0,68228.0,1062.0,Acceptable,Moderate
2016,Jorapokhar,Jharkhand,Summer,Damodar,Mining/Coal,161.61,1.52,28175.67,72621.0,68228.0,1062.0,Acceptable,Moderate
2016,Jorapokhar,Jharkhand,Winter,Damodar,Mining/Coal,190.53,1.13,37134.67,72621.0,68228.0,1062.0,Acceptable,Poor
2016,Kochi,Kerala,Monsoon,Periyar,Shipping/Refinery,223.32,1.32,25956.0,84121.0,762486.0,7326.0,Acceptable,Poor
2016,Kochi,Kerala,Post-Monsoon,Periyar,Shipping/Refinery,253.13,0.9,30744.5,84121.0,762486.0,7326.0,Good,Poor
2016,Kochi,Kerala,Summer,Periyar,Shipping/Refinery,221.33,0.7,28502.33,84121.0,762486.0,7326.0,Good,Poor
2016,Kochi,Kerala,Winter,Periyar,Shipping/Refinery,265.47,0.87,33460.33,84121.0,762486.0,7326.0,Acceptable,Poor
2016,Kolkata,West Bengal,Monsoon,Hooghly,Manufacturing,224.32,1.2,22675.5,49066.0,12746405.0,6698.0,Good,Poor
2016,Kolkata,West Bengal,Post-Monsoon,Hooghly,Manufacturing,261.68,1.7,23263.5,49066.0,12746405.0,6698.0,Acceptable,Poor
2016,Kolkata,West Bengal,Summer,Hooghly,Manufacturing,227.14,1.56,22899.0,49066.0,12746405.0,6698.0,Acceptable,Poor
2016,Kolkata,West Bengal,Winter,Hooghly,Manufacturing,263.29,1.18,9468.33,49066.0,12746405.0,6698.0,Acceptable,Poor
2016,Lucknow,Uttar Pradesh,Monsoon,Gomti,Agro-Industry,116.14,2.58,209129.37,2412394.5,1005627.08,1948.89,Acceptable,Poor
2016,Lucknow,Uttar Pradesh,Post-Monsoon,Gomti,Agro-Industry,314.18,2.34,205862.51,2463320.0,1006248.67,1952.46,Moderately Polluted,Satisfactory
2016,Lucknow,Uttar Pradesh,Summer,Gomti,Agro-Industry,214.27,2.14,205929.22,2429554.18,1008591.43,1947.07,Acceptable,Very Poor
2016,Lucknow,Uttar Pradesh,Winter,Gomti,Agro-Industry,358.85,2.17,218138.0,2396165.49,1005478.67,1942.98,Acceptable,Very Poor
2016,Mumbai,Maharashtra,Monsoon,Ulhas,Manufacturing,66.62,4.06,227165.0,7446409.36,21365379.48,22207.42,Heavily Polluted,Satisfactory
2016,Mumbai,Maharashtra,Post-Monsoon,Ulhas,Manufacturing,127.21,3.77,231468.1,7478714.0,21435866.93,21927.82,Heavily Polluted,Moderate
2016,Mumbai,Maharashtra,Summer,Ulhas,Manufacturing,93.37,3.78,227961.15,7457817.04,21535914.82,22276.77,Heavily Polluted,Moderate
2016,Mumbai,Maharashtra,Winter,Ulhas,Manufacturing,160.29,3.74,225720.1,7457587.41,21734330.31,22206.66,Heavily Polluted,Moderate
2016,Patna,Bihar,Monsoon,Ganga,Agro-Industry,136.42,4.49,154212.0,1733410.0,392674.41,1941.55,Heavily Polluted,Moderate
2016,Patna,Bihar,Monsoon,Ganga,Power,112.48,4.38,388796.0,1733410.0,390701.0,1927.0,Heavily Polluted,Satisfactory
2016,Patna,Bihar,Post-Monsoon,Ganga,Manufacturing,397.57,3.73,154212.0,1733410.0,385702.0,1907.5,Heavily Polluted,Severe
2016,Patna,Bihar,Post-Monsoon,Ganga,Power,273.35,3.49,388796.0,1801765.5,390701.0,1978.5,Heavily Polluted,Moderate
2016,Patna,Bihar,Summer,Ganga,Manufacturing,214.52,4.1,154212.0,1733410.0,388201.5,1954.0,Heavily Polluted,Very Poor
2016,Patna,Bihar,Summer,Ganga,Power,185.97,3.64,388796.0,1801765.5,390701.0,1935.0,Moderately Polluted,Moderate
2016,Patna,Bihar,Winter,Ganga,Agro-Industry,375.47,4.1,134791.02,1730468.36,392247.38,1939.53,Heavily Polluted,Severe
2016,Patna,Bihar,Winter,Ganga,Manufacturing,403.39,3.74,154212.0,1733410.0,385702.0,1935.0,Heavily Polluted,Severe
2016,Shillong,Meghalaya,Monsoon,Umiam,Handicrafts,92.3,1.5,32930.25,230398.0,125537.0,3287.0,Acceptable,Satisfactory
2016,Shillong,Meghalaya,Post-Monsoon,Umiam,Handicrafts,108.64,1.26,33014.0,230398.0,125537.0,3287.0,Acceptable,Satisfactory
2016,Shillong,Meghalaya,Summer,Umiam,Handicrafts,91.22,1.29,33704.0,230398.0,125537.0,3287.0,Acceptable,Satisfactory
2016,Shillong,Meghalaya,Winter,Umiam,Handicrafts,109.63,1.12,31090.67,230398.0,125537.0,3287.0,Good,Moderate
2016,Talcher,Odisha,Monsoon,Brahmani,Thermal Power,187.76,1.11,23976.75,72703.0,183971.0,10095.0,Good,Moderate
2016,Talcher,Odisha,Post-Monsoon,Brahmani,Thermal Power,212.24,1.48,40731.5,72703.0,183971.0,10095.0,Acceptable,Moderate
2016,Talcher,Odisha,Summer,Brahmani,Thermal Power,180.87,1.07,27973.67,72703.0,183971.0,10095.0,Acceptable,Moderate
2016,Talcher,Odisha,Winter,Brahmani,Thermal Power,219.12,1.11,21038.0,72703.0,183971.0,10095.0,Acceptable,Poor
2016,Thiruvananthapuram,Kerala,Monsoon,Karamana,IT/Electronics,137.84,1.24,28605.75,205952.0,886792.0,12633.0,Acceptable,Moderate
2016,Thiruvananthapuram,Kerala,Post-Monsoon,Karamana,IT/Electronics,154.47,1.48,24316.5,205952.0,886792.0,12633.0,Acceptable,Moderate
2016,Thiruvananthapuram,Kerala,Summer,Karamana,IT/Electronics,126.03,1.08,41693.0,205952.0,886792.0,12633.0,Acceptable,Moderate
2016,Thiruvananthapuram,Kerala,Winter,Karamana,IT/Electronics,162.36,1.34,20652.33,205952.0,886792.0,12633.0,Acceptable,Moderate
2016,Visakhapatnam,Andhra Pradesh,Monsoon,Gosthani,Manufacturing,93.13,3.49,283799.0,1794150.0,157238.0,560.0,Moderately Polluted,Satisfactory
2016,Visakhapatnam,Andhra Pradesh,Monsoon,Gosthani,Mining,99.14,3.98,275379.66,1741954.0,157532.81,627.06,Good,Moderate
2016,Visakhapatnam,Andhra Pradesh,Monsoon,Gosthani,Power,88.87,3.46,861483.0,1784607.5,156441.0,563.0,Heavily Polluted,Moderate
2016,Visakhapatnam,Andhra Pradesh,Post-Monsoon,Gosthani,Manufacturing,112.3,2.93,283799.0,1794150.0,157238.0,570.16,Moderately Polluted,Satisfactory
2016,Visakhapatnam,Andhra Pradesh,Summer,Gosthani,Mining,167.79,1.36,43430.67,123878.0,166672.0,2365.0,Acceptable,Moderate
2016,Visakhapatnam,Andhra Pradesh,Winter,Gosthani,Manufacturing,117.48,2.73,283799.0,1794150.0,157238.0,573.0,Moderately Polluted,Moderate
2016,Visakhapatnam,Andhra Pradesh,Winter,Gosthani,Mining,196.7,1.42,19385.0,123878.0,166672.0,2365.0,Acceptable,Poor
2017,Ahmedabad,Gujarat,Monsoon,Sabarmati,Chemical,354.79,2.53,203664.01,4855510.98,6049201.98,10383.36,Moderately Polluted,Poor
2017,Ahmedabad,Gujarat,Post-Monsoon,Sabarmati,Chemical,618.13,1.79,211877.0,4838080.0,6063070.95,10445.98,Acceptable,Severe
2017,Ahmedabad,Gujarat,Summer,Sabarmati,Chemical,329.03,1.78,211877.0,4884310.0,6035333.0,10553.64,Acceptable,Severe
2017,Ahmedabad,Gujarat,Winter,Sabarmati,Chemical,449.21,2.03,223626.34,4831184.22,6050358.83,10507.59,Acceptable,Severe
2017,Aizawl,Mizoram,Monsoon,Tlawng,Handicrafts,90.34,1.16,31023.0,232599.0,78567.0,3326.0,Acceptable,Satisfactory
2017,Aizawl,Mizoram,Post-Monsoon,Tlawng,Handicrafts,92.04,1.66,28460.0,232599.0,78567.0,3326.0,Acceptable,Satisfactory
2017,Aizawl,Mizoram,Summer,Tlawng,Handicrafts,82.07,1.34,30808.0,232599.0,78567.0,3326.0,Acceptable,Satisfactory
2017,Aizawl,Mizoram,Winter,Tlawng,Handicrafts,105.22,1.08,24410.67,232599.0,78567.0,3326.0,Acceptable,Moderate
2017,Amaravati,Andhra Pradesh,Monsoon,Krishna,Agro-processing,156.92,1.25,22370.25,127610.0,358760.0,2431.0,Acceptable,Moderate
2017,Amaravati,Andhra Pradesh,Post-Monsoon,Krishna,Agro-processing,172.99,2.78,154672.38,44696.88,252316.0,82289.25,Acceptable,Moderate
2017,Amaravati,Andhra Pradesh,Summer,Krishna,Agro-processing,153.36,1.08,12125.67,127610.0,358760.0,2431.0,Good,Moderate
2017,Amaravati,Andhra Pradesh,Winter,Krishna,Agro-processing,192.95,2.49,176467.12,45366.91,243883.76,100947.73,Acceptable,Poor
2017,Amritsar,Punjab,Monsoon,Beas,Agro-Industry,96.8,2.68,277453.0,1795053.98,769868.0,4507.3,Moderately Polluted,Satisfactory
2017,Amritsar,Punjab,Monsoon,Beas,Manufacturing,122.97,2.37,253007.72,1848416.13,768111.67,4549.77,Acceptable,Satisfactory
2017,Amritsar,Punjab,Post-Monsoon,Beas,Agro-Industry,247.51,1.78,277453.0,1827483.0,769868.0,4558.28,Acceptable,Poor
2017,Amritsar,Punjab,Summer,Beas,Agro-Industry,92.03,1.73,277453.0,1805264.42,788518.54,4534.57,Acceptable,Good
2017,Amritsar,Punjab,Winter,Beas,Agro-Industry,208.04,1.84,270055.26,1721232.65,772666.71,4571.82,Good,Moderate
2017,Bengaluru,Karnataka,Monsoon,Arkavathi,Agro-Industry,77.82,4.56,146760.72,7260449.0,2795287.0,4714.11,Severely Polluted,Moderate
2017,Bengaluru,Karnataka,Monsoon,Arkavathi,Power,76.95,4.42,840979.61,7224100.37,2828757.7,4688.28,Heavily Polluted,Satisfactory
2017,Bengaluru,Karnataka,Post-Monsoon,Arkavathi,Agro-Industry,83.56,3.64,198404.0,7296249.82,2839702.38,4743.25,Heavily Polluted,Satisfactory
2017,Bengaluru,Karnataka,Summer,Arkavathi,Agro-Industry,92.0,3.92,145900.0,7260449.0,2838986.0,4857.5,Heavily Polluted,Moderate
2017,Bengaluru,Karnataka,Summer,Arkavathi,Power,74.08,3.78,629141.5,7207662.0,2834306.75,4742.5,Heavily Polluted,Satisfactory
2017,Bengaluru,Karnataka,Winter,Arkavathi,Agro-Industry,105.65,3.87,172152.0,7278647.75,2790607.75,4739.0,Heavily Polluted,Satisfactory
2017,Bengaluru,Karnataka,Winter,Arkavathi,Power,119.18,3.72,629141.5,7118477.5,2785928.5,4781.0,Acceptable,Moderate
2017,Bhopal,Madhya Pradesh,Monsoon,Betwa,Manufacturing,128.35,0.88,27501.75,31776.0,447348.0,11472.0,Acceptable,Moderate
2017,Bhopal,Madhya Pradesh,Post-Monsoon,Betwa,Manufacturing,148.4,1.01,32849.0,31776.0,447348.0,11472.0,Acceptable,Moderate
2017,Bhopal,Madhya Pradesh,Summer,Betwa,Manufacturing,125.84,1.24,25583.0,31776.0,447348.0,11472.0,Acceptable,Moderate
2017,Bhopal,Madhya Pradesh,Winter,Betwa,Manufacturing,155.94,1.51,21340.33,31776.0,447348.0,11472.0,Acceptable,Moderate
2017,Brajrajnagar,Odisha,Monsoon,Ib,Coal/Power,108.35,1.05,37883.25,240109.0,75806.0,7872.0,Acceptable,Moderate
2017,Brajrajnagar,Odisha,Post-Monsoon,Ib,Coal/Power,126.72,1.66,28556.5,240109.0,75806.0,7872.0,Acceptable,Moderate
2017,Brajrajnagar,Odisha,Summer,Ib,Coal/Power,110.88,1.09,36848.0,240109.0,75806.0,7872.0,Good,Moderate
2017,Brajrajnagar,Odisha,Winter,Ib,Coal/Power,195.7,4.34,827531.67,181287.96,74221.44,21141.81,Acceptable,Moderate
2017,Chandigarh,Chandigarh,Monsoon,Sukhna,Manufacturing,110.5,0.98,29896.0,259080.0,1232614.0,3361.0,Acceptable,Moderate
2017,Chandigarh,Chandigarh,Post-Monsoon,Sukhna,Manufacturing,134.56,1.08,40697.5,259080.0,1232614.0,3361.0,Acceptable,Moderate
2017,Chandigarh,Chandigarh,Summer,Sukhna,Manufacturing,113.88,0.86,30836.0,259080.0,1232614.0,3361.0,Good,Moderate
2017,Chandigarh,Chandigarh,Winter,Sukhna,Manufacturing,140.14,0.86,34852.67,259080.0,1232614.0,3361.0,Good,Moderate
2017,Chennai,Tamil Nadu,Monsoon,Cooum,Manufacturing,92.0,4.89,177128.98,5487246.18,19012811.76,28479.23,Severely Polluted,Satisfactory
2017,Chennai,Tamil Nadu,Post-Monsoon,Cooum,Manufacturing,98.61,4.61,158357.7,5361316.5,18977495.0,28607.26,Severely Polluted,Satisfactory
2017,Chennai,Tamil Nadu,Summer,Cooum,Manufacturing,112.68,4.68,173805.0,5485338.0,18977495.0,28640.7,Heavily Polluted,Moderate
2017,Chennai,Tamil Nadu,Winter,Cooum,Manufacturing,116.96,4.47,173805.0,5485338.0,18679550.93,28545.15,Severely Polluted,Moderate
2017,Coimbatore,Tamil Nadu,Monsoon,Noyyal,Manufacturing,141.35,1.27,33067.25,53497.0,6135718.0,4750.0,Acceptable,Moderate
2017,Coimbatore,Tamil Nadu,Post-Monsoon,Noyyal,Manufacturing,161.81,1.08,14997.0,53497.0,6135718.0,4750.0,Acceptable,Moderate
2017,Coimbatore,Tamil Nadu,Summer,Noyyal,Manufacturing,142.63,1.07,28804.0,53497.0,6135718.0,4750.0,Good,Moderate
2017,Coimbatore,Tamil Nadu,Winter,Noyyal,Manufacturing,171.68,0.95,19528.33,53497.0,6135718.0,4750.0,Good,Moderate
2017,Delhi,Delhi,Monsoon,Yamuna,Manufacturing,101.34,5.73,239341.03,11238141.16,3002818.0,12135.38,Severely Polluted,Moderate
2017,Delhi,Delhi,Post-Monsoon,Yamuna,Manufacturing,344.44,5.61,244856.73,11227471.77,3012199.39,12289.01,Severely Polluted,Moderate
2017,Delhi,Delhi,Summer,Yamuna,Manufacturing,304.7,5.64,239406.71,11224986.54,2969456.33,12389.36,Severely Polluted,Very Poor
2017,Delhi,Delhi,Winter,Yamuna,Manufacturing,345.12,5.62,253398.92,11233069.86,3002818.0,12298.46,Severely Polluted,Very Poor
2017,Ernakulam,Kerala,Monsoon,Periyar,Shipping/Refinery,207.0,1.14,31993.0,90081.0,668780.0,7431.0,Acceptable,Poor
2017,Ernakulam,Kerala,Post-Monsoon,Periyar,Shipping/Refinery,237.5,1.19,44021.5,90081.0,668780.0,7431.0,Acceptable,Poor
2017,Ernakulam,Kerala,Summer,Periyar,Shipping/Refinery,209.54,1.45,29577.67,90081.0,668780.0,7431.0,Acceptable,Poor
2017,Ernakulam,Kerala,Winter,Periyar,Shipping/Refinery,249.83,1.09,30308.0,90081.0,668780.0,7431.0,Good,Poor
2017,Gurugram,Haryana,Monsoon,Sahibi,Automobile,210.38,3.46,762505.96,155858.2,2105998.8,216499.0,Acceptable,Poor
2017,Gurugram,Haryana,Post-Monsoon,Sahibi,Automobile,313.08,3.39,758517.23,153380.31,2193387.2,225582.26,Acceptable,Poor
2017,Gurugram,Haryana,Summer,Sahibi,Automobile,278.73,3.42,769896.98,146028.51,2156164.26,236892.3,Acceptable,Very Poor
2017,Gurugram,Haryana,Winter,Sahibi,Automobile,330.44,3.52,764979.07,147156.54,2125257.47,223925.68,Acceptable,Very Poor
2017,Guwahati,Assam,Monsoon,Brahmaputra,Agro-Industry,190.0,1.14,31023.0,232599.0,224033.0,3326.0,Acceptable,Moderate
2017,Guwahati,Assam,Post-Monsoon,Brahmaputra,Agro-Industry,206.82,1.69,28460.0,232599.0,224033.0,3326.0,Acceptable,Moderate
2017,Guwahati,Assam,Summer,Brahmaputra,Agro-Industry,188.88,1.34,30808.0,232599.0,224033.0,3326.0,Acceptable,Moderate
2017,Guwahati,Assam,Winter,Brahmaputra,Agro-Industry,232.94,1.05,24410.67,232599.0,224033.0,3326.0,Acceptable,Poor
2017,Hyderabad,Telangana,Monsoon,Musi,Manufacturing,65.13,4.17,124668.0,6326051.43,7984598.93,20325.77,Heavily Polluted,Satisfactory
2017,Hyderabad,Telangana,Monsoon,Musi,Power,69.2,4.32,406471.93,6318708.29,8127423.17,19931.75,Heavily Polluted,Satisfactory
2017,Hyderabad,Telangana,Post-Monsoon,Musi,Manufacturing,120.84,4.05,183644.95,6391354.5,8237758.5,20094.79,Heavily Polluted,Moderate
2017,Hyderabad,Telangana,Summer,Musi,Manufacturing,130.39,3.93,144759.05,6227752.71,7926016.43,19926.74,Heavily Polluted,Moderate
2017,Hyderabad,Telangana,Summer,Musi,Power,135.0,3.8,602668.0,6416179.5,7954827.5,20148.5,Heavily Polluted,Moderate
2017,Hyderabad,Telangana,Winter,Musi,Manufacturing,147.48,3.91,190118.73,6333850.71,7993231.58,19839.62,Heavily Polluted,Moderate
2017,Jaipur,Rajasthan,Monsoon,Banas,Manufacturing,102.59,3.34,204418.06,3482991.98,2178306.36,6745.6,Moderately Polluted,Moderate
2017,Jaipur,Rajasthan,Post-Monsoon,Banas,Manufacturing,225.66,2.74,200410.67,3489681.07,2116578.78,6658.59,Moderately Polluted,Poor
2017,Jaipur,Rajasthan,Summer,Banas,Manufacturing,148.36,1.12,28635.33,150859.0,2496188.0,11680.0,Acceptable,Moderate
2017,Jaipur,Rajasthan,Winter,Banas,Manufacturing,168.71,2.55,195067.79,3279032.83,2172108.83,6960.95,Acceptable,Poor
2017,Jorapokhar,Jharkhand,Monsoon,Damodar,Mining/Coal,97.39,4.97,1208893.53,234972.61,55999.96,29912.2,Moderately Polluted,Moderate
2017,Jorapokhar,Jharkhand,Post-Monsoon,Damodar,Mining/Coal,189.25,5.05,1250446.07,228879.02,55219.48,30304.9,Moderately Polluted,Moderate
2017,Jorapokhar,Jharkhand,Summer,Damodar,Mining/Coal,127.9,4.95,1244589.81,242306.65,55548.6,29941.74,Good,Moderate
2017,Jorapokhar,Jharkhand,Winter,Damodar,Mining/Coal,196.68,4.54,1215014.91,225914.7,59850.39,28255.97,Acceptable,Poor
2017,Kochi,Kerala,Monsoon,Periyar,Shipping/Refinery,232.25,1.15,31993.0,90081.0,808235.0,7431.0,Acceptable,Poor
2017,Kochi,Kerala,Post-Monsoon,Periyar,Shipping/Refinery,265.58,1.12,44021.5,90081.0,808235.0,7431.0,Acceptable,Poor
2017,Kochi,Kerala,Summer,Periyar,Shipping/Refinery,229.09,1.46,29577.67,90081.0,808235.0,7431.0,Acceptable,Poor
2017,Kochi,Kerala,Winter,Periyar,Shipping/Refinery,279.0,1.11,30308.0,90081.0,808235.0,7431.0,Good,Poor
2017,Kolkata,West Bengal,Monsoon,Hooghly,Manufacturing,222.44,1.43,41380.0,49282.0,13511189.0,6702.0,Acceptable,Poor
2017,Kolkata,West Bengal,Post-Monsoon,Hooghly,Manufacturing,256.17,1.36,39324.0,49282.0,13511189.0,6702.0,Acceptable,Poor
2017,Kolkata,West Bengal,Summer,Hooghly,Manufacturing,230.15,1.02,26927.67,49282.0,13511189.0,6702.0,Acceptable,Poor
2017,Kolkata,West Bengal,Winter,Hooghly,Manufacturing,265.89,0.95,31356.33,49282.0,13511189.0,6702.0,Good,Poor
2017,Lucknow,Uttar Pradesh,Monsoon,Gomti,Agro-Industry,113.17,2.61,134200.15,2570581.23,1016911.28,1973.52,Acceptable,Moderate
2017,Lucknow,Uttar Pradesh,Post-Monsoon,Gomti,Agro-Industry,320.08,2.51,142945.59,2584963.92,1012265.11,1981.98,Moderately Polluted,Moderate
2017,Lucknow,Uttar Pradesh,Summer,Gomti,Agro-Industry,249.6,2.27,153633.8,2602541.67,1006586.82,1978.78,Acceptable,Very Poor
2017,Lucknow,Uttar Pradesh,Winter,Gomti,Agro-Industry,335.07,2.26,175741.0,2638899.0,1011965.05,1969.93,Acceptable,Very Poor
2017,Mumbai,Maharashtra,Monsoon,Ulhas,Manufacturing,66.62,4.14,144819.0,8522316.0,21134216.66,22434.51,Heavily Polluted,Satisfactory
2017,Mumbai,Maharashtra,Post-Monsoon,Ulhas,Manufacturing,127.21,3.65,149835.16,8547765.98,21187387.5,22457.67,Heavily Polluted,Moderate
2017,Mumbai,Maharashtra,Summer,Ulhas,Manufacturing,93.37,3.66,144819.0,8538646.11,21366111.0,22622.88,Heavily Polluted,Moderate
2017,Mumbai,Maharashtra,Winter,Ulhas,Manufacturing,160.43,3.66,151646.18,8494862.34,21114819.43,22356.31,Heavily Polluted,Moderate
2017,Patna,Bihar,Monsoon,Ganga,Agro-Industry,108.52,4.61,171636.0,2006195.0,421079.0,1972.04,Severely Polluted,Moderate
2017,Patna,Bihar,Post-Monsoon,Ganga,Agro-Industry,234.29,3.76,171636.0,2006195.0,421079.0,1961.0,Heavily Polluted,Poor
2017,Patna,Bihar,Post-Monsoon,Ganga,Power,350.03,4.59,410879.5,1984129.0,412318.0,1921.0,Severely Polluted,Satisfactory
2017,Patna,Bihar,Summer,Ganga,Agro-Industry,254.31,3.7,139357.0,2006195.0,428947.0,1979.5,Heavily Polluted,Poor
2017,Patna,Bihar,Summer,Ganga,Power,175.31,3.57,410879.5,1984129.0,412318.0,1940.7,Moderately Polluted,Poor
2017,Patna,Bihar,Winter,Ganga,Agro-Industry,317.82,3.73,171636.0,2006195.0,421079.0,1990.0,Heavily Polluted,Very Poor
2017,Patna,Bihar,Winter,Ganga,Manufacturing,382.13,3.53,171636.0,2042079.0,421079.0,1959.25,Heavily Polluted,Very Poor
2017,Shillong,Meghalaya,Monsoon,Umiam,Handicrafts,100.36,1.16,31023.0,232599.0,133069.0,3326.0,Acceptable,Satisfactory
2017,Shillong,Meghalaya,Post-Monsoon,Umiam,Handicrafts,103.28,1.63,28460.0,232599.0,133069.0,3326.0,Acceptable,Satisfactory
2017,Shillong,Meghalaya,Summer,Umiam,Handicrafts,94.58,1.33,30808.0,232599.0,133069.0,3326.0,Acceptable,Satisfactory
2017,Shillong,Meghalaya,Winter,Umiam,Handicrafts,109.84,1.07,24410.67,232599.0,133069.0,3326.0,Acceptable,Moderate
2017,Talcher,Odisha,Monsoon,Brahmani,Thermal Power,186.09,1.24,25928.25,72015.0,195010.0,10083.0,Acceptable,Moderate
2017,Talcher,Odisha,Post-Monsoon,Brahmani,Thermal Power,208.24,1.1,24346.5,72015.0,195010.0,10083.0,Acceptable,Moderate
2017,Talcher,Odisha,Summer,Brahmani,Thermal Power,187.67,1.3,34444.67,72015.0,195010.0,10083.0,Acceptable,Moderate
2017,Talcher,Odisha,Winter,Brahmani,Thermal Power,243.3,4.02,2105089.0,442669.21,142922.0,31618.0,Good,Poor
2017,Thiruvananthapuram,Kerala,Monsoon,Karamana,IT/Electronics,55.4,2.36,265215.38,48298.04,619410.07,259252.92,Acceptable,Good
2017,Thiruvananthapuram,Kerala,Post-Monsoon,Karamana,IT/Electronics,75.66,2.31,256513.52,48205.84,638436.74,255646.95,Acceptable,Good
2017,Thiruvananthapuram,Kerala,Summer,Karamana,IT/Electronics,141.01,1.17,25355.33,209343.0,939999.0,12693.0,Acceptable,Moderate
2017,Thiruvananthapuram,Kerala,Winter,Karamana,IT/Electronics,96.09,2.18,241658.0,56542.94,640595.09,226004.42,Good,Moderate
2017,Visakhapatnam,Andhra Pradesh,Monsoon,Gosthani,Manufacturing,93.6,3.68,80976.43,1952020.22,169602.2,570.8,Heavily Polluted,Satisfactory
2017,Visakhapatnam,Andhra Pradesh,Post-Monsoon,Gosthani,Manufacturing,110.25,2.97,74437.15,1974046.06,169233.37,579.59,Moderately Polluted,Moderate
2017,Visakhapatnam,Andhra Pradesh,Summer,Gosthani,Manufacturing,84.0,3.29,87107.0,1931371.0,172195.0,570.0,Moderately Polluted,Satisfactory
2017,Visakhapatnam,Andhra Pradesh,Summer,Gosthani,Power,107.23,2.71,536714.0,1930170.5,162936.5,575.44,Moderately Polluted,Moderate
2017,Visakhapatnam,Andhra Pradesh,Winter,Gosthani,Manufacturing,162.53,2.91,87107.0,1931371.0,167769.0,582.2,Moderately Polluted,Moderate
2018,Ahmedabad,Gujarat,Monsoon,Sabarmati,Chemical,470.85,2.42,129551.98,5123014.03,6383905.55,10641.12,Acceptable,Very Poor
2018,Ahmedabad,Gujarat,Post-Monsoon,Sabarmati,Chemical,816.13,1.82,138457.03,5081223.07,6399619.41,10649.62,Acceptable,Severe
2018,Ahmedabad,Gujarat,Summer,Sabarmati,Chemical,551.96,1.76,143714.16,5120617.79,6369854.64,10698.53,Acceptable,Poor
2018,Ahmedabad,Gujarat,Winter,Sabarmati,Chemical,745.58,1.9,155154.0,5129610.82,6391609.43,10568.44,Acceptable,Poor
2018,Aizawl,Mizoram,Monsoon,Tlawng,Handicrafts,85.06,0.94,38241.0,235546.0,83281.0,3378.0,Acceptable,Satisfactory
2018,Aizawl,Mizoram,Post-Monsoon,Tlawng,Handicrafts,103.93,1.0,28031.5,235546.0,83281.0,3378.0,Acceptable,Satisfactory
2018,Aizawl,Mizoram,Summer,Tlawng,Handicrafts,85.72,1.11,30606.0,235546.0,83281.0,3378.0,Good,Satisfactory
2018,Aizawl,Mizoram,Winter,Tlawng,Handicrafts,98.74,1.15,24408.0,235546.0,83281.0,3378.0,Acceptable,Moderate
2018,Amaravati,Andhra Pradesh,Monsoon,Krishna,Agro-processing,76.01,2.64,179108.02,35429.5,236622.39,111904.25,Good,Moderate
2018,Amaravati,Andhra Pradesh,Post-Monsoon,Krishna,Agro-processing,104.48,2.62,182205.03,37853.85,240463.92,112182.49,Good,Good
2018,Amaravati,Andhra Pradesh,Summer,Krishna,Agro-processing,75.34,2.67,182041.13,36759.67,233366.33,113382.95,Acceptable,Satisfactory
2018,Amaravati,Andhra Pradesh,Winter,Krishna,Agro-processing,151.47,2.65,192476.58,35604.18,232629.56,112415.01,Acceptable,Moderate
2018,Amritsar,Punjab,Monsoon,Beas,Agro-Industry,64.03,2.61,275726.0,1942771.0,859516.0,4641.67,Moderately Polluted,Satisfactory
2018,Amritsar,Punjab,Monsoon,Beas,Manufacturing,132.57,2.77,275726.0,1911226.07,866666.21,4584.2,Moderately Polluted,Poor
2018,Amritsar,Punjab,Post-Monsoon,Beas,Agro-Industry,145.57,1.81,275726.0,1942771.0,859516.0,4543.0,Acceptable,Poor
2018,Amritsar,Punjab,Post-Monsoon,Beas,Power,127.29,1.56,959749.0,1943297.5,829194.0,4606.0,Acceptable,Satisfactory
2018,Amritsar,Punjab,Summer,Beas,Agro-Industry,103.02,1.71,264385.5,1942771.0,859516.0,4577.3,Acceptable,Moderate
2018,Amritsar,Punjab,Summer,Beas,Manufacturing,148.32,1.77,275726.0,1921625.5,864309.0,4700.0,Acceptable,Moderate
2018,Amritsar,Punjab,Winter,Beas,Agro-Industry,156.74,1.63,275726.0,1942771.0,859516.0,4604.0,Acceptable,Very Poor
2018,Amritsar,Punjab,Winter,Beas,Manufacturing,129.35,1.8,275726.0,1921625.5,864309.0,4603.0,Acceptable,Moderate
2018,Amritsar,Punjab,Winter,Beas,Power,129.39,1.44,1643772.0,1943824.0,798872.0,4520.0,Acceptable,Moderate
2018,Bengaluru,Karnataka,Monsoon,Arkavathi,Agro-Industry,68.22,4.57,225443.0,7458218.0,3145473.55,4810.11,Severely Polluted,Satisfactory
2018,Bengaluru,Karnataka,Monsoon,Arkavathi,Power,62.84,4.66,225443.0,7458218.0,3162947.5,4866.0,Severely Polluted,Satisfactory
2018,Bengaluru,Karnataka,Post-Monsoon,Arkavathi,Agro-Industry,104.2,4.04,152136.5,7511319.0,3226581.5,4815.0,Heavily Polluted,Satisfactory
2018,Bengaluru,Karnataka,Post-Monsoon,Arkavathi,Power,94.71,3.96,629366.5,7458218.0,3162947.5,4806.0,Heavily Polluted,Satisfactory
2018,Bengaluru,Karnataka,Summer,Arkavathi,Agro-Industry,90.96,3.97,201538.71,7355739.0,3214242.0,4794.91,Heavily Polluted,Satisfactory
2018,Bengaluru,Karnataka,Winter,Arkavathi,Agro-Industry,100.97,4.03,225443.0,7458218.0,3214242.0,4812.41,Heavily Polluted,Satisfactory
2018,Bengaluru,Karnataka,Winter,Arkavathi,Power,97.58,4.04,629366.5,7511319.0,3226581.5,4792.0,Heavily Polluted,Satisfactory
2018,Bhopal,Madhya Pradesh,Monsoon,Betwa,Manufacturing,125.9,1.14,11691.0,29341.0,474189.0,11429.0,Good,Moderate
2018,Bhopal,Madhya Pradesh,Post-Monsoon,Betwa,Manufacturing,143.19,1.16,8563.5,29341.0,474189.0,11429.0,Acceptable,Moderate
2018,Bhopal,Madhya Pradesh,Summer,Betwa,Manufacturing,126.92,1.2,24876.33,29341.0,474189.0,11429.0,Acceptable,Moderate
2018,Bhopal,Madhya Pradesh,Winter,Betwa,Manufacturing,150.26,1.27,37099.0,29341.0,474189.0,11429.0,Acceptable,Moderate
2018,Brajrajnagar,Odisha,Monsoon,Ib,Coal/Power,94.82,4.18,868445.91,180598.53,71705.81,22360.92,Acceptable,Moderate
2018,Brajrajnagar,Odisha,Post-Monsoon,Ib,Coal/Power,143.92,4.21,875625.25,171383.93,72421.59,22234.18,Acceptable,Moderate
2018,Brajrajnagar,Odisha,Summer,Ib,Coal/Power,179.57,4.28,843234.73,174052.72,71284.78,22875.63,Acceptable,Moderate
2018,Brajrajnagar,Odisha,Winter,Ib,Coal/Power,213.39,4.36,908188.67,176439.57,71238.08,22131.16,Moderately Polluted,Poor
2018,Chandigarh,Chandigarh,Monsoon,Sukhna,Manufacturing,112.44,0.96,25017.25,257725.0,1306571.0,3337.0,Acceptable,Moderate
2018,Chandigarh,Chandigarh,Post-Monsoon,Sukhna,Manufacturing,124.84,1.08,27506.5,257725.0,1306571.0,3337.0,Acceptable,Moderate
2018,Chandigarh,Chandigarh,Summer,Sukhna,Manufacturing,106.25,1.19,30514.0,257725.0,1306571.0,3337.0,Acceptable,Moderate
2018,Chandigarh,Chandigarh,Winter,Sukhna,Manufacturing,133.08,0.93,33616.67,257725.0,1306571.0,3337.0,Good,Moderate
2018,Chennai,Tamil Nadu,Monsoon,Cooum,Manufacturing,93.23,4.93,154152.46,5858442.39,19170755.57,29284.32,Severely Polluted,Satisfactory
2018,Chennai,Tamil Nadu,Post-Monsoon,Cooum,Manufacturing,111.31,4.38,158599.75,5882111.64,19101291.84,29365.68,Heavily Polluted,Satisfactory
2018,Chennai,Tamil Nadu,Summer,Cooum,Manufacturing,87.1,4.75,162888.16,5866518.11,19132402.48,29528.43,Severely Polluted,Poor
2018,Chennai,Tamil Nadu,Winter,Cooum,Manufacturing,136.97,4.79,172220.0,5831906.96,19178526.0,28838.21,Severely Polluted,Satisfactory
2018,Coimbatore,Tamil Nadu,Monsoon,Noyyal,Manufacturing,145.2,1.4,28842.75,56889.0,6503861.0,4810.0,Acceptable,Moderate
2018,Coimbatore,Tamil Nadu,Post-Monsoon,Noyyal,Manufacturing,164.06,1.03,26734.0,56889.0,6503861.0,4810.0,Good,Moderate
2018,Coimbatore,Tamil Nadu,Summer,Noyyal,Manufacturing,145.53,1.28,37951.0,56889.0,6503861.0,4810.0,Good,Moderate
2018,Coimbatore,Tamil Nadu,Winter,Noyyal,Manufacturing,172.06,1.08,24277.0,56889.0,6503861.0,4810.0,Acceptable,Moderate
2018,Delhi,Delhi,Monsoon,Yamuna,Manufacturing,144.74,5.81,257111.31,12403092.2,2995521.89,12427.0,Severely Polluted,Moderate
2018,Delhi,Delhi,Post-Monsoon,Yamuna,Manufacturing,328.11,5.62,254798.94,12470009.9,3048100.39,12326.06,Severely Polluted,Moderate
2018,Delhi,Delhi,Summer,Yamuna,Manufacturing,238.25,5.6,245327.11,12463640.11,3002986.32,12315.95,Severely Polluted,Poor
2018,Delhi,Delhi,Winter,Yamuna,Manufacturing,348.34,5.65,258638.08,12451106.0,3010631.14,12235.54,Severely Polluted,Severe
2018,Ernakulam,Kerala,Monsoon,Periyar,Shipping/Refinery,204.13,1.38,28134.25,84198.0,708907.0,7327.0,Acceptable,Poor
2018,Ernakulam,Kerala,Post-Monsoon,Periyar,Shipping/Refinery,239.59,1.17,14738.0,84198.0,708907.0,7327.0,Acceptable,Poor
2018,Ernakulam,Kerala,Summer,Periyar,Shipping/Refinery,203.88,0.94,16915.0,84198.0,708907.0,7327.0,Acceptable,Poor
2018,Ernakulam,Kerala,Winter,Periyar,Shipping/Refinery,239.9,1.05,26957.33,84198.0,708907.0,7327.0,Acceptable,Poor
2018,Gurugram,Haryana,Monsoon,Sahibi,Automobile,156.07,3.48,809356.09,150282.25,2009570.0,229407.53,Moderately Polluted,Poor
2018,Gurugram,Haryana,Post-Monsoon,Sahibi,Automobile,315.52,3.39,771955.7,148537.56,2133950.18,228055.77,Acceptable,Moderate
2018,Gurugram,Haryana,Summer,Sahibi,Automobile,200.01,3.52,788927.24,144142.12,2134265.7,222498.15,Acceptable,Poor
2018,Gurugram,Haryana,Winter,Sahibi,Automobile,307.84,3.54,803219.63,149412.84,2104882.88,224581.81,Acceptable,Severe
2018,Guwahati,Assam,Monsoon,Brahmaputra,Agro-Industry,195.27,0.97,38241.0,235546.0,237475.0,3378.0,Acceptable,Moderate
2018,Guwahati,Assam,Post-Monsoon,Brahmaputra,Agro-Industry,218.22,1.03,28031.5,235546.0,237475.0,3378.0,Acceptable,Moderate
2018,Guwahati,Assam,Summer,Brahmaputra,Agro-Industry,191.14,1.12,30606.0,235546.0,237475.0,3378.0,Good,Moderate
2018,Guwahati,Assam,Winter,Brahmaputra,Agro-Industry,229.95,1.14,24408.0,235546.0,237475.0,3378.0,Acceptable,Poor
2018,Hyderabad,Telangana,Monsoon,Musi,Manufacturing,62.28,4.31,320319.76,6786816.5,8285499.48,20491.61,Heavily Polluted,Satisfactory
2018,Hyderabad,Telangana,Monsoon,Musi,Power,65.6,4.22,610716.0,6807004.5,8345746.0,20299.0,Heavily Polluted,Moderate
2018,Hyderabad,Telangana,Post-Monsoon,Musi,Manufacturing,110.51,3.94,328536.47,6804164.0,8264667.34,20161.98,Heavily Polluted,Moderate
2018,Hyderabad,Telangana,Summer,Musi,Manufacturing,102.76,3.98,357539.0,6804164.0,8283988.65,20124.15,Heavily Polluted,Moderate
2018,Hyderabad,Telangana,Winter,Musi,Chemical,133.32,3.66,357539.0,6804164.0,8230488.0,20227.5,Heavily Polluted,Moderate
2018,Hyderabad,Telangana,Winter,Musi,Power,128.51,3.66,477690.8,6805512.03,8348072.78,20246.49,Heavily Polluted,Moderate
2018,Jaipur,Rajasthan,Monsoon,Banas,Manufacturing,121.07,3.29,235884.75,3750484.93,2196019.48,6846.53,Moderately Polluted,Moderate
2018,Jaipur,Rajasthan,Post-Monsoon,Banas,Manufacturing,162.89,2.7,229555.5,3749969.0,2195902.5,6803.95,Moderately Polluted,Moderate
2018,Jaipur,Rajasthan,Summer,Banas,Manufacturing,150.79,2.78,225427.73,3749969.0,2195902.5,6834.22,Moderately Polluted,Moderate
2018,Jaipur,Rajasthan,Winter,Banas,Manufacturing,179.78,2.62,216897.0,3708705.71,2205258.26,6818.5,Moderately Polluted,Poor
2018,Jorapokhar,Jharkhand,Monsoon,Damodar,Mining/Coal,103.96,5.01,1239006.67,238638.65,56098.71,30567.35,Moderately Polluted,Moderate
2018,Jorapokhar,Jharkhand,Post-Monsoon,Damodar,Mining/Coal,268.11,5.04,1265018.23,231419.59,57664.44,29427.89,Moderately Polluted,Moderate
2018,Jorapokhar,Jharkhand,Summer,Damodar,Mining/Coal,131.77,4.97,1244392.78,239912.93,55420.21,30256.62,Moderately Polluted,Moderate
2018,Jorapokhar,Jharkhand,Winter,Damodar,Mining/Coal,207.23,5.03,1266091.4,251006.64,58793.19,30767.84,Moderately Polluted,Moderate
2018,Kochi,Kerala,Monsoon,Periyar,Shipping/Refinery,220.42,1.36,28134.25,84198.0,856729.0,7327.0,Acceptable,Poor
2018,Kochi,Kerala,Post-Monsoon,Periyar,Shipping/Refinery,252.44,1.18,14738.0,84198.0,856729.0,7327.0,Acceptable,Poor
2018,Kochi,Kerala,Summer,Periyar,Shipping/Refinery,222.03,0.95,16915.0,84198.0,856729.0,7327.0,Acceptable,Poor
2018,Kochi,Kerala,Winter,Periyar,Shipping/Refinery,265.77,1.03,26957.33,84198.0,856729.0,7327.0,Acceptable,Poor
2018,Kolkata,West Bengal,Monsoon,Hooghly,Manufacturing,67.31,4.49,174737.0,4303545.0,12322723.5,26786.03,Heavily Polluted,Satisfactory
2018,Kolkata,West Bengal,Post-Monsoon,Hooghly,Manufacturing,222.38,3.65,364110.92,4286107.21,12152866.59,26606.56,Heavily Polluted,Moderate
2018,Kolkata,West Bengal,Summer,Hooghly,Manufacturing,74.08,4.14,171665.34,4223248.26,12228759.88,26182.02,Acceptable,Poor
2018,Kolkata,West Bengal,Winter,Hooghly,Manufacturing,332.8,3.55,515155.45,4074893.67,12421909.52,25730.2,Good,Poor
2018,Lucknow,Uttar Pradesh,Monsoon,Gomti,Agro-Industry,119.65,2.38,190081.89,2810681.11,1075136.17,1985.98,Acceptable,Moderate
2018,Lucknow,Uttar Pradesh,Post-Monsoon,Gomti,Agro-Industry,307.39,2.43,186542.82,2849657.0,1108821.0,2006.36,Acceptable,Moderate
2018,Lucknow,Uttar Pradesh,Summer,Gomti,Agro-Industry,224.79,1.81,182333.96,2839252.79,1095879.51,1998.97,Acceptable,Poor
2018,Lucknow,Uttar Pradesh,Winter,Gomti,Agro-Industry,347.76,1.56,178426.1,2809173.82,1102206.46,1994.53,Acceptable,Very Poor
2018,Mumbai,Maharashtra,Monsoon,Ulhas,Manufacturing,78.06,4.07,119013.83,9042041.18,23664289.24,22622.3,Heavily Polluted,Satisfactory
2018,Mumbai,Maharashtra,Post-Monsoon,Ulhas,Manufacturing,136.98,3.84,119577.61,9045587.32,23619454.61,22340.57,Heavily Polluted,Moderate
2018,Mumbai,Maharashtra,Summer,Ulhas,Manufacturing,94.16,3.74,119998.27,8935657.0,23234340.45,22626.57,Heavily Polluted,Moderate
2018,Mumbai,Maharashtra,Winter,Ulhas,Manufacturing,156.64,3.6,119133.74,9010165.33,23620983.36,22532.56,Heavily Polluted,Moderate
2018,Patna,Bihar,Monsoon,Ganga,Agro-Industry,124.56,4.59,236144.0,2248142.27,461131.75,1944.89,Severely Polluted,Poor
2018,Patna,Bihar,Monsoon,Ganga,Manufacturing,95.13,4.62,143965.0,2171306.0,460019.0,2002.5,Heavily Polluted,Moderate
2018,Patna,Bihar,Post-Monsoon,Ganga,Manufacturing,367.2,4.02,51786.0,2095374.0,460019.0,1940.0,Heavily Polluted,Very Poor
2018,Patna,Bihar,Post-Monsoon,Ganga,Power,249.9,4.34,704781.0,2247238.0,448471.5,1976.0,Heavily Polluted,Moderate
2018,Patna,Bihar,Summer,Ganga,Agro-Industry,214.75,3.59,236144.0,2247238.0,460019.0,1976.84,Heavily Polluted,Very Poor
2018,Patna,Bihar,Winter,Ganga,Agro-Industry,406.35,3.83,236144.0,2247238.0,460019.0,1925.0,Heavily Polluted,Very Poor
2018,Patna,Bihar,Winter,Ganga,Manufacturing,340.8,4.34,187710.97,2207341.53,460019.0,1970.76,Heavily Polluted,Very Poor
2018,Shillong,Meghalaya,Monsoon,Umiam,Handicrafts,94.77,0.98,38241.0,235546.0,141053.0,3378.0,Acceptable,Satisfactory
2018,Shillong,Meghalaya,Post-Monsoon,Umiam,Handicrafts,105.99,1.01,28031.5,235546.0,141053.0,3378.0,Acceptable,Satisfactory
2018,Shillong,Meghalaya,Summer,Umiam,Handicrafts,97.0,1.13,30606.0,235546.0,141053.0,3378.0,Good,Satisfactory
2018,Shillong,Meghalaya,Winter,Umiam,Handicrafts,113.52,1.14,24408.0,235546.0,141053.0,3378.0,Acceptable,Moderate
2018,Talcher,Odisha,Monsoon,Brahmani,Thermal Power,98.68,4.65,2556990.42,512480.41,137405.17,38679.93,Moderately Polluted,Moderate
2018,Talcher,Odisha,Post-Monsoon,Brahmani,Thermal Power,197.23,4.89,2721017.67,477431.52,128397.11,39180.1,Moderately Polluted,Good
2018,Talcher,Odisha,Summer,Brahmani,Thermal Power,169.18,4.7,2600447.84,497547.57,135014.53,38309.14,Moderately Polluted,Very Poor
2018,Talcher,Odisha,Winter,Brahmani,Thermal Power,305.46,4.76,2651143.37,504133.19,139041.61,37627.83,Moderately Polluted,Very Poor
2018,Thiruvananthapuram,Kerala,Monsoon,Karamana,IT/Electronics,61.39,2.31,253844.94,49113.23,619092.95,255082.32,Acceptable,Satisfactory
2018,Thiruvananthapuram,Kerala,Post-Monsoon,Karamana,IT/Electronics,84.26,2.27,254296.75,49196.23,662479.61,257777.11,Acceptable,Satisfactory
2018,Thiruvananthapuram,Kerala,Summer,Karamana,IT/Electronics,76.09,2.34,257099.17,50915.5,636429.68,257610.03,Acceptable,Satisfactory
2018,Thiruvananthapuram,Kerala,Winter,Karamana,IT/Electronics,119.99,2.36,255400.82,50822.48,605487.82,244617.58,Acceptable,Moderate
2018,Visakhapatnam,Andhra Pradesh,Monsoon,Gosthani,Manufacturing,98.89,3.65,206493.52,2123626.29,174006.46,573.15,Heavily Polluted,Moderate
2018,Visakhapatnam,Andhra Pradesh,Monsoon,Gosthani,Mining,96.27,3.89,223070.0,2128604.0,172195.0,581.0,Heavily Polluted,Satisfactory
2018,Visakhapatnam,Andhra Pradesh,Post-Monsoon,Gosthani,Manufacturing,118.6,2.86,223070.0,2128604.0,172195.0,576.0,Moderately Polluted,Good
2018,Visakhapatnam,Andhra Pradesh,Post-Monsoon,Gosthani,Power,141.61,3.24,515480.5,2146121.5,170444.5,579.5,Moderately Polluted,Moderate
2018,Visakhapatnam,Andhra Pradesh,Summer,Gosthani,Manufacturing,75.28,2.89,223070.0,2128604.0,172195.0,572.0,Moderately Polluted,Moderate
2018,Visakhapatnam,Andhra Pradesh,Summer,Gosthani,Mining,97.5,3.05,223070.0,2128604.0,172195.0,585.0,Moderately Polluted,Moderate
2018,Visakhapatnam,Andhra Pradesh,Winter,Gosthani,Manufacturing,166.19,2.99,223070.0,2128604.0,172195.0,577.0,Moderately Polluted,Moderate
2018,Visakhapatnam,Andhra Pradesh,Winter,Gosthani,Mining,151.39,3.03,223070.0,2128604.0,172195.0,569.5,Moderately Polluted,Moderate
2018,Visakhapatnam,Andhra Pradesh,Winter,Gosthani,Power,217.03,3.04,515480.5,2146121.5,170444.5,572.0,Moderately Polluted,Moderate
2019,Ahmedabad,Gujarat,Monsoon,Sabarmati,Chemical,461.26,2.49,175679.95,5913800.19,6630181.36,10737.11,Moderately Polluted,Severe
2019,Ahmedabad,Gujarat,Post-Monsoon,Sabarmati,Chemical,534.84,1.92,187990.0,5946168.0,6658392.0,10852.18,Acceptable,Poor
2019,Ahmedabad,Gujarat,Summer,Sabarmati,Chemical,529.83,1.9,183752.94,5917552.98,6633452.16,10817.88,Acceptable,Very Poor
2019,Ahmedabad,Gujarat,Winter,Sabarmati,Chemical,535.73,1.94,192879.02,5935231.24,6664792.25,10782.21,Acceptable,Severe
2019,Aizawl,Mizoram,Monsoon,Tlawng,Handicrafts,84.68,1.34,24162.0,237246.0,88277.0,3408.0,Acceptable,Satisfactory
2019,Aizawl,Mizoram,Post-Monsoon,Tlawng,Handicrafts,101.62,0.98,30641.0,237246.0,88277.0,3408.0,Good,Satisfactory
2019,Aizawl,Mizoram,Summer,Tlawng,Handicrafts,83.89,1.69,21374.33,237246.0,88277.0,3408.0,Acceptable,Satisfactory
2019,Aizawl,Mizoram,Winter,Tlawng,Handicrafts,99.12,1.19,27961.0,237246.0,88277.0,3408.0,Acceptable,Moderate
2019,Amaravati,Andhra Pradesh,Monsoon,Krishna,Agro-processing,62.29,2.65,188495.0,35638.34,236026.32,108569.3,Acceptable,Moderate
2019,Amaravati,Andhra Pradesh,Post-Monsoon,Krishna,Agro-processing,87.74,2.69,193096.39,36946.64,251143.87,116417.64,Acceptable,Satisfactory
2019,Amaravati,Andhra Pradesh,Summer,Krishna,Agro-processing,87.37,2.62,184620.75,33646.58,247526.26,114428.28,Good,Moderate
2019,Amaravati,Andhra Pradesh,Winter,Krishna,Agro-processing,151.07,2.59,189520.33,36231.21,244925.88,111778.93,Acceptable,Moderate
2019,Amritsar,Punjab,Monsoon,Beas,Agro-Industry,89.59,2.76,58813.0,2125621.0,833889.0,4650.28,Moderately Polluted,Moderate
2019,Amritsar,Punjab,Monsoon,Beas,Manufacturing,79.83,2.74,52982.0,2125621.0,833889.0,4644.5,Moderately Polluted,Satisfactory
2019,Amritsar,Punjab,Monsoon,Beas,Power,58.18,2.4,1725418.0,2067761.0,825218.0,4597.0,Acceptable,Good
2019,Amritsar,Punjab,Post-Monsoon,Beas,Agro-Industry,170.61,1.75,58813.0,2125621.0,833889.0,4588.56,Acceptable,Satisfactory
2019,Amritsar,Punjab,Summer,Beas,Agro-Industry,99.35,2.14,58813.0,2192887.0,876474.0,4629.0,Acceptable,Moderate
2019,Amritsar,Punjab,Summer,Beas,Manufacturing,113.26,1.72,58813.0,2125621.0,833889.0,4638.0,Acceptable,Moderate
2019,Amritsar,Punjab,Summer,Beas,Power,112.0,1.74,892115.5,2096691.0,829553.5,4787.0,Acceptable,Satisfactory
2019,Amritsar,Punjab,Winter,Beas,Agro-Industry,137.94,1.36,58813.0,2159254.0,855181.5,4628.5,Acceptable,Satisfactory
2019,Amritsar,Punjab,Winter,Beas,Manufacturing,95.03,1.77,58813.0,2125621.0,833889.0,4724.81,Acceptable,Moderate
2019,Bengaluru,Karnataka,Monsoon,Arkavathi,Agro-Industry,67.08,4.69,168044.0,8347930.23,3200902.25,4894.26,Heavily Polluted,Satisfactory
2019,Bengaluru,Karnataka,Monsoon,Arkavathi,Power,66.05,4.58,643610.0,8385075.54,3275868.69,4894.49,Severely Polluted,Satisfactory
2019,Bengaluru,Karnataka,Post-Monsoon,Arkavathi,Agro-Industry,81.13,4.18,168044.0,8363304.0,3226672.0,4859.0,Heavily Polluted,Satisfactory
2019,Bengaluru,Karnataka,Post-Monsoon,Arkavathi,Power,96.2,4.16,486830.0,8332044.0,3259650.0,4827.0,Heavily Polluted,Satisfactory
2019,Bengaluru,Karnataka,Summer,Arkavathi,Agro-Industry,117.2,3.75,168044.0,8363304.0,3226672.0,4858.08,Moderately Polluted,Moderate
2019,Bengaluru,Karnataka,Winter,Arkavathi,Agro-Industry,101.46,4.09,166048.81,8398900.27,3226672.0,4851.73,Heavily Polluted,Moderate
2019,Bhopal,Madhya Pradesh,Monsoon,Betwa,Manufacturing,84.32,3.64,173800.88,2095836.18,416579.53,3120.47,Acceptable,Moderate
2019,Bhopal,Madhya Pradesh,Post-Monsoon,Betwa,Manufacturing,135.32,3.64,124205.5,2618358.5,423570.5,1305.0,Heavily Polluted,Satisfactory
2019,Bhopal,Madhya Pradesh,Post-Monsoon,Betwa,Power,205.6,4.18,1466534.0,2537229.0,417362.0,1343.0,Heavily Polluted,Moderate
2019,Bhopal,Madhya Pradesh,Summer,Betwa,Manufacturing,136.31,0.9,32006.67,36003.0,502640.0,11546.0,Acceptable,Moderate
2019,Bhopal,Madhya Pradesh,Winter,Betwa,Manufacturing,183.87,3.73,118752.5,2461852.11,428362.59,1933.65,Acceptable,Moderate
2019,Brajrajnagar,Odisha,Monsoon,Ib,Coal/Power,96.79,4.31,902183.05,168168.66,71710.4,23096.39,Acceptable,Moderate
2019,Brajrajnagar,Odisha,Post-Monsoon,Ib,Coal/Power,130.34,4.36,877283.0,168878.44,68542.44,21761.07,Moderately Polluted,Moderate
2019,Brajrajnagar,Odisha,Summer,Ib,Coal/Power,160.82,4.3,895805.83,171855.89,68698.47,22895.95,Moderately Polluted,Moderate
2019,Brajrajnagar,Odisha,Winter,Ib,Coal/Power,202.71,4.24,893366.09,164608.83,69169.32,22627.3,Moderately Polluted,Poor
2019,Chandigarh,Chandigarh,Monsoon,Sukhna,Manufacturing,88.23,4.35,160746.5,1462968.88,1124017.2,9818.38,Acceptable,Moderate
2019,Chandigarh,Chandigarh,Post-Monsoon,Sukhna,Manufacturing,154.11,3.81,157576.39,1578902.0,1150354.16,10300.11,Heavily Polluted,Satisfactory
2019,Chandigarh,Chandigarh,Summer,Sukhna,Manufacturing,113.03,1.56,26877.0,260386.0,1384966.0,3384.0,Acceptable,Moderate
2019,Chandigarh,Chandigarh,Winter,Sukhna,Manufacturing,139.19,3.66,165740.58,1498991.94,1151241.03,10059.33,Good,Moderate
2019,Chennai,Tamil Nadu,Monsoon,Cooum,Manufacturing,97.47,4.86,121891.16,6362040.02,20356690.85,29322.98,Severely Polluted,Moderate
2019,Chennai,Tamil Nadu,Post-Monsoon,Cooum,Manufacturing,112.28,4.47,100174.61,6381383.0,20417035.54,29802.7,Heavily Polluted,Moderate
2019,Chennai,Tamil Nadu,Summer,Cooum,Manufacturing,97.63,4.62,102308.88,6456725.13,20202666.51,29566.37,Severely Polluted,Moderate
2019,Chennai,Tamil Nadu,Winter,Cooum,Manufacturing,109.47,4.66,139765.5,6368272.76,20377641.3,29685.29,Severely Polluted,Poor
2019,Coimbatore,Tamil Nadu,Monsoon,Noyyal,Manufacturing,75.19,4.88,139669.0,2689165.71,5430448.86,8118.41,Severely Polluted,Satisfactory
2019,Coimbatore,Tamil Nadu,Post-Monsoon,Noyyal,Manufacturing,82.87,4.71,139669.0,2719223.0,5460767.0,8076.16,Severely Polluted,Satisfactory
2019,Coimbatore,Tamil Nadu,Summer,Noyyal,Manufacturing,134.66,1.24,22051.33,51366.0,6894093.0,4713.0,Acceptable,Moderate
2019,Coimbatore,Tamil Nadu,Winter,Noyyal,Manufacturing,75.76,4.37,132693.27,2561661.45,5547635.24,8071.33,Acceptable,Moderate
2019,Delhi,Delhi,Monsoon,Yamuna,Manufacturing,136.93,5.75,201253.02,13690861.75,3230079.5,12542.56,Severely Polluted,Poor
2019,Delhi,Delhi,Post-Monsoon,Yamuna,Manufacturing,302.69,5.63,188926.21,13667573.86,3197585.16,12408.91,Severely Polluted,Satisfactory
2019,Delhi,Delhi,Summer,Yamuna,Manufacturing,217.51,5.6,200365.31,13665039.83,3219341.79,12627.7,Severely Polluted,Poor
2019,Delhi,Delhi,Winter,Yamuna,Manufacturing,328.2,5.66,197810.0,13762212.0,3236223.73,12493.5,Severely Polluted,Severe
2019,Ernakulam,Kerala,Monsoon,Periyar,Shipping/Refinery,216.15,1.13,40016.25,94234.0,751441.0,7504.0,Acceptable,Poor
2019,Ernakulam,Kerala,Post-Monsoon,Periyar,Shipping/Refinery,243.62,1.69,20437.0,94234.0,751441.0,7504.0,Acceptable,Poor
2019,Ernakulam,Kerala,Summer,Periyar,Shipping/Refinery,212.29,1.42,28288.33,94234.0,751441.0,7504.0,Acceptable,Poor
2019,Ernakulam,Kerala,Winter,Periyar,Shipping/Refinery,252.24,1.13,23221.67,94234.0,751441.0,7504.0,Acceptable,Poor
2019,Gurugram,Haryana,Monsoon,Sahibi,Automobile,116.87,3.46,787944.21,148161.43,2110198.51,222835.48,Acceptable,Very Poor
2019,Gurugram,Haryana,Post-Monsoon,Sahibi,Automobile,262.43,3.5,809735.87,155594.33,2059828.82,230548.9,Moderately Polluted,Satisfactory
2019,Gurugram,Haryana,Summer,Sahibi,Automobile,194.32,3.48,781756.53,147790.67,2038114.96,222026.0,Acceptable,Moderate
2019,Gurugram,Haryana,Winter,Sahibi,Automobile,256.77,3.49,769080.78,151519.28,2134742.47,222530.56,Acceptable,Severe
2019,Guwahati,Assam,Monsoon,Brahmaputra,Agro-Industry,60.26,3.85,256556.95,1562923.0,203877.46,1568.53,Heavily Polluted,Satisfactory
2019,Guwahati,Assam,Monsoon,Brahmaputra,Power,121.0,3.8,259162.0,1575480.0,199389.0,1558.5,Heavily Polluted,Moderate
2019,Guwahati,Assam,Post-Monsoon,Brahmaputra,Agro-Industry,140.4,2.93,259162.0,1562923.0,199389.0,1565.0,Moderately Polluted,Moderate
2019,Guwahati,Assam,Post-Monsoon,Brahmaputra,Power,98.77,3.06,2328160.0,1588037.0,199389.0,1565.0,Moderately Polluted,Good
2019,Guwahati,Assam,Summer,Brahmaputra,Agro-Industry,106.95,2.94,257218.89,1562923.0,202736.95,1538.79,Moderately Polluted,Satisfactory
2019,Guwahati,Assam,Summer,Brahmaputra,Energy,223.29,3.12,259162.0,1539207.0,193810.0,1580.0,Moderately Polluted,Moderate
2019,Guwahati,Assam,Winter,Brahmaputra,Agro-Industry,244.76,2.84,254223.67,1533463.51,194068.18,1602.33,Acceptable,Poor
2019,Hyderabad,Telangana,Monsoon,Musi,Chemical,56.25,4.24,228138.0,7157874.61,8606013.87,20534.69,Heavily Polluted,Satisfactory
2019,Hyderabad,Telangana,Monsoon,Musi,Manufacturing,57.26,4.25,228138.0,7202429.0,8610671.0,20721.0,Heavily Polluted,Good
2019,Hyderabad,Telangana,Monsoon,Musi,Power,49.97,4.29,736521.5,7202429.0,8695784.5,20464.0,Heavily Polluted,Good
2019,Hyderabad,Telangana,Post-Monsoon,Musi,Manufacturing,137.97,3.95,228138.0,7202429.0,8591732.0,20701.0,Heavily Polluted,Satisfactory
2019,Hyderabad,Telangana,Post-Monsoon,Musi,Power,78.52,3.9,736521.5,7172887.5,8601201.5,20546.5,Heavily Polluted,Satisfactory
2019,Hyderabad,Telangana,Summer,Musi,Manufacturing,104.9,3.87,197477.58,7224735.52,8638425.4,20281.79,Heavily Polluted,Moderate
2019,Hyderabad,Telangana,Winter,Musi,Manufacturing,122.75,3.98,216088.46,7219820.53,8605695.5,20753.95,Heavily Polluted,Moderate
2019,Hyderabad,Telangana,Winter,Musi,Power,133.29,4.2,1244905.0,7143346.0,8610671.0,20255.0,Heavily Polluted,Moderate
2019,Jaipur,Rajasthan,Monsoon,Banas,Manufacturing,86.55,3.32,92287.0,4170734.56,2297304.83,6881.96,Moderately Polluted,Moderate
2019,Jaipur,Rajasthan,Post-Monsoon,Banas,Manufacturing,150.3,2.83,108688.54,4215708.44,2303991.93,6802.44,Moderately Polluted,Satisfactory
2019,Jaipur,Rajasthan,Summer,Banas,Manufacturing,133.12,2.64,92637.8,4192740.54,2314460.72,6875.18,Moderately Polluted,Moderate
2019,Jaipur,Rajasthan,Winter,Banas,Manufacturing,133.48,2.57,82246.2,4148973.0,2327463.07,6818.14,Acceptable,Poor
2019,Jorapokhar,Jharkhand,Monsoon,Damodar,Mining/Coal,103.11,5.08,1232975.21,237462.67,57158.21,29921.4,Moderately Polluted,Moderate
2019,Jorapokhar,Jharkhand,Post-Monsoon,Damodar,Mining/Coal,148.85,5.07,1278233.11,235258.79,56251.72,30461.43,Acceptable,Satisfactory
2019,Jorapokhar,Jharkhand,Summer,Damodar,Mining/Coal,132.0,4.91,1191353.59,234879.83,56071.29,29712.61,Moderately Polluted,Poor
2019,Jorapokhar,Jharkhand,Winter,Damodar,Mining/Coal,236.81,5.03,1245422.74,254305.61,56714.68,30006.38,Moderately Polluted,Severe
2019,Kochi,Kerala,Monsoon,Periyar,Shipping/Refinery,236.59,1.14,40016.25,94234.0,908133.0,7504.0,Acceptable,Poor
2019,Kochi,Kerala,Post-Monsoon,Periyar,Shipping/Refinery,265.68,1.66,20437.0,94234.0,908133.0,7504.0,Acceptable,Poor
2019,Kochi,Kerala,Summer,Periyar,Shipping/Refinery,237.86,1.36,28288.33,94234.0,908133.0,7504.0,Acceptable,Poor
2019,Kochi,Kerala,Winter,Periyar,Shipping/Refinery,275.55,1.14,23221.67,94234.0,908133.0,7504.0,Acceptable,Poor
2019,Kolkata,West Bengal,Monsoon,Hooghly,Manufacturing,58.49,4.47,333197.63,4645665.75,12355972.3,26800.81,Severely Polluted,Satisfactory
2019,Kolkata,West Bengal,Post-Monsoon,Hooghly,Manufacturing,164.57,3.92,490420.5,4645884.11,12396569.13,26641.06,Heavily Polluted,Satisfactory
2019,Kolkata,West Bengal,Summer,Hooghly,Manufacturing,111.3,3.74,230786.4,4661612.58,12360901.75,26623.97,Heavily Polluted,Moderate
2019,Kolkata,West Bengal,Winter,Hooghly,Manufacturing,279.02,3.77,170734.0,4658986.0,12412766.72,26556.72,Heavily Polluted,Very Poor
2019,Lucknow,Uttar Pradesh,Monsoon,Gomti,Agro-Industry,107.02,2.96,212505.79,3057860.57,1151258.87,2013.02,Moderately Polluted,Moderate
2019,Lucknow,Uttar Pradesh,Post-Monsoon,Gomti,Agro-Industry,266.36,1.9,199893.98,3154399.22,1117325.55,2025.02,Acceptable,Satisfactory
2019,Lucknow,Uttar Pradesh,Summer,Gomti,Agro-Industry,206.36,2.47,329229.04,3079660.46,1140109.85,2036.62,Moderately Polluted,Moderate
2019,Lucknow,Uttar Pradesh,Winter,Gomti,Agro-Industry,284.94,2.11,208713.0,3060347.5,1140393.23,2028.78,Acceptable,Severe
2019,Mumbai,Maharashtra,Monsoon,Ulhas,Manufacturing,64.8,4.06,110860.39,9804959.79,24812614.1,22910.05,Heavily Polluted,Satisfactory
2019,Mumbai,Maharashtra,Post-Monsoon,Ulhas,Manufacturing,115.15,3.68,172617.0,9980778.57,24405256.2,22757.07,Heavily Polluted,Good
2019,Mumbai,Maharashtra,Summer,Ulhas,Manufacturing,103.2,3.6,130654.46,10027038.97,24172134.97,23037.77,Heavily Polluted,Moderate
2019,Mumbai,Maharashtra,Winter,Ulhas,Manufacturing,166.42,3.65,151169.48,9932962.87,24847839.73,22731.94,Heavily Polluted,Moderate
2019,Patna,Bihar,Monsoon,Ganga,Agro-Industry,115.35,4.53,194532.0,2412065.0,445184.0,2002.08,Heavily Polluted,Moderate
2019,Patna,Bihar,Monsoon,Ganga,Manufacturing,109.94,4.69,157392.0,2342235.0,445184.0,2043.0,Severely Polluted,Satisfactory
2019,Patna,Bihar,Monsoon,Ganga,Power,107.07,4.78,775090.0,2412065.0,437680.5,1995.0,Severely Polluted,Moderate
2019,Patna,Bihar,Post-Monsoon,Ganga,Manufacturing,288.57,3.46,157392.0,2342235.0,445184.0,2034.35,Heavily Polluted,Satisfactory
2019,Patna,Bihar,Summer,Ganga,Agro-Industry,178.95,4.26,194532.0,2412065.0,445631.31,1990.2,Heavily Polluted,Moderate
2019,Patna,Bihar,Winter,Ganga,Agro-Industry,327.64,4.2,194532.0,2412065.0,445184.0,1952.9,Heavily Polluted,Severe
2019,Patna,Bihar,Winter,Ganga,Manufacturing,405.29,3.85,157392.0,2342235.0,445184.0,1982.5,Heavily Polluted,Severe
2019,Shillong,Meghalaya,Monsoon,Umiam,Handicrafts,42.85,1.74,45772.24,20274.0,95921.97,48796.0,Acceptable,Satisfactory
2019,Shillong,Meghalaya,Post-Monsoon,Umiam,Handicrafts,41.52,1.74,46929.85,8949.74,91558.11,52956.51,Good,Good
2019,Shillong,Meghalaya,Summer,Umiam,Handicrafts,92.88,1.69,21374.33,237246.0,149516.0,3408.0,Acceptable,Satisfactory
2019,Shillong,Meghalaya,Winter,Umiam,Handicrafts,53.8,1.82,44715.55,23099.64,93571.97,47212.3,Acceptable,Moderate
2019,Talcher,Odisha,Monsoon,Brahmani,Thermal Power,92.14,4.66,2649826.17,483262.65,141372.2,36719.13,Moderately Polluted,Moderate
2019,Talcher,Odisha,Post-Monsoon,Brahmani,Thermal Power,152.18,4.74,2556610.0,480619.0,134873.66,39878.92,Moderately Polluted,Satisfactory
2019,Talcher,Odisha,Summer,Brahmani,Thermal Power,148.61,4.87,2555910.38,510956.05,130922.2,37863.91,Moderately Polluted,Moderate
2019,Talcher,Odisha,Winter,Brahmani,Thermal Power,284.04,4.77,2570718.66,513297.69,130785.96,38015.71,Moderately Polluted,Poor
2019,Thiruvananthapuram,Kerala,Monsoon,Karamana,IT/Electronics,54.68,2.3,267033.6,50357.02,637676.84,254601.38,Good,Satisfactory
2019,Thiruvananthapuram,Kerala,Post-Monsoon,Karamana,IT/Electronics,71.03,2.3,265236.66,46812.41,637075.79,261518.0,Good,Moderate
2019,Thiruvananthapuram,Kerala,Summer,Karamana,IT/Electronics,78.15,2.21,254615.04,53261.18,621586.34,250353.2,Acceptable,Satisfactory
2019,Thiruvananthapuram,Kerala,Winter,Karamana,IT/Electronics,102.89,2.34,267150.96,47904.24,645289.16,263451.94,Acceptable,Moderate
2019,Visakhapatnam,Andhra Pradesh,Monsoon,Gosthani,Manufacturing,90.82,3.68,182650.0,2356559.0,188654.78,584.95,Heavily Polluted,Satisfactory
2019,Visakhapatnam,Andhra Pradesh,Monsoon,Gosthani,Mining,104.23,3.69,182650.0,2356559.0,189800.0,582.0,Heavily Polluted,Moderate
2019,Visakhapatnam,Andhra Pradesh,Post-Monsoon,Gosthani,Manufacturing,150.37,2.76,182650.0,2356559.0,189800.0,588.0,Moderately Polluted,Moderate
2019,Visakhapatnam,Andhra Pradesh,Post-Monsoon,Gosthani,Mining,97.58,3.0,182650.0,2356559.0,189800.0,592.0,Moderately Polluted,Satisfactory
2019,Visakhapatnam,Andhra Pradesh,Summer,Gosthani,Manufacturing,102.89,2.99,180046.51,2356559.0,188616.61,585.24,Moderately Polluted,Moderate
2019,Visakhapatnam,Andhra Pradesh,Winter,Gosthani,Manufacturing,178.42,2.89,179988.65,2356559.0,188102.53,586.99,Moderately Polluted,Poor
2020,Ahmedabad,Gujarat,Monsoon,Sabarmati,Chemical,111.02,2.61,219366.91,6066231.91,7066662.76,10343.21,Moderately Polluted,Moderate
2020,Ahmedabad,Gujarat,Post-Monsoon,Sabarmati,Chemical,183.52,1.08,43148.5,162983.0,7491824.0,3820.0,Acceptable,Moderate
2020,Ahmedabad,Gujarat,Summer,Sabarmati,Chemical,177.62,1.92,183192.36,6396050.91,6979635.38,10865.68,Acceptable,Severe
2020,Ahmedabad,Gujarat,Winter,Sabarmati,Chemical,536.49,1.61,221290.6,6171588.7,6980383.87,10426.2,Acceptable,Severe
2020,Ahmedabad,Gujarat,Winter,Sabarmati,Manufacturing,318.48,2.07,228459.0,6203509.0,7039233.0,10780.0,Acceptable,Poor
2020,Aizawl,Mizoram,Monsoon,Tlawng,Handicrafts,24.94,1.97,50518.36,23416.94,66089.7,58538.42,Acceptable,Good
2020,Aizawl,Mizoram,Post-Monsoon,Tlawng,Handicrafts,102.19,1.5,34278.0,234574.0,93574.0,3361.0,Acceptable,Satisfactory
2020,Aizawl,Mizoram,Summer,Tlawng,Handicrafts,40.23,1.98,54257.26,9872.73,63280.44,60840.2,Good,Satisfactory
2020,Aizawl,Mizoram,Winter,Tlawng,Handicrafts,101.42,1.21,28445.33,234574.0,93574.0,3361.0,Acceptable,Moderate
2020,Amaravati,Andhra Pradesh,Monsoon,Krishna,Agro-processing,54.76,2.68,172611.3,41232.3,255969.67,106177.88,Acceptable,Good
2020,Amaravati,Andhra Pradesh,Post-Monsoon,Krishna,Agro-processing,191.74,1.0,25317.5,131765.0,427289.0,2504.0,Good,Moderate
2020,Amaravati,Andhra Pradesh,Summer,Krishna,Agro-processing,52.1,2.75,185984.99,35938.1,244791.4,113929.65,Acceptable,Satisfactory
2020,Amaravati,Andhra Pradesh,Winter,Krishna,Agro-processing,80.02,2.56,188194.13,40050.31,252564.54,109373.56,Acceptable,Satisfactory
2020,Amritsar,Punjab,Monsoon,Beas,Agro-Industry,103.79,2.62,200546.45,2230155.45,892480.79,4703.15,Moderately Polluted,Good
2020,Amritsar,Punjab,Post-Monsoon,Beas,Agro-Industry,173.36,1.19,35259.5,266359.0,1030257.0,3489.0,Acceptable,Moderate
2020,Amritsar,Punjab,Summer,Beas,Agro-Industry,70.64,1.83,210177.0,2368850.0,892346.0,4678.93,Acceptable,Satisfactory
2020,Amritsar,Punjab,Summer,Beas,Manufacturing,83.87,1.72,212487.0,2318743.0,864640.0,4721.0,Acceptable,Satisfactory
2020,Amritsar,Punjab,Winter,Beas,Agro-Industry,108.0,1.37,207238.66,2291524.09,888175.28,4740.62,Acceptable,Moderate
2020,Amritsar,Punjab,Winter,Beas,Manufacturing,128.34,2.0,212487.0,2318743.0,864640.0,4642.5,Acceptable,Moderate
2020,Bengaluru,Karnataka,Monsoon,Arkavathi,Agro-Industry,86.82,2.55,75479.17,3193651.0,3505757.17,10112.83,Severely Polluted,Good
2020,Bengaluru,Karnataka,Monsoon,Arkavathi,Manufacturing,55.17,4.46,165712.0,9250209.0,3419070.0,4944.0,Heavily Polluted,Good
2020,Bengaluru,Karnataka,Post-Monsoon,Arkavathi,Agro-Industry,124.5,1.01,14166.5,119362.0,3542991.0,12674.0,Good,Moderate
2020,Bengaluru,Karnataka,Summer,Arkavathi,Agro-Industry,68.53,3.56,164442.5,9342229.0,3431289.5,4970.0,Heavily Polluted,Satisfactory
2020,Bengaluru,Karnataka,Summer,Arkavathi,Manufacturing,73.16,3.78,165712.0,9250209.0,3419070.0,4775.0,Heavily Polluted,Satisfactory
2020,Bengaluru,Karnataka,Summer,Arkavathi,Power,90.74,3.58,165712.0,9342229.0,3419070.0,4903.0,Heavily Polluted,Moderate
2020,Bengaluru,Karnataka,Winter,Arkavathi,Agro-Industry,96.87,4.23,158523.62,9054014.41,3422942.53,5208.81,Heavily Polluted,Satisfactory
2020,Bengaluru,Karnataka,Winter,Arkavathi,Power,96.48,3.91,647768.0,9380488.0,3419070.0,4848.0,Heavily Polluted,Moderate
2020,Bhopal,Madhya Pradesh,Monsoon,Betwa,Manufacturing,75.28,4.25,177886.27,2751312.3,417366.29,1960.48,Heavily Polluted,Moderate
2020,Bhopal,Madhya Pradesh,Post-Monsoon,Betwa,Manufacturing,156.2,0.99,33250.5,37363.0,532798.0,11570.0,Acceptable,Moderate
2020,Bhopal,Madhya Pradesh,Summer,Betwa,Manufacturing,107.31,3.58,187168.0,2928078.0,411647.0,1313.5,Heavily Polluted,Moderate
2020,Bhopal,Madhya Pradesh,Summer,Betwa,Power,113.13,3.73,521051.0,2928078.0,410526.0,1314.0,Heavily Polluted,Moderate
2020,Bhopal,Madhya Pradesh,Winter,Betwa,Manufacturing,145.48,3.3,170121.52,2856044.93,420143.58,1461.57,Heavily Polluted,Poor
2020,Brajrajnagar,Odisha,Monsoon,Ib,Coal/Power,109.02,4.02,837484.97,180568.97,73555.36,21630.21,Moderately Polluted,Moderate
2020,Brajrajnagar,Odisha,Post-Monsoon,Ib,Coal/Power,123.36,1.28,44674.0,241086.0,90286.0,7890.0,Good,Moderate
2020,Brajrajnagar,Odisha,Summer,Ib,Coal/Power,137.49,4.32,864993.64,169508.62,69774.97,23263.08,Moderately Polluted,Poor
2020,Brajrajnagar,Odisha,Winter,Ib,Coal/Power,151.4,4.33,899372.79,168263.87,71237.66,21375.93,Moderately Polluted,Moderate
2020,Chandigarh,Chandigarh,Monsoon,Sukhna,Manufacturing,69.58,4.39,191166.61,1701859.09,1291918.24,10051.06,Severely Polluted,Satisfactory
2020,Chandigarh,Chandigarh,Post-Monsoon,Sukhna,Manufacturing,131.96,1.21,35259.5,266359.0,1468064.0,3489.0,Acceptable,Moderate
2020,Chandigarh,Chandigarh,Summer,Sukhna,Manufacturing,58.15,4.15,204645.55,1794472.0,1257888.79,10501.6,Severely Polluted,Satisfactory
2020,Chandigarh,Chandigarh,Winter,Sukhna,Manufacturing,94.95,4.03,203145.35,1769420.97,1249444.34,10103.97,Heavily Polluted,Moderate
2020,Chennai,Tamil Nadu,Monsoon,Cooum,Manufacturing,105.49,4.86,187076.18,6655581.03,20311016.61,28503.85,Severely Polluted,Moderate
2020,Chennai,Tamil Nadu,Post-Monsoon,Cooum,Manufacturing,174.08,1.2,25123.5,59293.0,22787213.0,7215.0,Acceptable,Moderate
2020,Chennai,Tamil Nadu,Summer,Cooum,Manufacturing,70.9,4.49,197193.0,7159143.79,19994362.71,29573.45,Heavily Polluted,Satisfactory
2020,Chennai,Tamil Nadu,Winter,Cooum,Manufacturing,84.92,4.79,216502.44,6861233.77,20074217.18,29200.56,Severely Polluted,Satisfactory
2020,Coimbatore,Tamil Nadu,Monsoon,Noyyal,Manufacturing,46.0,4.48,893695.12,2811585.27,5640562.79,8216.24,Severely Polluted,Satisfactory
2020,Coimbatore,Tamil Nadu,Post-Monsoon,Noyyal,Manufacturing,166.38,1.33,24426.0,59029.0,7307738.0,4848.0,Acceptable,Moderate
2020,Coimbatore,Tamil Nadu,Summer,Noyyal,Manufacturing,74.41,4.59,146656.58,2911396.71,5609101.0,8358.48,Severely Polluted,Satisfactory
2020,Coimbatore,Tamil Nadu,Winter,Noyyal,Manufacturing,81.81,4.83,145103.98,2874344.08,5450160.82,8326.34,Severely Polluted,Satisfactory
2020,Delhi,Delhi,Monsoon,Yamuna,Manufacturing,130.31,5.48,227630.15,14166561.39,3363304.26,11882.92,Severely Polluted,Satisfactory
2020,Delhi,Delhi,Post-Monsoon,Yamuna,Manufacturing,223.8,1.08,12829.5,248606.0,3469832.0,1709.0,Acceptable,Moderate
2020,Delhi,Delhi,Summer,Yamuna,Manufacturing,132.71,5.68,222638.5,15064494.0,3364504.64,12676.28,Severely Polluted,Moderate
2020,Delhi,Delhi,Winter,Yamuna,Manufacturing,285.74,5.66,221751.62,14786091.3,3352028.7,12432.37,Severely Polluted,Severe
2020,Ernakulam,Kerala,Monsoon,Periyar,Shipping/Refinery,110.7,2.33,315253.58,70382.27,748603.3,183573.88,Acceptable,Satisfactory
2020,Ernakulam,Kerala,Post-Monsoon,Periyar,Shipping/Refinery,232.49,1.1,7752.5,86964.0,796528.0,7376.0,Acceptable,Poor
2020,Ernakulam,Kerala,Summer,Periyar,Shipping/Refinery,84.07,2.45,325668.39,67209.09,731288.59,181976.46,Acceptable,Satisfactory
2020,Ernakulam,Kerala,Winter,Periyar,Shipping/Refinery,111.53,2.44,336193.85,63355.82,734492.42,176685.22,Acceptable,Moderate
2020,Gurugram,Haryana,Monsoon,Sahibi,Automobile,133.59,3.5,742095.09,135968.64,2160527.58,207608.12,Moderately Polluted,Moderate
2020,Gurugram,Haryana,Post-Monsoon,Sahibi,Automobile,159.55,1.48,32098.5,30502.0,3646025.0,5242.0,Acceptable,Moderate
2020,Gurugram,Haryana,Summer,Sahibi,Automobile,126.84,3.49,767374.02,146235.27,2097524.51,222409.86,Acceptable,Moderate
2020,Gurugram,Haryana,Winter,Sahibi,Automobile,219.67,3.55,743466.18,143382.33,2140146.03,221408.97,Acceptable,Severe
2020,Guwahati,Assam,Monsoon,Brahmaputra,Agro-Industry,50.88,3.58,268587.45,1590180.52,219660.97,1703.88,Heavily Polluted,Satisfactory
2020,Guwahati,Assam,Post-Monsoon,Brahmaputra,Agro-Industry,221.0,1.48,34278.0,234574.0,266827.0,3361.0,Acceptable,Moderate
2020,Guwahati,Assam,Summer,Brahmaputra,Agro-Industry,127.83,2.87,283178.0,1677639.0,216618.0,1608.0,Moderately Polluted,Very Poor
2020,Guwahati,Assam,Summer,Brahmaputra,Energy,123.27,2.96,283178.0,1659540.0,215435.0,1569.25,Moderately Polluted,Poor
2020,Guwahati,Assam,Winter,Brahmaputra,Agro-Industry,266.32,3.05,230618.32,1629536.83,218291.63,1670.3,Moderately Polluted,Poor
2020,Guwahati,Assam,Winter,Brahmaputra,Power,291.65,3.1,1016513.5,1677639.0,218910.5,1600.5,Moderately Polluted,Very Poor
2020,Hyderabad,Telangana,Monsoon,Musi,Manufacturing,55.68,4.0,280477.09,7740968.61,9444650.42,19824.64,Heavily Polluted,Satisfactory
2020,Hyderabad,Telangana,Post-Monsoon,Musi,Manufacturing,218.23,0.99,25317.5,131765.0,10213731.0,2504.0,Good,Moderate
2020,Hyderabad,Telangana,Summer,Musi,Manufacturing,71.98,3.92,256331.52,8203869.94,9279296.09,21037.38,Heavily Polluted,Satisfactory
2020,Hyderabad,Telangana,Summer,Musi,Power,79.35,3.96,716492.0,8117033.5,9022938.5,20378.5,Heavily Polluted,Satisfactory
2020,Hyderabad,Telangana,Winter,Musi,Manufacturing,102.67,3.92,292880.97,8041067.3,9168723.79,20276.44,Heavily Polluted,Satisfactory
2020,Jaipur,Rajasthan,Monsoon,Banas,Manufacturing,96.77,3.2,92931.86,4247410.58,2442609.36,7249.85,Moderately Polluted,Satisfactory
2020,Jaipur,Rajasthan,Post-Monsoon,Banas,Manufacturing,177.82,1.35,37014.5,155156.0,2972999.0,11756.0,Acceptable,Moderate
2020,Jaipur,Rajasthan,Summer,Banas,Manufacturing,100.28,2.66,96251.36,4457276.74,2408659.0,6896.21,Moderately Polluted,Moderate
2020,Jaipur,Rajasthan,Winter,Banas,Manufacturing,119.81,2.7,96436.33,4322777.84,2409456.11,7034.22,Moderately Polluted,Moderate
2020,Jorapokhar,Jharkhand,Monsoon,Damodar,Mining/Coal,136.51,4.74,1173029.82,231751.79,58844.09,27049.36,Moderately Polluted,Moderate
2020,Jorapokhar,Jharkhand,Post-Monsoon,Damodar,Mining/Coal,188.33,1.74,28663.0,72371.0,86136.0,1057.0,Polluted,Moderate
2020,Jorapokhar,Jharkhand,Summer,Damodar,Mining/Coal,137.33,4.99,1256503.57,235004.88,57424.93,29437.2,Moderately Polluted,Poor
2020,Jorapokhar,Jharkhand,Winter,Damodar,Mining/Coal,165.71,4.82,1237886.67,223964.82,55904.61,29612.7,Moderately Polluted,Moderate
2020,Kochi,Kerala,Monsoon,Periyar,Shipping/Refinery,102.17,2.71,412356.21,87224.24,981057.97,306013.45,Acceptable,Satisfactory
2020,Kochi,Kerala,Post-Monsoon,Periyar,Shipping/Refinery,257.64,1.1,7752.5,86964.0,962620.0,7376.0,Acceptable,Poor
2020,Kochi,Kerala,Summer,Periyar,Shipping/Refinery,97.1,2.65,424831.32,85458.28,938824.3,306788.3,Acceptable,Moderate
2020,Kochi,Kerala,Winter,Periyar,Shipping/Refinery,134.74,2.57,426043.0,85461.52,943921.58,308803.95,Acceptable,Moderate
2020,Kolkata,West Bengal,Monsoon,Hooghly,Manufacturing,57.71,4.33,157737.17,4865150.11,13279015.55,26048.02,Severely Polluted,Good
2020,Kolkata,West Bengal,Post-Monsoon,Hooghly,Manufacturing,267.47,1.09,42328.5,56378.0,16092043.0,6827.0,Acceptable,Poor
2020,Kolkata,West Bengal,Summer,Hooghly,Manufacturing,82.25,3.96,275760.18,5118916.0,13022009.17,27115.57,Severely Polluted,Moderate
2020,Kolkata,West Bengal,Winter,Hooghly,Manufacturing,209.27,3.88,319385.99,5006030.52,12850365.75,26799.76,Heavily Polluted,Poor
2020,Lucknow,Uttar Pradesh,Monsoon,Gomti,Agro-Industry,102.2,2.57,90406.45,3230704.02,1251229.32,2284.0,Acceptable,Satisfactory
2020,Lucknow,Uttar Pradesh,Post-Monsoon,Gomti,Agro-Industry,229.86,1.2,8571.5,254929.0,1273146.0,5822.0,Acceptable,Moderate
2020,Lucknow,Uttar Pradesh,Summer,Gomti,Agro-Industry,120.09,2.35,93231.54,3423129.57,1252084.0,2040.32,Moderately Polluted,Moderate
2020,Lucknow,Uttar Pradesh,Winter,Gomti,Agro-Industry,245.76,2.33,427707.66,3371172.84,1252583.31,2108.57,Acceptable,Severe
2020,Mumbai,Maharashtra,Monsoon,Ulhas,Manufacturing,57.48,3.87,213116.08,10359491.73,24639204.94,22372.2,Heavily Polluted,Good
2020,Mumbai,Maharashtra,Post-Monsoon,Ulhas,Manufacturing,149.42,1.12,34627.5,109920.0,27319268.0,8980.0,Acceptable,Moderate
2020,Mumbai,Maharashtra,Summer,Ulhas,Manufacturing,81.04,3.69,229164.18,11090708.52,24371277.0,23041.48,Heavily Polluted,Moderate
2020,Mumbai,Maharashtra,Winter,Ulhas,Manufacturing,164.1,3.72,221556.41,10921090.0,24369705.9,22844.11,Heavily Polluted,Moderate
2020,Patna,Bihar,Monsoon,Ganga,Agro-Industry,123.75,2.36,99000.33,962932.0,516176.33,1199.33,Heavily Polluted,Satisfactory
2020,Patna,Bihar,Monsoon,Ganga,Power,82.37,4.31,1188352.0,2566284.0,466913.0,1966.0,Heavily Polluted,Moderate
2020,Patna,Bihar,Post-Monsoon,Ganga,Agro-Industry,161.83,1.08,34560.0,161256.0,540808.0,804.0,Good,Moderate
2020,Patna,Bihar,Summer,Ganga,Agro-Industry,158.42,3.61,241085.0,2566284.0,466913.0,2043.0,Heavily Polluted,Moderate
2020,Patna,Bihar,Summer,Ganga,Manufacturing,131.17,3.4,241085.0,2620801.5,465622.0,2032.5,Heavily Polluted,Moderate
2020,Patna,Bihar,Summer,Ganga,Power,138.52,4.13,714718.5,2566284.0,466913.0,2026.0,Heavily Polluted,Moderate
2020,Patna,Bihar,Winter,Ganga,Agro-Industry,232.23,4.22,237245.3,2526857.31,468124.39,2013.0,Heavily Polluted,Very Poor
2020,Shillong,Meghalaya,Monsoon,Umiam,Handicrafts,36.3,1.8,46266.58,22879.3,95686.85,51269.97,Acceptable,Good
2020,Shillong,Meghalaya,Post-Monsoon,Umiam,Handicrafts,112.63,1.5,34278.0,234574.0,158487.0,3361.0,Acceptable,Satisfactory
2020,Shillong,Meghalaya,Summer,Umiam,Handicrafts,58.43,1.73,45293.2,9175.61,90123.11,53058.25,Good,Satisfactory
2020,Shillong,Meghalaya,Winter,Umiam,Handicrafts,81.16,1.77,46394.84,12695.98,89407.54,52372.92,Good,Satisfactory
2020,Talcher,Odisha,Monsoon,Brahmani,Thermal Power,97.99,4.54,2370370.64,452282.48,146372.39,34659.94,Moderately Polluted,Satisfactory
2020,Talcher,Odisha,Post-Monsoon,Brahmani,Thermal Power,226.26,0.96,11963.0,84124.0,232260.0,10296.0,Acceptable,Moderate
2020,Talcher,Odisha,Summer,Brahmani,Thermal Power,120.1,4.81,2570990.79,522336.35,134795.59,37865.43,Moderately Polluted,Moderate
2020,Talcher,Odisha,Winter,Brahmani,Thermal Power,250.99,4.67,2511909.11,475730.0,142815.39,36801.31,Moderately Polluted,Very Poor
2020,Thiruvananthapuram,Kerala,Monsoon,Karamana,IT/Electronics,51.12,2.4,244412.06,59552.94,680160.97,225411.06,Acceptable,Good
2020,Thiruvananthapuram,Kerala,Post-Monsoon,Karamana,IT/Electronics,164.9,1.2,19856.0,213309.0,1119554.0,12763.0,Acceptable,Moderate
2020,Thiruvananthapuram,Kerala,Summer,Karamana,IT/Electronics,62.65,2.33,252880.71,50548.37,647006.75,261660.49,Acceptable,Satisfactory
2020,Thiruvananthapuram,Kerala,Winter,Karamana,IT/Electronics,84.85,2.4,262206.87,54754.41,649984.16,245278.11,Acceptable,Satisfactory
2020,Visakhapatnam,Andhra Pradesh,Monsoon,Gosthani,Manufacturing,50.0,3.84,248289.0,2605332.0,199916.0,599.0,Heavily Polluted,Good
2020,Visakhapatnam,Andhra Pradesh,Monsoon,Gosthani,Mining,88.23,3.63,148233.53,2377996.25,203113.12,710.09,Heavily Polluted,Satisfactory
2020,Visakhapatnam,Andhra Pradesh,Post-Monsoon,Gosthani,Mining,212.24,1.01,25317.5,131765.0,210420.0,2504.0,Good,Moderate
2020,Visakhapatnam,Andhra Pradesh,Summer,Gosthani,Manufacturing,68.95,2.74,248289.0,2605332.0,199916.0,591.75,Moderately Polluted,Moderate
2020,Visakhapatnam,Andhra Pradesh,Winter,Gosthani,Manufacturing,126.06,3.0,248289.0,2605332.0,199916.0,579.0,Moderately Polluted,Moderate
2020,Visakhapatnam,Andhra Pradesh,Winter,Gosthani,Mining,225.66,0.81,48379.0,131765.0,210420.0,2504.0,Good,Poor
2020,Visakhapatnam,Andhra Pradesh,Winter,Gosthani,Power,99.12,2.81,1163533.0,2663722.5,199916.0,591.5,Moderately Polluted,Satisfactory
2021,Ahmedabad,Gujarat,Monsoon,Sabarmati,Chemical,148.31,1.01,17071.5,155927.0,7941334.0,3696.0,Acceptable,Moderate
2021,Ahmedabad,Gujarat,Post-Monsoon,Sabarmati,Chemical,171.24,1.24,14833.0,155927.0,7941334.0,3696.0,Acceptable,Moderate
2021,Ahmedabad,Gujarat,Summer,Sabarmati,Chemical,147.85,0.84,27676.33,155927.0,7941334.0,3696.0,Good,Moderate
2021,Ahmedabad,Gujarat,Winter,Sabarmati,Chemical,176.96,0.99,13414.67,155927.0,7941334.0,3696.0,Acceptable,Moderate
2021,Aizawl,Mizoram,Monsoon,Tlawng,Handicrafts,83.52,0.77,34485.25,236331.0,99189.0,3392.0,Good,Satisfactory
2021,Aizawl,Mizoram,Post-Monsoon,Tlawng,Handicrafts,101.0,1.26,47930.0,236331.0,99189.0,3392.0,Acceptable,Satisfactory
2021,Aizawl,Mizoram,Summer,Tlawng,Handicrafts,90.37,1.69,29398.0,236331.0,99189.0,3392.0,Acceptable,Satisfactory
2021,Aizawl,Mizoram,Winter,Tlawng,Handicrafts,102.31,1.38,32862.0,236331.0,99189.0,3392.0,Acceptable,Moderate
2021,Amaravati,Andhra Pradesh,Monsoon,Krishna,Agro-processing,167.42,1.16,23088.0,136433.0,452926.0,2587.0,Good,Moderate
2021,Amaravati,Andhra Pradesh,Post-Monsoon,Krishna,Agro-processing,190.9,0.95,44290.5,136433.0,452926.0,2587.0,Acceptable,Moderate
2021,Amaravati,Andhra Pradesh,Summer,Krishna,Agro-processing,168.74,1.55,23773.33,136433.0,452926.0,2587.0,Polluted,Moderate
2021,Amaravati,Andhra Pradesh,Winter,Krishna,Agro-processing,199.45,1.3,30027.67,136433.0,452926.0,2587.0,Acceptable,Poor
2021,Amritsar,Punjab,Monsoon,Beas,Agro-Industry,146.0,0.96,16453.25,263741.0,1092072.0,3443.0,Acceptable,Moderate
2021,Amritsar,Punjab,Post-Monsoon,Beas,Agro-Industry,170.86,1.23,43531.5,263741.0,1092072.0,3443.0,Acceptable,Moderate
2021,Amritsar,Punjab,Summer,Beas,Agro-Industry,143.99,1.0,27074.0,263741.0,1092072.0,3443.0,Acceptable,Moderate
2021,Amritsar,Punjab,Winter,Beas,Agro-Industry,177.96,1.34,22820.0,263741.0,1092072.0,3443.0,Good,Moderate
2021,Bengaluru,Karnataka,Monsoon,Arkavathi,Agro-Industry,102.0,1.24,27472.25,115549.0,3755570.0,12607.0,Acceptable,Satisfactory
2021,Bengaluru,Karnataka,Post-Monsoon,Arkavathi,Agro-Industry,118.6,1.23,35988.0,115549.0,3755570.0,12607.0,Acceptable,Moderate
2021,Bengaluru,Karnataka,Summer,Arkavathi,Agro-Industry,102.45,1.38,39461.67,115549.0,3755570.0,12607.0,Acceptable,Moderate
2021,Bengaluru,Karnataka,Winter,Arkavathi,Agro-Industry,123.37,0.92,36884.67,115549.0,3755570.0,12607.0,Good,Moderate
2021,Bhopal,Madhya Pradesh,Monsoon,Betwa,Manufacturing,128.86,1.55,42897.75,30703.0,564766.0,11453.0,Acceptable,Moderate
2021,Bhopal,Madhya Pradesh,Post-Monsoon,Betwa,Manufacturing,150.42,1.33,33362.5,30703.0,564766.0,11453.0,Acceptable,Moderate
2021,Bhopal,Madhya Pradesh,Summer,Betwa,Manufacturing,128.82,1.53,18759.33,30703.0,564766.0,11453.0,Acceptable,Moderate
2021,Bhopal,Madhya Pradesh,Winter,Betwa,Manufacturing,158.04,0.9,32230.67,30703.0,564766.0,11453.0,Acceptable,Moderate
2021,Brajrajnagar,Odisha,Monsoon,Ib,Coal/Power,121.71,1.04,29908.5,249420.0,95703.0,8037.0,Acceptable,Moderate
2021,Brajrajnagar,Odisha,Post-Monsoon,Ib,Coal/Power,140.44,1.06,30548.5,249420.0,95703.0,8037.0,Acceptable,Moderate
2021,Brajrajnagar,Odisha,Summer,Ib,Coal/Power,117.32,1.28,15997.67,249420.0,95703.0,8037.0,Acceptable,Moderate
2021,Brajrajnagar,Odisha,Winter,Ib,Coal/Power,141.26,1.23,22517.0,249420.0,95703.0,8037.0,Good,Moderate
2021,Chandigarh,Chandigarh,Monsoon,Sukhna,Manufacturing,117.48,0.94,16453.25,263741.0,1556147.0,3443.0,Acceptable,Moderate
2021,Chandigarh,Chandigarh,Post-Monsoon,Sukhna,Manufacturing,138.05,1.21,43531.5,263741.0,1556147.0,3443.0,Acceptable,Moderate
2021,Chandigarh,Chandigarh,Summer,Sukhna,Manufacturing,117.88,0.99,27074.0,263741.0,1556147.0,3443.0,Acceptable,Moderate
2021,Chandigarh,Chandigarh,Winter,Sukhna,Manufacturing,138.67,1.35,22820.0,263741.0,1556147.0,3443.0,Good,Moderate
2021,Chennai,Tamil Nadu,Monsoon,Cooum,Manufacturing,169.43,1.3,21726.75,68233.0,24154446.0,7373.0,Good,Moderate
2021,Chennai,Tamil Nadu,Post-Monsoon,Cooum,Manufacturing,193.04,0.88,29126.5,68233.0,24154446.0,7373.0,Acceptable,Moderate
2021,Chennai,Tamil Nadu,Summer,Cooum,Manufacturing,163.93,1.43,18174.33,68233.0,24154446.0,7373.0,Acceptable,Moderate
2021,Chennai,Tamil Nadu,Winter,Cooum,Manufacturing,193.08,1.1,28023.67,68233.0,24154446.0,7373.0,Good,Poor
2021,Coimbatore,Tamil Nadu,Monsoon,Noyyal,Manufacturing,153.64,1.18,25427.25,62531.0,7746202.0,4910.0,Acceptable,Moderate
2021,Coimbatore,Tamil Nadu,Post-Monsoon,Noyyal,Manufacturing,181.64,1.12,12775.0,62531.0,7746202.0,4910.0,Good,Moderate
2021,Coimbatore,Tamil Nadu,Summer,Noyyal,Manufacturing,147.98,0.84,30455.67,62531.0,7746202.0,4910.0,Good,Moderate
2021,Coimbatore,Tamil Nadu,Winter,Noyyal,Manufacturing,178.2,1.32,28551.0,62531.0,7746202.0,4910.0,Acceptable,Moderate
2021,Delhi,Delhi,Monsoon,Yamuna,Manufacturing,196.88,1.12,36696.75,242705.0,3678021.0,1605.0,Acceptable,Moderate
2021,Delhi,Delhi,Post-Monsoon,Yamuna,Manufacturing,221.48,1.2,50997.5,242705.0,3678021.0,1605.0,Good,Moderate
2021,Delhi,Delhi,Summer,Yamuna,Manufacturing,196.88,1.26,36336.33,242705.0,3678021.0,1605.0,Acceptable,Poor
2021,Delhi,Delhi,Winter,Yamuna,Manufacturing,231.25,1.19,23420.67,242705.0,3678021.0,1605.0,Acceptable,Poor
2021,Ernakulam,Kerala,Monsoon,Periyar,Shipping/Refinery,214.22,1.5,17493.0,92303.0,844320.0,7470.0,Good,Poor
2021,Ernakulam,Kerala,Post-Monsoon,Periyar,Shipping/Refinery,243.37,1.36,38968.0,92303.0,844320.0,7470.0,Acceptable,Poor
2021,Ernakulam,Kerala,Summer,Periyar,Shipping/Refinery,214.62,1.48,27989.0,92303.0,844320.0,7470.0,Polluted,Poor
2021,Ernakulam,Kerala,Winter,Periyar,Shipping/Refinery,253.54,1.64,16122.0,92303.0,844320.0,7470.0,Acceptable,Poor
2021,Gurugram,Haryana,Monsoon,Sahibi,Automobile,137.46,1.28,29132.25,34309.0,3864787.0,5309.0,Acceptable,Moderate
2021,Gurugram,Haryana,Post-Monsoon,Sahibi,Automobile,161.23,1.72,15871.0,34309.0,3864787.0,5309.0,Acceptable,Moderate
2021,Gurugram,Haryana,Summer,Sahibi,Automobile,142.0,1.64,20578.0,34309.0,3864787.0,5309.0,Acceptable,Moderate
2021,Gurugram,Haryana,Winter,Sahibi,Automobile,171.33,1.41,36741.67,34309.0,3864787.0,5309.0,Good,Moderate
2021,Guwahati,Assam,Monsoon,Brahmaputra,Agro-Industry,193.83,0.79,34485.25,236331.0,282837.0,3392.0,Acceptable,Moderate
2021,Guwahati,Assam,Post-Monsoon,Brahmaputra,Agro-Industry,219.14,1.27,47930.0,236331.0,282837.0,3392.0,Acceptable,Moderate
2021,Guwahati,Assam,Summer,Brahmaputra,Agro-Industry,191.12,1.71,29398.0,236331.0,282837.0,3392.0,Acceptable,Moderate
2021,Guwahati,Assam,Winter,Brahmaputra,Agro-Industry,231.67,1.39,32862.0,236331.0,282837.0,3392.0,Acceptable,Poor
2021,Hyderabad,Telangana,Monsoon,Musi,Manufacturing,200.73,1.19,23088.0,136433.0,10826555.0,2587.0,Good,Moderate
2021,Hyderabad,Telangana,Post-Monsoon,Musi,Manufacturing,225.48,0.97,44290.5,136433.0,10826555.0,2587.0,Acceptable,Moderate
2021,Hyderabad,Telangana,Summer,Musi,Manufacturing,193.25,1.54,23773.33,136433.0,10826555.0,2587.0,Polluted,Moderate
2021,Hyderabad,Telangana,Winter,Musi,Manufacturing,242.71,1.3,30027.67,136433.0,10826555.0,2587.0,Acceptable,Poor
2021,Jaipur,Rajasthan,Monsoon,Banas,Manufacturing,156.22,1.02,18065.0,157966.0,3151379.0,11805.0,Acceptable,Moderate
2021,Jaipur,Rajasthan,Post-Monsoon,Banas,Manufacturing,184.32,1.12,20556.0,157966.0,3151379.0,11805.0,Good,Moderate
2021,Jaipur,Rajasthan,Summer,Banas,Manufacturing,154.28,0.95,20837.0,157966.0,3151379.0,11805.0,Good,Moderate
2021,Jaipur,Rajasthan,Winter,Banas,Manufacturing,189.87,1.2,21565.67,157966.0,3151379.0,11805.0,Acceptable,Poor
2021,Jorapokhar,Jharkhand,Monsoon,Damodar,Mining/Coal,174.42,1.26,22640.5,82801.0,91304.0,1241.0,Acceptable,Moderate
2021,Jorapokhar,Jharkhand,Post-Monsoon,Damodar,Mining/Coal,202.79,0.92,21071.5,82801.0,91304.0,1241.0,Acceptable,Moderate
2021,Jorapokhar,Jharkhand,Summer,Damodar,Mining/Coal,169.48,1.18,40007.67,82801.0,91304.0,1241.0,Acceptable,Moderate
2021,Jorapokhar,Jharkhand,Winter,Damodar,Mining/Coal,207.07,1.64,15714.67,82801.0,91304.0,1241.0,Acceptable,Poor
2021,Kochi,Kerala,Monsoon,Periyar,Shipping/Refinery,225.06,1.52,17493.0,92303.0,1020378.0,7470.0,Good,Poor
2021,Kochi,Kerala,Post-Monsoon,Periyar,Shipping/Refinery,268.8,1.32,38968.0,92303.0,1020378.0,7470.0,Acceptable,Poor
2021,Kochi,Kerala,Summer,Periyar,Shipping/Refinery,228.27,1.5,27989.0,92303.0,1020378.0,7470.0,Polluted,Poor
2021,Kochi,Kerala,Winter,Periyar,Shipping/Refinery,288.12,1.69,16122.0,92303.0,1020378.0,7470.0,Acceptable,Very Poor
2021,Kolkata,West Bengal,Monsoon,Hooghly,Manufacturing,230.52,1.34,29336.25,55681.0,17057565.0,6815.0,Acceptable,Poor
2021,Kolkata,West Bengal,Post-Monsoon,Hooghly,Manufacturing,266.62,1.2,40006.5,55681.0,17057565.0,6815.0,Acceptable,Poor
2021,Kolkata,West Bengal,Summer,Hooghly,Manufacturing,225.93,0.81,30926.33,55681.0,17057565.0,6815.0,Good,Poor
2021,Kolkata,West Bengal,Winter,Hooghly,Manufacturing,281.41,1.1,30854.33,55681.0,17057565.0,6815.0,Good,Very Poor
2021,Lucknow,Uttar Pradesh,Monsoon,Gomti,Agro-Industry,207.83,1.17,22967.0,254905.0,1349534.0,5821.0,Acceptable,Poor
2021,Lucknow,Uttar Pradesh,Post-Monsoon,Gomti,Agro-Industry,239.86,1.42,13232.5,254905.0,1349534.0,5821.0,Acceptable,Poor
2021,Lucknow,Uttar Pradesh,Summer,Gomti,Agro-Industry,205.52,0.94,34036.33,254905.0,1349534.0,5821.0,Acceptable,Poor
2021,Lucknow,Uttar Pradesh,Winter,Gomti,Agro-Industry,254.92,1.17,16374.67,254905.0,1349534.0,5821.0,Good,Poor
2021,Mumbai,Maharashtra,Monsoon,Ulhas,Manufacturing,131.96,1.44,30717.0,109256.0,28958424.0,8968.0,Acceptable,Moderate
2021,Mumbai,Maharashtra,Post-Monsoon,Ulhas,Manufacturing,143.44,0.88,18205.5,109256.0,28958424.0,8968.0,Good,Moderate
2021,Mumbai,Maharashtra,Summer,Ulhas,Manufacturing,129.32,1.28,31727.33,109256.0,28958424.0,8968.0,Good,Moderate
2021,Mumbai,Maharashtra,Winter,Ulhas,Manufacturing,155.59,0.87,30488.67,109256.0,28958424.0,8968.0,Good,Moderate
2021,Patna,Bihar,Monsoon,Ganga,Agro-Industry,147.65,1.37,34892.0,168694.0,573256.0,935.0,Acceptable,Moderate
2021,Patna,Bihar,Post-Monsoon,Ganga,Agro-Industry,172.34,1.44,31391.5,168694.0,573256.0,935.0,Acceptable,Moderate
2021,Patna,Bihar,Summer,Ganga,Agro-Industry,151.89,1.43,35485.67,168694.0,573256.0,935.0,Acceptable,Moderate
2021,Patna,Bihar,Winter,Ganga,Agro-Industry,180.48,0.91,23254.33,168694.0,573256.0,935.0,Good,Moderate
2021,Shillong,Meghalaya,Monsoon,Umiam,Handicrafts,95.8,0.77,34485.25,236331.0,167997.0,3392.0,Acceptable,Satisfactory
2021,Shillong,Meghalaya,Post-Monsoon,Umiam,Handicrafts,105.44,1.27,47930.0,236331.0,167997.0,3392.0,Acceptable,Satisfactory
2021,Shillong,Meghalaya,Summer,Umiam,Handicrafts,99.07,1.66,29398.0,236331.0,167997.0,3392.0,Acceptable,Moderate
2021,Shillong,Meghalaya,Winter,Umiam,Handicrafts,114.85,1.37,32862.0,236331.0,167997.0,3392.0,Acceptable,Moderate
2021,Talcher,Odisha,Monsoon,Brahmani,Thermal Power,188.2,1.57,11490.25,76086.0,246195.0,10155.0,Acceptable,Moderate
2021,Talcher,Odisha,Post-Monsoon,Brahmani,Thermal Power,223.27,0.92,32973.0,76086.0,246195.0,10155.0,Good,Moderate
2021,Talcher,Odisha,Summer,Brahmani,Thermal Power,182.34,1.02,26722.0,76086.0,246195.0,10155.0,Acceptable,Moderate
2021,Talcher,Odisha,Winter,Brahmani,Thermal Power,219.96,1.06,33424.67,76086.0,246195.0,10155.0,Acceptable,Poor
2021,Thiruvananthapuram,Kerala,Monsoon,Karamana,IT/Electronics,148.94,1.4,21737.5,217303.0,1186727.0,12833.0,Acceptable,Moderate
2021,Thiruvananthapuram,Kerala,Post-Monsoon,Karamana,IT/Electronics,166.74,1.05,46289.5,217303.0,1186727.0,12833.0,Acceptable,Moderate
2021,Thiruvananthapuram,Kerala,Summer,Karamana,IT/Electronics,150.27,1.04,25263.33,217303.0,1186727.0,12833.0,Acceptable,Moderate
2021,Thiruvananthapuram,Kerala,Winter,Karamana,IT/Electronics,182.91,1.23,31513.0,217303.0,1186727.0,12833.0,Good,Poor
2021,Visakhapatnam,Andhra Pradesh,Monsoon,Gosthani,Mining,182.16,1.17,23088.0,136433.0,223045.0,2587.0,Good,Moderate
2021,Visakhapatnam,Andhra Pradesh,Post-Monsoon,Gosthani,Mining,212.44,0.94,44290.5,136433.0,223045.0,2587.0,Acceptable,Moderate
2021,Visakhapatnam,Andhra Pradesh,Summer,Gosthani,Mining,186.09,1.51,23773.33,136433.0,223045.0,2587.0,Polluted,Moderate
2021,Visakhapatnam,Andhra Pradesh,Winter,Gosthani,Mining,226.97,1.31,30027.67,136433.0,223045.0,2587.0,Acceptable,Poor
2022,Ahmedabad,Gujarat,Monsoon,Sabarmati,Chemical,144.3,1.27,22174.75,154532.0,8417814.0,3671.0,Acceptable,Moderate
2022,Ahmedabad,Gujarat,Post-Monsoon,Sabarmati,Chemical,167.44,1.34,27926.5,154532.0,8417814.0,3671.0,Acceptable,Moderate
2022,Ahmedabad,Gujarat,Summer,Sabarmati,Chemical,147.92,0.98,25758.0,154532.0,8417814.0,3671.0,Good,Moderate
2022,Ahmedabad,Gujarat,Winter,Sabarmati,Chemical,175.88,1.57,23583.0,154532.0,8417814.0,3671.0,Acceptable,Moderate
2022,Aizawl,Mizoram,Monsoon,Tlawng,Handicrafts,92.11,1.05,27884.75,242054.0,105140.0,3493.0,Good,Moderate
2022,Aizawl,Mizoram,Post-Monsoon,Tlawng,Handicrafts,106.79,1.64,22114.5,242054.0,105140.0,3493.0,Acceptable,Satisfactory
2022,Aizawl,Mizoram,Summer,Tlawng,Handicrafts,86.71,1.17,17976.67,242054.0,105140.0,3493.0,Acceptable,Satisfactory
2022,Aizawl,Mizoram,Winter,Tlawng,Handicrafts,110.22,0.77,40293.67,242054.0,105140.0,3493.0,Good,Moderate
2022,Amaravati,Andhra Pradesh,Monsoon,Krishna,Agro-processing,164.22,1.04,35705.25,134350.0,480102.0,2550.0,Acceptable,Moderate
2022,Amaravati,Andhra Pradesh,Post-Monsoon,Krishna,Agro-processing,190.4,0.96,36011.5,134350.0,480102.0,2550.0,Good,Moderate
2022,Amaravati,Andhra Pradesh,Summer,Krishna,Agro-processing,164.72,1.6,32699.67,134350.0,480102.0,2550.0,Acceptable,Moderate
2022,Amaravati,Andhra Pradesh,Winter,Krishna,Agro-processing,195.28,0.91,27215.33,134350.0,480102.0,2550.0,Acceptable,Poor
2022,Amritsar,Punjab,Monsoon,Beas,Agro-Industry,150.68,1.21,32060.75,265317.0,1157597.0,3471.0,Acceptable,Moderate
2022,Amritsar,Punjab,Post-Monsoon,Beas,Agro-Industry,163.85,1.1,35651.0,265317.0,1157597.0,3471.0,Acceptable,Moderate
2022,Amritsar,Punjab,Summer,Beas,Agro-Industry,147.77,0.91,31892.67,265317.0,1157597.0,3471.0,Good,Moderate
2022,Amritsar,Punjab,Winter,Beas,Agro-Industry,176.88,1.46,39769.33,265317.0,1157597.0,3471.0,Acceptable,Moderate
2022,Bengaluru,Karnataka,Monsoon,Arkavathi,Agro-Industry,104.28,1.52,31872.25,116859.0,3980905.0,12630.0,Acceptable,Moderate
2022,Bengaluru,Karnataka,Post-Monsoon,Arkavathi,Agro-Industry,119.5,1.48,13075.0,116859.0,3980905.0,12630.0,Acceptable,Moderate
2022,Bengaluru,Karnataka,Summer,Arkavathi,Agro-Industry,107.41,1.29,31831.33,116859.0,3980905.0,12630.0,Good,Moderate
2022,Bengaluru,Karnataka,Winter,Arkavathi,Agro-Industry,124.97,0.96,22490.0,116859.0,3980905.0,12630.0,Good,Moderate
2022,Bhopal,Madhya Pradesh,Monsoon,Betwa,Manufacturing,137.12,0.99,31400.25,36064.0,598652.0,11547.0,Acceptable,Moderate
2022,Bhopal,Madhya Pradesh,Post-Monsoon,Betwa,Manufacturing,154.62,1.36,39376.5,36064.0,598652.0,11547.0,Acceptable,Moderate
2022,Bhopal,Madhya Pradesh,Summer,Betwa,Manufacturing,133.84,1.34,23523.67,36064.0,598652.0,11547.0,Acceptable,Moderate
2022,Bhopal,Madhya Pradesh,Winter,Betwa,Manufacturing,155.23,1.43,30306.67,36064.0,598652.0,11547.0,Acceptable,Moderate
2022,Brajrajnagar,Odisha,Monsoon,Ib,Coal/Power,112.32,1.17,25509.5,242546.0,101445.0,7915.0,Acceptable,Moderate
2022,Brajrajnagar,Odisha,Post-Monsoon,Ib,Coal/Power,129.54,1.64,21901.0,242546.0,101445.0,7915.0,Acceptable,Moderate
2022,Brajrajnagar,Odisha,Summer,Ib,Coal/Power,112.35,1.31,15838.33,242546.0,101445.0,7915.0,Acceptable,Moderate
2022,Brajrajnagar,Odisha,Winter,Ib,Coal/Power,133.59,1.28,28477.67,242546.0,101445.0,7915.0,Acceptable,Moderate
2022,Chandigarh,Chandigarh,Monsoon,Sukhna,Manufacturing,117.84,1.21,32060.75,265317.0,1649516.0,3471.0,Acceptable,Moderate
2022,Chandigarh,Chandigarh,Post-Monsoon,Sukhna,Manufacturing,139.36,1.13,35651.0,265317.0,1649516.0,3471.0,Acceptable,Moderate
2022,Chandigarh,Chandigarh,Summer,Sukhna,Manufacturing,120.38,0.91,31892.67,265317.0,1649516.0,3471.0,Good,Moderate
2022,Chandigarh,Chandigarh,Winter,Sukhna,Manufacturing,141.32,1.43,39769.33,265317.0,1649516.0,3471.0,Acceptable,Moderate
2022,Chennai,Tamil Nadu,Monsoon,Cooum,Manufacturing,164.42,1.03,21188.25,69925.0,25603713.0,7403.0,Good,Moderate
2022,Chennai,Tamil Nadu,Post-Monsoon,Cooum,Manufacturing,182.24,1.01,21717.0,69925.0,25603713.0,7403.0,Good,Moderate
2022,Chennai,Tamil Nadu,Summer,Cooum,Manufacturing,162.36,1.23,49150.67,69925.0,25603713.0,7403.0,Good,Moderate
2022,Chennai,Tamil Nadu,Winter,Cooum,Manufacturing,194.64,1.39,35346.33,69925.0,25603713.0,7403.0,Acceptable,Poor
2022,Coimbatore,Tamil Nadu,Monsoon,Noyyal,Manufacturing,143.47,0.97,35072.75,55004.0,8210974.0,4777.0,Good,Moderate
2022,Coimbatore,Tamil Nadu,Post-Monsoon,Noyyal,Manufacturing,163.86,1.02,32605.5,55004.0,8210974.0,4777.0,Acceptable,Moderate
2022,Coimbatore,Tamil Nadu,Summer,Noyyal,Manufacturing,141.1,1.24,31291.33,55004.0,8210974.0,4777.0,Acceptable,Moderate
2022,Coimbatore,Tamil Nadu,Winter,Noyyal,Manufacturing,170.47,1.62,26145.33,55004.0,8210974.0,4777.0,Acceptable,Moderate
2022,Delhi,Delhi,Monsoon,Yamuna,Manufacturing,205.26,1.73,26687.75,251805.0,3898703.0,1765.0,Acceptable,Poor
2022,Delhi,Delhi,Post-Monsoon,Yamuna,Manufacturing,233.82,1.05,34940.0,251805.0,3898703.0,1765.0,Good,Moderate
2022,Delhi,Delhi,Summer,Yamuna,Manufacturing,201.26,0.87,10104.33,251805.0,3898703.0,1765.0,Good,Poor
2022,Delhi,Delhi,Winter,Yamuna,Manufacturing,250.17,1.12,33747.0,251805.0,3898703.0,1765.0,Acceptable,Poor
2022,Ernakulam,Kerala,Monsoon,Periyar,Shipping/Refinery,210.73,1.59,19903.25,91439.0,894979.0,7455.0,Polluted,Poor
2022,Ernakulam,Kerala,Post-Monsoon,Periyar,Shipping/Refinery,231.52,1.06,10001.5,91439.0,894979.0,7455.0,Acceptable,Poor
2022,Ernakulam,Kerala,Summer,Periyar,Shipping/Refinery,205.42,1.1,19629.67,91439.0,894979.0,7455.0,Acceptable,Poor
2022,Ernakulam,Kerala,Winter,Periyar,Shipping/Refinery,254.29,1.13,24533.33,91439.0,894979.0,7455.0,Acceptable,Poor
2022,Gurugram,Haryana,Monsoon,Sahibi,Automobile,146.79,0.94,17055.75,36724.0,4096674.0,5351.0,Good,Moderate
2022,Gurugram,Haryana,Post-Monsoon,Sahibi,Automobile,161.05,1.68,37344.0,36724.0,4096674.0,5351.0,Polluted,Moderate
2022,Gurugram,Haryana,Summer,Sahibi,Automobile,143.94,0.83,25779.33,36724.0,4096674.0,5351.0,Acceptable,Moderate
2022,Gurugram,Haryana,Winter,Sahibi,Automobile,174.71,1.33,32862.67,36724.0,4096674.0,5351.0,Good,Moderate
2022,Guwahati,Assam,Monsoon,Brahmaputra,Agro-Industry,200.26,1.05,27884.75,242054.0,299807.0,3493.0,Good,Moderate
2022,Guwahati,Assam,Post-Monsoon,Brahmaputra,Agro-Industry,228.34,1.66,22114.5,242054.0,299807.0,3493.0,Acceptable,Moderate
2022,Guwahati,Assam,Summer,Brahmaputra,Agro-Industry,197.72,1.17,17976.67,242054.0,299807.0,3493.0,Acceptable,Moderate
2022,Guwahati,Assam,Winter,Brahmaputra,Agro-Industry,240.03,0.75,40293.67,242054.0,299807.0,3493.0,Good,Poor
2022,Hyderabad,Telangana,Monsoon,Musi,Manufacturing,193.2,1.04,35705.25,134350.0,11476148.0,2550.0,Acceptable,Moderate
2022,Hyderabad,Telangana,Post-Monsoon,Musi,Manufacturing,231.75,0.96,36011.5,134350.0,11476148.0,2550.0,Good,Poor
2022,Hyderabad,Telangana,Summer,Musi,Manufacturing,191.52,1.6,32699.67,134350.0,11476148.0,2550.0,Acceptable,Moderate
2022,Hyderabad,Telangana,Winter,Musi,Manufacturing,237.35,0.91,27215.33,134350.0,11476148.0,2550.0,Acceptable,Poor
2022,Jaipur,Rajasthan,Monsoon,Banas,Manufacturing,155.37,1.31,13922.25,157047.0,3340462.0,11789.0,Acceptable,Moderate
2022,Jaipur,Rajasthan,Post-Monsoon,Banas,Manufacturing,179.52,0.82,41295.0,157047.0,3340462.0,11789.0,Good,Moderate
2022,Jaipur,Rajasthan,Summer,Banas,Manufacturing,153.67,1.32,28061.0,157047.0,3340462.0,11789.0,Acceptable,Moderate
2022,Jaipur,Rajasthan,Winter,Banas,Manufacturing,189.6,1.38,38581.67,157047.0,3340462.0,11789.0,Good,Poor
2022,Jorapokhar,Jharkhand,Monsoon,Damodar,Mining/Coal,164.54,1.25,33410.75,75538.0,96783.0,1113.0,Acceptable,Moderate
2022,Jorapokhar,Jharkhand,Post-Monsoon,Damodar,Mining/Coal,191.57,1.67,26573.0,75538.0,96783.0,1113.0,Polluted,Moderate
2022,Jorapokhar,Jharkhand,Summer,Damodar,Mining/Coal,173.54,1.26,15323.33,75538.0,96783.0,1113.0,Acceptable,Moderate
2022,Jorapokhar,Jharkhand,Winter,Damodar,Mining/Coal,197.97,0.98,29684.67,75538.0,96783.0,1113.0,Acceptable,Poor
2022,Kochi,Kerala,Monsoon,Periyar,Shipping/Refinery,229.38,1.6,19903.25,91439.0,1081600.0,7455.0,Polluted,Poor
2022,Kochi,Kerala,Post-Monsoon,Periyar,Shipping/Refinery,266.8,1.04,10001.5,91439.0,1081600.0,7455.0,Acceptable,Poor
2022,Kochi,Kerala,Summer,Periyar,Shipping/Refinery,229.01,1.12,19629.67,91439.0,1081600.0,7455.0,Acceptable,Poor
2022,Kochi,Kerala,Winter,Periyar,Shipping/Refinery,281.17,1.14,24533.33,91439.0,1081600.0,7455.0,Acceptable,Poor
2022,Kolkata,West Bengal,Monsoon,Hooghly,Manufacturing,223.28,1.15,31372.5,51041.0,18081019.0,6733.0,Acceptable,Poor
2022,Kolkata,West Bengal,Post-Monsoon,Hooghly,Manufacturing,257.06,1.48,21101.0,51041.0,18081019.0,6733.0,Acceptable,Poor
2022,Kolkata,West Bengal,Summer,Hooghly,Manufacturing,221.38,1.21,38306.33,51041.0,18081019.0,6733.0,Good,Poor
2022,Kolkata,West Bengal,Winter,Hooghly,Manufacturing,273.64,1.09,18051.0,51041.0,18081019.0,6733.0,Good,Poor
2022,Lucknow,Uttar Pradesh,Monsoon,Gomti,Agro-Industry,209.73,1.28,40418.25,257212.0,1430506.0,5862.0,Acceptable,Poor
2022,Lucknow,Uttar Pradesh,Post-Monsoon,Gomti,Agro-Industry,232.58,0.92,37345.5,257212.0,1430506.0,5862.0,Acceptable,Poor
2022,Lucknow,Uttar Pradesh,Summer,Gomti,Agro-Industry,210.84,1.05,29073.33,257212.0,1430506.0,5862.0,Acceptable,Poor
2022,Lucknow,Uttar Pradesh,Winter,Gomti,Agro-Industry,249.12,1.43,23688.0,257212.0,1430506.0,5862.0,Acceptable,Poor
2022,Mumbai,Maharashtra,Monsoon,Ulhas,Manufacturing,132.9,0.86,17682.25,112140.0,30695929.0,9019.0,Good,Moderate
2022,Mumbai,Maharashtra,Post-Monsoon,Ulhas,Manufacturing,158.49,1.2,12227.5,112140.0,30695929.0,9019.0,Acceptable,Moderate
2022,Mumbai,Maharashtra,Summer,Ulhas,Manufacturing,133.64,1.17,40545.0,112140.0,30695929.0,9019.0,Good,Moderate
2022,Mumbai,Maharashtra,Winter,Ulhas,Manufacturing,157.6,1.13,29891.67,112140.0,30695929.0,9019.0,Good,Moderate
2022,Patna,Bihar,Monsoon,Ganga,Agro-Industry,142.76,1.47,24508.0,166142.0,607652.0,890.0,Acceptable,Moderate
2022,Patna,Bihar,Post-Monsoon,Ganga,Agro-Industry,166.14,1.5,36578.0,166142.0,607652.0,890.0,Acceptable,Moderate
2022,Patna,Bihar,Summer,Ganga,Agro-Industry,143.82,1.39,14906.0,166142.0,607652.0,890.0,Good,Moderate
2022,Patna,Bihar,Winter,Ganga,Agro-Industry,171.92,1.57,27047.33,166142.0,607652.0,890.0,Acceptable,Moderate
2022,Shillong,Meghalaya,Monsoon,Umiam,Handicrafts,96.22,1.05,27884.75,242054.0,178076.0,3493.0,Good,Satisfactory
2022,Shillong,Meghalaya,Post-Monsoon,Umiam,Handicrafts,117.16,1.68,22114.5,242054.0,178076.0,3493.0,Acceptable,Moderate
2022,Shillong,Meghalaya,Summer,Umiam,Handicrafts,99.74,1.17,17976.67,242054.0,178076.0,3493.0,Acceptable,Moderate
2022,Shillong,Meghalaya,Winter,Umiam,Handicrafts,111.56,0.77,40293.67,242054.0,178076.0,3493.0,Good,Moderate
2022,Talcher,Odisha,Monsoon,Brahmani,Thermal Power,202.11,1.04,32563.0,85038.0,260967.0,10313.0,Acceptable,Poor
2022,Talcher,Odisha,Post-Monsoon,Brahmani,Thermal Power,234.29,1.06,28494.5,85038.0,260967.0,10313.0,Good,Poor
2022,Talcher,Odisha,Summer,Brahmani,Thermal Power,201.44,0.83,23962.0,85038.0,260967.0,10313.0,Good,Poor
2022,Talcher,Odisha,Winter,Brahmani,Thermal Power,238.19,1.82,17038.33,85038.0,260967.0,10313.0,Polluted,Poor
2022,Thiruvananthapuram,Kerala,Monsoon,Karamana,IT/Electronics,155.61,1.29,13882.75,223105.0,1257931.0,12935.0,Good,Moderate
2022,Thiruvananthapuram,Kerala,Post-Monsoon,Karamana,IT/Electronics,175.37,1.25,22934.5,223105.0,1257931.0,12935.0,Acceptable,Moderate
2022,Thiruvananthapuram,Kerala,Summer,Karamana,IT/Electronics,153.01,0.9,17244.0,223105.0,1257931.0,12935.0,Good,Moderate
2022,Thiruvananthapuram,Kerala,Winter,Karamana,IT/Electronics,185.4,1.02,31813.33,223105.0,1257931.0,12935.0,Acceptable,Moderate
2022,Visakhapatnam,Andhra Pradesh,Monsoon,Gosthani,Mining,180.93,1.03,35705.25,134350.0,236428.0,2550.0,Acceptable,Moderate
2022,Visakhapatnam,Andhra Pradesh,Post-Monsoon,Gosthani,Mining,212.06,0.95,36011.5,134350.0,236428.0,2550.0,Good,Moderate
2022,Visakhapatnam,Andhra Pradesh,Summer,Gosthani,Mining,185.42,1.64,32699.67,134350.0,236428.0,2550.0,Acceptable,Moderate
2022,Visakhapatnam,Andhra Pradesh,Winter,Gosthani,Mining,217.56,0.91,27215.33,134350.0,236428.0,2550.0,Acceptable,Poor
2023,Ahmedabad,Gujarat,Monsoon,Sabarmati,Chemical,156.13,1.23,31940.0,164796.0,8922883.0,3852.0,Good,Moderate
2023,Ahmedabad,Gujarat,Post-Monsoon,Sabarmati,Chemical,178.66,1.64,19464.5,164796.0,8922883.0,3852.0,Polluted,Moderate
2023,Ahmedabad,Gujarat,Summer,Sabarmati,Chemical,165.55,1.41,20890.33,164796.0,8922883.0,3852.0,Acceptable,Moderate
2023,Ahmedabad,Gujarat,Winter,Sabarmati,Chemical,194.1,1.37,24743.0,164796.0,8922883.0,3852.0,Acceptable,Poor
2023,Aizawl,Mizoram,Monsoon,Tlawng,Handicrafts,93.3,1.3,24835.0,244772.0,111448.0,3541.0,Acceptable,Moderate
2023,Aizawl,Mizoram,Post-Monsoon,Tlawng,Handicrafts,110.1,0.64,32907.5,244772.0,111448.0,3541.0,Good,Satisfactory
2023,Aizawl,Mizoram,Summer,Tlawng,Handicrafts,97.35,1.01,31140.0,244772.0,111448.0,3541.0,Good,Moderate
2023,Aizawl,Mizoram,Winter,Tlawng,Handicrafts,106.47,1.43,41346.67,244772.0,111448.0,3541.0,Acceptable,Moderate
2023,Amaravati,Andhra Pradesh,Monsoon,Krishna,Agro-processing,178.78,1.47,31775.25,144236.0,508908.0,2724.0,Acceptable,Moderate
2023,Amaravati,Andhra Pradesh,Post-Monsoon,Krishna,Agro-processing,193.68,1.1,42584.0,144236.0,508908.0,2724.0,Acceptable,Moderate
2023,Amaravati,Andhra Pradesh,Summer,Krishna,Agro-processing,171.43,1.57,40595.0,144236.0,508908.0,2724.0,Acceptable,Moderate
2023,Amaravati,Andhra Pradesh,Winter,Krishna,Agro-processing,214.31,1.44,30281.67,144236.0,508908.0,2724.0,Acceptable,Poor
2023,Amritsar,Punjab,Monsoon,Beas,Agro-Industry,144.21,1.18,27079.0,260954.0,1227053.0,3394.0,Good,Moderate
2023,Amritsar,Punjab,Post-Monsoon,Beas,Agro-Industry,159.83,1.43,21332.5,260954.0,1227053.0,3394.0,Acceptable,Moderate
2023,Amritsar,Punjab,Summer,Beas,Agro-Industry,146.1,1.03,23022.33,260954.0,1227053.0,3394.0,Acceptable,Moderate
2023,Amritsar,Punjab,Winter,Beas,Agro-Industry,175.37,1.06,17471.33,260954.0,1227053.0,3394.0,Good,Moderate
2023,Bengaluru,Karnataka,Monsoon,Arkavathi,Agro-Industry,114.64,1.1,26361.0,123479.0,4219759.0,12747.0,Acceptable,Moderate
2023,Bengaluru,Karnataka,Post-Monsoon,Arkavathi,Agro-Industry,127.58,0.89,49567.5,123479.0,4219759.0,12747.0,Good,Moderate
2023,Bengaluru,Karnataka,Summer,Arkavathi,Agro-Industry,111.63,0.88,21463.67,123479.0,4219759.0,12747.0,Good,Moderate
2023,Bengaluru,Karnataka,Winter,Arkavathi,Agro-Industry,134.65,0.87,30287.33,123479.0,4219759.0,12747.0,Good,Moderate
2023,Bhopal,Madhya Pradesh,Monsoon,Betwa,Manufacturing,131.22,1.46,29535.25,34667.0,634571.0,11523.0,Acceptable,Moderate
2023,Bhopal,Madhya Pradesh,Post-Monsoon,Betwa,Manufacturing,155.54,0.81,30849.5,34667.0,634571.0,11523.0,Acceptable,Moderate
2023,Bhopal,Madhya Pradesh,Summer,Betwa,Manufacturing,134.34,1.34,35532.33,34667.0,634571.0,11523.0,Acceptable,Moderate
2023,Bhopal,Madhya Pradesh,Winter,Betwa,Manufacturing,157.42,1.21,18842.0,34667.0,634571.0,11523.0,Acceptable,Moderate
2023,Brajrajnagar,Odisha,Monsoon,Ib,Coal/Power,124.04,1.23,24538.75,249451.0,107532.0,8037.0,Good,Moderate
2023,Brajrajnagar,Odisha,Post-Monsoon,Ib,Coal/Power,141.36,1.32,23783.0,249451.0,107532.0,8037.0,Acceptable,Moderate
2023,Brajrajnagar,Odisha,Summer,Ib,Coal/Power,124.62,1.34,30062.33,249451.0,107532.0,8037.0,Acceptable,Moderate
2023,Brajrajnagar,Odisha,Winter,Ib,Coal/Power,146.78,1.36,22197.33,249451.0,107532.0,8037.0,Acceptable,Moderate
2023,Chandigarh,Chandigarh,Monsoon,Sukhna,Manufacturing,110.82,1.21,27079.0,260954.0,1748487.0,3394.0,Good,Moderate
2023,Chandigarh,Chandigarh,Post-Monsoon,Sukhna,Manufacturing,138.83,1.48,21332.5,260954.0,1748487.0,3394.0,Acceptable,Moderate
2023,Chandigarh,Chandigarh,Summer,Sukhna,Manufacturing,114.68,1.03,23022.33,260954.0,1748487.0,3394.0,Acceptable,Moderate
2023,Chandigarh,Chandigarh,Winter,Sukhna,Manufacturing,141.28,1.08,17471.33,260954.0,1748487.0,3394.0,Good,Moderate
2023,Chennai,Tamil Nadu,Monsoon,Cooum,Manufacturing,151.0,1.22,25072.75,60641.0,27139936.0,7239.0,Acceptable,Moderate
2023,Chennai,Tamil Nadu,Post-Monsoon,Cooum,Manufacturing,174.53,0.68,37479.0,60641.0,27139936.0,7239.0,Good,Moderate
2023,Chennai,Tamil Nadu,Summer,Cooum,Manufacturing,153.2,1.48,44761.0,60641.0,27139936.0,7239.0,Acceptable,Moderate
2023,Chennai,Tamil Nadu,Winter,Cooum,Manufacturing,179.95,1.08,35666.67,60641.0,27139936.0,7239.0,Good,Moderate
2023,Coimbatore,Tamil Nadu,Monsoon,Noyyal,Manufacturing,145.38,1.17,37286.25,57919.0,8703633.0,4828.0,Acceptable,Moderate
2023,Coimbatore,Tamil Nadu,Post-Monsoon,Noyyal,Manufacturing,169.55,1.22,36284.0,57919.0,8703633.0,4828.0,Good,Moderate
2023,Coimbatore,Tamil Nadu,Summer,Noyyal,Manufacturing,142.68,1.15,30668.33,57919.0,8703633.0,4828.0,Acceptable,Moderate
2023,Coimbatore,Tamil Nadu,Winter,Noyyal,Manufacturing,174.36,1.29,13755.0,57919.0,8703633.0,4828.0,Acceptable,Moderate
2023,Delhi,Delhi,Monsoon,Yamuna,Manufacturing,198.25,1.54,16210.75,245328.0,4132625.0,1651.0,Acceptable,Poor
2023,Delhi,Delhi,Post-Monsoon,Yamuna,Manufacturing,240.34,1.36,38783.0,245328.0,4132625.0,1651.0,Acceptable,Poor
2023,Delhi,Delhi,Summer,Yamuna,Manufacturing,201.29,1.02,19743.0,245328.0,4132625.0,1651.0,Acceptable,Poor
2023,Delhi,Delhi,Winter,Yamuna,Manufacturing,247.78,1.1,27622.67,245328.0,4132625.0,1651.0,Acceptable,Poor
2023,Ernakulam,Kerala,Monsoon,Periyar,Shipping/Refinery,214.26,1.46,22979.25,94668.0,948678.0,7512.0,Acceptable,Poor
2023,Ernakulam,Kerala,Post-Monsoon,Periyar,Shipping/Refinery,241.05,1.68,36074.0,94668.0,948678.0,7512.0,Acceptable,Poor
2023,Ernakulam,Kerala,Summer,Periyar,Shipping/Refinery,209.16,1.17,23175.67,94668.0,948678.0,7512.0,Acceptable,Poor
2023,Ernakulam,Kerala,Winter,Periyar,Shipping/Refinery,263.62,1.16,31602.67,94668.0,948678.0,7512.0,Acceptable,Poor
2023,Gurugram,Haryana,Monsoon,Sahibi,Automobile,139.78,1.4,31826.75,30784.0,4342474.0,5247.0,Acceptable,Moderate
2023,Gurugram,Haryana,Post-Monsoon,Sahibi,Automobile,162.03,1.5,32254.0,30784.0,4342474.0,5247.0,Acceptable,Moderate
2023,Gurugram,Haryana,Summer,Sahibi,Automobile,142.42,0.92,30446.67,30784.0,4342474.0,5247.0,Good,Moderate
2023,Gurugram,Haryana,Winter,Sahibi,Automobile,168.44,1.5,19038.33,30784.0,4342474.0,5247.0,Acceptable,Moderate
2023,Guwahati,Assam,Monsoon,Brahmaputra,Agro-Industry,206.04,1.33,24835.0,244772.0,317796.0,3541.0,Acceptable,Poor
2023,Guwahati,Assam,Post-Monsoon,Brahmaputra,Agro-Industry,237.65,0.64,32907.5,244772.0,317796.0,3541.0,Good,Poor
2023,Guwahati,Assam,Summer,Brahmaputra,Agro-Industry,203.17,1.02,31140.0,244772.0,317796.0,3541.0,Good,Poor
2023,Guwahati,Assam,Winter,Brahmaputra,Agro-Industry,236.37,1.45,41346.67,244772.0,317796.0,3541.0,Acceptable,Poor
2023,Hyderabad,Telangana,Monsoon,Musi,Manufacturing,206.66,1.46,31775.25,144236.0,12164717.0,2724.0,Acceptable,Poor
2023,Hyderabad,Telangana,Post-Monsoon,Musi,Manufacturing,233.98,1.11,42584.0,144236.0,12164717.0,2724.0,Acceptable,Poor
2023,Hyderabad,Telangana,Summer,Musi,Manufacturing,201.67,1.57,40595.0,144236.0,12164717.0,2724.0,Acceptable,Moderate
2023,Hyderabad,Telangana,Winter,Musi,Manufacturing,240.76,1.43,30281.67,144236.0,12164717.0,2724.0,Acceptable,Poor
2023,Jaipur,Rajasthan,Monsoon,Banas,Manufacturing,159.32,1.68,26087.75,158743.0,3540890.0,11819.0,Polluted,Moderate
2023,Jaipur,Rajasthan,Post-Monsoon,Banas,Manufacturing,175.14,1.59,9523.0,158743.0,3540890.0,11819.0,Good,Moderate
2023,Jaipur,Rajasthan,Summer,Banas,Manufacturing,153.75,1.43,34651.0,158743.0,3540890.0,11819.0,Acceptable,Moderate
2023,Jaipur,Rajasthan,Winter,Banas,Manufacturing,183.45,1.26,35024.67,158743.0,3540890.0,11819.0,Good,Moderate
2023,Jorapokhar,Jharkhand,Monsoon,Damodar,Mining/Coal,162.77,1.42,25587.0,77548.0,102590.0,1149.0,Acceptable,Moderate
2023,Jorapokhar,Jharkhand,Post-Monsoon,Damodar,Mining/Coal,192.06,0.88,22272.0,77548.0,102590.0,1149.0,Good,Moderate
2023,Jorapokhar,Jharkhand,Summer,Damodar,Mining/Coal,172.94,1.4,19355.33,77548.0,102590.0,1149.0,Good,Moderate
2023,Jorapokhar,Jharkhand,Winter,Damodar,Mining/Coal,201.87,1.03,30226.0,77548.0,102590.0,1149.0,Good,Poor
2023,Kochi,Kerala,Monsoon,Periyar,Shipping/Refinery,232.5,1.47,22979.25,94668.0,1146496.0,7512.0,Acceptable,Poor
2023,Kochi,Kerala,Post-Monsoon,Periyar,Shipping/Refinery,279.54,1.66,36074.0,94668.0,1146496.0,7512.0,Acceptable,Poor
2023,Kochi,Kerala,Summer,Periyar,Shipping/Refinery,232.07,1.15,23175.67,94668.0,1146496.0,7512.0,Acceptable,Poor
2023,Kochi,Kerala,Winter,Periyar,Shipping/Refinery,280.88,1.2,31602.67,94668.0,1146496.0,7512.0,Acceptable,Very Poor
2023,Kolkata,West Bengal,Monsoon,Hooghly,Manufacturing,240.38,1.28,26668.0,54203.0,19165880.0,6788.0,Acceptable,Poor
2023,Kolkata,West Bengal,Post-Monsoon,Hooghly,Manufacturing,263.77,0.94,8284.0,54203.0,19165880.0,6788.0,Good,Poor
2023,Kolkata,West Bengal,Summer,Hooghly,Manufacturing,227.92,1.56,18299.33,54203.0,19165880.0,6788.0,Acceptable,Poor
2023,Kolkata,West Bengal,Winter,Hooghly,Manufacturing,281.23,1.03,32393.33,54203.0,19165880.0,6788.0,Acceptable,Very Poor
2023,Lucknow,Uttar Pradesh,Monsoon,Gomti,Agro-Industry,225.52,1.37,29939.75,270304.0,1516337.0,6093.0,Acceptable,Poor
2023,Lucknow,Uttar Pradesh,Post-Monsoon,Gomti,Agro-Industry,250.86,1.28,22854.0,270304.0,1516337.0,6093.0,Acceptable,Poor
2023,Lucknow,Uttar Pradesh,Summer,Gomti,Agro-Industry,225.1,1.34,24692.0,270304.0,1516337.0,6093.0,Acceptable,Poor
2023,Lucknow,Uttar Pradesh,Winter,Gomti,Agro-Industry,267.71,1.29,27054.0,270304.0,1516337.0,6093.0,Acceptable,Poor
2023,Mumbai,Maharashtra,Monsoon,Ulhas,Manufacturing,141.06,1.35,16282.5,119669.0,32537685.0,9152.0,Acceptable,Moderate
2023,Mumbai,Maharashtra,Post-Monsoon,Ulhas,Manufacturing,155.2,1.44,29787.0,119669.0,32537685.0,9152.0,Acceptable,Moderate
2023,Mumbai,Maharashtra,Summer,Ulhas,Manufacturing,143.09,1.33,41840.0,119669.0,32537685.0,9152.0,Good,Moderate
2023,Mumbai,Maharashtra,Winter,Ulhas,Manufacturing,169.8,1.38,35272.0,119669.0,32537685.0,9152.0,Acceptable,Moderate
2023,Patna,Bihar,Monsoon,Ganga,Agro-Industry,149.73,1.13,29204.25,172366.0,644111.0,1000.0,Acceptable,Moderate
2023,Patna,Bihar,Post-Monsoon,Ganga,Agro-Industry,169.34,1.86,21844.0,172366.0,644111.0,1000.0,Acceptable,Moderate
2023,Patna,Bihar,Summer,Ganga,Agro-Industry,147.05,1.43,24640.0,172366.0,644111.0,1000.0,Acceptable,Moderate
2023,Patna,Bihar,Winter,Ganga,Agro-Industry,175.2,0.87,36017.67,172366.0,644111.0,1000.0,Good,Moderate
2023,Shillong,Meghalaya,Monsoon,Umiam,Handicrafts,98.23,1.34,24835.0,244772.0,188761.0,3541.0,Acceptable,Satisfactory
2023,Shillong,Meghalaya,Post-Monsoon,Umiam,Handicrafts,115.29,0.64,32907.5,244772.0,188761.0,3541.0,Good,Moderate
2023,Shillong,Meghalaya,Summer,Umiam,Handicrafts,102.2,1.01,31140.0,244772.0,188761.0,3541.0,Good,Satisfactory
2023,Shillong,Meghalaya,Winter,Umiam,Handicrafts,121.95,1.44,41346.67,244772.0,188761.0,3541.0,Acceptable,Moderate
2023,Talcher,Odisha,Monsoon,Brahmani,Thermal Power,194.3,0.92,14601.5,80204.0,276625.0,10227.0,Acceptable,Poor
2023,Talcher,Odisha,Post-Monsoon,Brahmani,Thermal Power,221.21,1.49,16647.5,80204.0,276625.0,10227.0,Acceptable,Moderate
2023,Talcher,Odisha,Summer,Brahmani,Thermal Power,195.3,0.99,30434.67,80204.0,276625.0,10227.0,Good,Moderate
2023,Talcher,Odisha,Winter,Brahmani,Thermal Power,233.37,1.22,28427.33,80204.0,276625.0,10227.0,Acceptable,Poor
2023,Thiruvananthapuram,Kerala,Monsoon,Karamana,IT/Electronics,142.7,0.95,21107.25,216423.0,1333407.0,12818.0,Good,Moderate
2023,Thiruvananthapuram,Kerala,Post-Monsoon,Karamana,IT/Electronics,166.7,1.35,31618.0,216423.0,1333407.0,12818.0,Acceptable,Moderate
2023,Thiruvananthapuram,Kerala,Summer,Karamana,IT/Electronics,144.47,1.77,38924.33,216423.0,1333407.0,12818.0,Acceptable,Moderate
2023,Thiruvananthapuram,Kerala,Winter,Karamana,IT/Electronics,175.81,0.95,35425.33,216423.0,1333407.0,12818.0,Good,Poor
2023,Visakhapatnam,Andhra Pradesh,Monsoon,Gosthani,Mining,197.4,1.45,31775.25,144236.0,250613.0,2724.0,Acceptable,Moderate
2023,Visakhapatnam,Andhra Pradesh,Post-Monsoon,Gosthani,Mining,224.56,1.12,42584.0,144236.0,250613.0,2724.0,Acceptable,Moderate
2023,Visakhapatnam,Andhra Pradesh,Summer,Gosthani,Mining,193.0,1.56,40595.0,144236.0,250613.0,2724.0,Acceptable,Moderate
2023,Visakhapatnam,Andhra Pradesh,Winter,Gosthani,Mining,230.63,1.45,30281.67,144236.0,250613.0,2724.0,Acceptable,Poor
2024,Ahmedabad,Gujarat,Monsoon,Sabarmati,Chemical,163.38,1.04,15312.0,170289.0,9458256.0,3949.0,Acceptable,Moderate
2024,Ahmedabad,Gujarat,Post-Monsoon,Sabarmati,Chemical,194.74,1.02,40164.5,170289.0,9458256.0,3949.0,Acceptable,Moderate
2024,Ahmedabad,Gujarat,Summer,Sabarmati,Chemical,164.92,1.38,18899.33,170289.0,9458256.0,3949.0,Acceptable,Moderate
2024,Ahmedabad,Gujarat,Winter,Sabarmati,Chemical,198.69,1.24,26647.0,170289.0,9458256.0,3949.0,Acceptable,Poor
2024,Aizawl,Mizoram,Monsoon,Tlawng,Handicrafts,96.97,1.44,26233.25,241701.0,118135.0,3487.0,Acceptable,Satisfactory
2024,Aizawl,Mizoram,Post-Monsoon,Tlawng,Handicrafts,103.01,0.72,34123.5,241701.0,118135.0,3487.0,Good,Satisfactory
2024,Aizawl,Mizoram,Summer,Tlawng,Handicrafts,91.57,1.13,21957.67,241701.0,118135.0,3487.0,Acceptable,Satisfactory
2024,Aizawl,Mizoram,Winter,Tlawng,Handicrafts,107.86,1.18,30648.0,241701.0,118135.0,3487.0,Acceptable,Moderate
2024,Amaravati,Andhra Pradesh,Monsoon,Krishna,Agro-processing,170.66,1.44,22649.25,136728.0,539442.0,2592.0,Acceptable,Moderate
2024,Amaravati,Andhra Pradesh,Post-Monsoon,Krishna,Agro-processing,192.74,0.79,19506.0,136728.0,539442.0,2592.0,Good,Moderate
2024,Amaravati,Andhra Pradesh,Summer,Krishna,Agro-processing,169.57,0.8,33033.67,136728.0,539442.0,2592.0,Acceptable,Moderate
2024,Amaravati,Andhra Pradesh,Winter,Krishna,Agro-processing,205.59,1.15,11739.67,136728.0,539442.0,2592.0,Acceptable,Poor
2024,Amritsar,Punjab,Monsoon,Beas,Agro-Industry,151.34,1.48,34045.25,269313.0,1300676.0,3541.0,Good,Moderate
2024,Amritsar,Punjab,Post-Monsoon,Beas,Agro-Industry,176.32,1.38,36653.0,269313.0,1300676.0,3541.0,Acceptable,Moderate
2024,Amritsar,Punjab,Summer,Beas,Agro-Industry,154.82,1.12,26761.67,269313.0,1300676.0,3541.0,Acceptable,Moderate
2024,Amritsar,Punjab,Winter,Beas,Agro-Industry,184.36,1.26,30812.0,269313.0,1300676.0,3541.0,Acceptable,Moderate
2024,Bengaluru,Karnataka,Monsoon,Arkavathi,Agro-Industry,120.14,1.18,17753.0,129177.0,4472945.0,12847.0,Acceptable,Moderate
2024,Bengaluru,Karnataka,Post-Monsoon,Arkavathi,Agro-Industry,141.57,1.2,32100.5,129177.0,4472945.0,12847.0,Acceptable,Moderate
2024,Bengaluru,Karnataka,Summer,Arkavathi,Agro-Industry,119.96,1.47,19043.67,129177.0,4472945.0,12847.0,Acceptable,Moderate
2024,Bengaluru,Karnataka,Winter,Arkavathi,Agro-Industry,144.27,1.52,40713.0,129177.0,4472945.0,12847.0,Acceptable,Moderate
2024,Bhopal,Madhya Pradesh,Monsoon,Betwa,Manufacturing,141.7,1.43,25253.5,43856.0,672646.0,11685.0,Acceptable,Moderate
2024,Bhopal,Madhya Pradesh,Post-Monsoon,Betwa,Manufacturing,164.1,1.08,22772.0,43856.0,672646.0,11685.0,Good,Moderate
2024,Bhopal,Madhya Pradesh,Summer,Betwa,Manufacturing,141.16,1.15,23994.67,43856.0,672646.0,11685.0,Acceptable,Moderate
2024,Bhopal,Madhya Pradesh,Winter,Betwa,Manufacturing,170.83,0.76,29700.0,43856.0,672646.0,11685.0,Good,Moderate
2024,Brajrajnagar,Odisha,Monsoon,Ib,Coal/Power,130.75,1.4,18061.0,256081.0,113984.0,8154.0,Acceptable,Moderate
2024,Brajrajnagar,Odisha,Post-Monsoon,Ib,Coal/Power,145.49,1.74,31073.5,256081.0,113984.0,8154.0,Acceptable,Moderate
2024,Brajrajnagar,Odisha,Summer,Ib,Coal/Power,128.32,1.15,22183.67,256081.0,113984.0,8154.0,Good,Moderate
2024,Brajrajnagar,Odisha,Winter,Ib,Coal/Power,156.95,1.41,33913.0,256081.0,113984.0,8154.0,Acceptable,Moderate
2024,Chandigarh,Chandigarh,Monsoon,Sukhna,Manufacturing,122.76,1.47,34045.25,269313.0,1853396.0,3541.0,Good,Moderate
2024,Chandigarh,Chandigarh,Post-Monsoon,Sukhna,Manufacturing,134.93,1.38,36653.0,269313.0,1853396.0,3541.0,Acceptable,Moderate
2024,Chandigarh,Chandigarh,Summer,Sukhna,Manufacturing,120.3,1.14,26761.67,269313.0,1853396.0,3541.0,Acceptable,Moderate
2024,Chandigarh,Chandigarh,Winter,Sukhna,Manufacturing,144.03,1.21,30812.0,269313.0,1853396.0,3541.0,Acceptable,Moderate
2024,Chennai,Tamil Nadu,Monsoon,Cooum,Manufacturing,156.04,1.42,23653.5,64621.0,28768332.0,7309.0,Good,Moderate
2024,Chennai,Tamil Nadu,Post-Monsoon,Cooum,Manufacturing,180.12,1.36,33645.5,64621.0,28768332.0,7309.0,Acceptable,Moderate
2024,Chennai,Tamil Nadu,Summer,Cooum,Manufacturing,154.99,1.29,30361.33,64621.0,28768332.0,7309.0,Good,Moderate
2024,Chennai,Tamil Nadu,Winter,Cooum,Manufacturing,186.45,1.16,30904.0,64621.0,28768332.0,7309.0,Acceptable,Poor
2024,Coimbatore,Tamil Nadu,Monsoon,Noyyal,Manufacturing,139.65,1.13,16965.25,55020.0,9225851.0,4777.0,Good,Moderate
2024,Coimbatore,Tamil Nadu,Post-Monsoon,Noyyal,Manufacturing,162.16,1.52,30777.5,55020.0,9225851.0,4777.0,Acceptable,Moderate
2024,Coimbatore,Tamil Nadu,Summer,Noyyal,Manufacturing,143.78,1.28,32995.67,55020.0,9225851.0,4777.0,Acceptable,Moderate
2024,Coimbatore,Tamil Nadu,Winter,Noyyal,Manufacturing,171.18,1.37,26818.0,55020.0,9225851.0,4777.0,Acceptable,Moderate
2024,Delhi,Delhi,Monsoon,Yamuna,Manufacturing,214.49,0.94,36775.75,255493.0,4380582.0,1831.0,Acceptable,Poor
2024,Delhi,Delhi,Post-Monsoon,Yamuna,Manufacturing,241.63,1.36,14407.0,255493.0,4380582.0,1831.0,Acceptable,Poor
2024,Delhi,Delhi,Summer,Yamuna,Manufacturing,215.78,1.26,25804.0,255493.0,4380582.0,1831.0,Acceptable,Poor
2024,Delhi,Delhi,Winter,Yamuna,Manufacturing,247.36,1.03,37756.0,255493.0,4380582.0,1831.0,Acceptable,Poor
2024,Ernakulam,Kerala,Monsoon,Periyar,Shipping/Refinery,218.86,1.59,17780.5,100416.0,1005598.0,7613.0,Acceptable,Poor
2024,Ernakulam,Kerala,Post-Monsoon,Periyar,Shipping/Refinery,253.54,1.4,26683.0,100416.0,1005598.0,7613.0,Acceptable,Poor
2024,Ernakulam,Kerala,Summer,Periyar,Shipping/Refinery,217.96,1.66,43795.33,100416.0,1005598.0,7613.0,Acceptable,Poor
2024,Ernakulam,Kerala,Winter,Periyar,Shipping/Refinery,271.77,1.34,19280.0,100416.0,1005598.0,7613.0,Acceptable,Poor
2024,Gurugram,Haryana,Monsoon,Sahibi,Automobile,158.02,0.94,27047.0,42598.0,4603023.0,5455.0,Good,Moderate
2024,Gurugram,Haryana,Post-Monsoon,Sahibi,Automobile,179.76,1.43,28659.0,42598.0,4603023.0,5455.0,Acceptable,Moderate
2024,Gurugram,Haryana,Summer,Sahibi,Automobile,153.1,1.48,25871.67,42598.0,4603023.0,5455.0,Acceptable,Moderate
2024,Gurugram,Haryana,Winter,Sahibi,Automobile,184.36,1.64,20500.0,42598.0,4603023.0,5455.0,Polluted,Poor
2024,Guwahati,Assam,Monsoon,Brahmaputra,Agro-Industry,201.73,1.42,26233.25,241701.0,336864.0,3487.0,Acceptable,Poor
2024,Guwahati,Assam,Post-Monsoon,Brahmaputra,Agro-Industry,223.96,0.76,34123.5,241701.0,336864.0,3487.0,Good,Moderate
2024,Guwahati,Assam,Summer,Brahmaputra,Agro-Industry,195.52,1.12,21957.67,241701.0,336864.0,3487.0,Acceptable,Moderate
2024,Guwahati,Assam,Winter,Brahmaputra,Agro-Industry,243.51,1.16,30648.0,241701.0,336864.0,3487.0,Acceptable,Poor
2024,Hyderabad,Telangana,Monsoon,Musi,Manufacturing,195.83,1.45,22649.25,136728.0,12894600.0,2592.0,Acceptable,Moderate
2024,Hyderabad,Telangana,Post-Monsoon,Musi,Manufacturing,234.12,0.81,19506.0,136728.0,12894600.0,2592.0,Good,Moderate
2024,Hyderabad,Telangana,Summer,Musi,Manufacturing,197.73,0.79,33033.67,136728.0,12894600.0,2592.0,Acceptable,Poor
2024,Hyderabad,Telangana,Winter,Musi,Manufacturing,233.33,1.14,11739.67,136728.0,12894600.0,2592.0,Acceptable,Poor
2024,Jaipur,Rajasthan,Monsoon,Banas,Manufacturing,160.58,1.12,28011.5,160590.0,3753343.0,11851.0,Acceptable,Moderate
2024,Jaipur,Rajasthan,Post-Monsoon,Banas,Manufacturing,178.92,0.86,18940.0,160590.0,3753343.0,11851.0,Good,Moderate
2024,Jaipur,Rajasthan,Summer,Banas,Manufacturing,155.62,1.23,42766.33,160590.0,3753343.0,11851.0,Good,Moderate
2024,Jaipur,Rajasthan,Winter,Banas,Manufacturing,185.95,0.99,20504.67,160590.0,3753343.0,11851.0,Good,Poor
2024,Jorapokhar,Jharkhand,Monsoon,Damodar,Mining/Coal,173.82,1.25,30939.5,80254.0,108745.0,1196.0,Good,Moderate
2024,Jorapokhar,Jharkhand,Post-Monsoon,Damodar,Mining/Coal,196.04,1.02,32284.5,80254.0,108745.0,1196.0,Acceptable,Moderate
2024,Jorapokhar,Jharkhand,Summer,Damodar,Mining/Coal,173.45,1.55,17306.33,80254.0,108745.0,1196.0,Acceptable,Moderate
2024,Jorapokhar,Jharkhand,Winter,Damodar,Mining/Coal,206.17,1.43,16109.67,80254.0,108745.0,1196.0,Acceptable,Poor
2024,Kochi,Kerala,Monsoon,Periyar,Shipping/Refinery,240.31,1.57,17780.5,100416.0,1215286.0,7613.0,Acceptable,Poor
2024,Kochi,Kerala,Post-Monsoon,Periyar,Shipping/Refinery,282.5,1.38,26683.0,100416.0,1215286.0,7613.0,Acceptable,Poor
2024,Kochi,Kerala,Summer,Periyar,Shipping/Refinery,244.55,1.68,43795.33,100416.0,1215286.0,7613.0,Acceptable,Poor
2024,Kochi,Kerala,Winter,Periyar,Shipping/Refinery,292.01,1.31,19280.0,100416.0,1215286.0,7613.0,Good,Very Poor
2024,Kolkata,West Bengal,Monsoon,Hooghly,Manufacturing,234.81,1.6,23950.75,57820.0,20315833.0,6852.0,Acceptable,Poor
2024,Kolkata,West Bengal,Post-Monsoon,Hooghly,Manufacturing,261.59,1.36,10045.0,57820.0,20315833.0,6852.0,Good,Poor
2024,Kolkata,West Bengal,Summer,Hooghly,Manufacturing,233.4,1.09,36099.67,57820.0,20315833.0,6852.0,Acceptable,Poor
2024,Kolkata,West Bengal,Winter,Hooghly,Manufacturing,281.16,1.02,21148.67,57820.0,20315833.0,6852.0,Good,Poor
2024,Lucknow,Uttar Pradesh,Monsoon,Gomti,Agro-Industry,211.39,1.12,24171.5,263798.0,1607317.0,5978.0,Acceptable,Poor
2024,Lucknow,Uttar Pradesh,Post-Monsoon,Gomti,Agro-Industry,252.22,1.05,30187.5,263798.0,1607317.0,5978.0,Acceptable,Poor
2024,Lucknow,Uttar Pradesh,Summer,Gomti,Agro-Industry,215.2,1.57,29192.67,263798.0,1607317.0,5978.0,Acceptable,Poor
2024,Lucknow,Uttar Pradesh,Winter,Gomti,Agro-Industry,257.14,1.57,41538.0,263798.0,1607317.0,5978.0,Polluted,Poor
2024,Mumbai,Maharashtra,Monsoon,Ulhas,Manufacturing,132.37,1.35,44657.75,112268.0,34489946.0,9021.0,Acceptable,Moderate
2024,Mumbai,Maharashtra,Post-Monsoon,Ulhas,Manufacturing,149.42,1.21,8771.0,112268.0,34489946.0,9021.0,Acceptable,Moderate
2024,Mumbai,Maharashtra,Summer,Ulhas,Manufacturing,130.08,0.99,34360.0,112268.0,34489946.0,9021.0,Good,Moderate
2024,Mumbai,Maharashtra,Winter,Ulhas,Manufacturing,154.39,0.67,41760.0,112268.0,34489946.0,9021.0,Good,Moderate
2024,Patna,Bihar,Monsoon,Ganga,Agro-Industry,141.25,1.05,35387.75,167183.0,682757.0,908.0,Acceptable,Moderate
2024,Patna,Bihar,Post-Monsoon,Ganga,Agro-Industry,171.56,1.9,34762.0,167183.0,682757.0,908.0,Acceptable,Moderate
2024,Patna,Bihar,Summer,Ganga,Agro-Industry,146.88,1.13,33254.67,167183.0,682757.0,908.0,Acceptable,Moderate
2024,Patna,Bihar,Winter,Ganga,Agro-Industry,173.38,0.81,33486.33,167183.0,682757.0,908.0,Good,Moderate
2024,Shillong,Meghalaya,Monsoon,Umiam,Handicrafts,102.62,1.5,26233.25,241701.0,200087.0,3487.0,Acceptable,Moderate
2024,Shillong,Meghalaya,Post-Monsoon,Umiam,Handicrafts,115.12,0.74,34123.5,241701.0,200087.0,3487.0,Good,Satisfactory
2024,Shillong,Meghalaya,Summer,Umiam,Handicrafts,98.23,1.13,21957.67,241701.0,200087.0,3487.0,Acceptable,Satisfactory
2024,Shillong,Meghalaya,Winter,Umiam,Handicrafts,115.28,1.14,30648.0,241701.0,200087.0,3487.0,Acceptable,Moderate
2024,Talcher,Odisha,Monsoon,Brahmani,Thermal Power,198.98,1.12,21673.25,84392.0,293223.0,10301.0,Acceptable,Poor
2024,Talcher,Odisha,Post-Monsoon,Brahmani,Thermal Power,229.64,0.8,22711.5,84392.0,293223.0,10301.0,Acceptable,Moderate
2024,Talcher,Odisha,Summer,Brahmani,Thermal Power,194.44,1.53,23915.33,84392.0,293223.0,10301.0,Good,Moderate
2024,Talcher,Odisha,Winter,Brahmani,Thermal Power,240.01,1.19,38524.0,84392.0,293223.0,10301.0,Acceptable,Poor
2024,Thiruvananthapuram,Kerala,Monsoon,Karamana,IT/Electronics,151.38,1.27,29820.0,220056.0,1413411.0,12882.0,Acceptable,Moderate
2024,Thiruvananthapuram,Kerala,Post-Monsoon,Karamana,IT/Electronics,171.92,1.46,23929.5,220056.0,1413411.0,12882.0,Acceptable,Moderate
2024,Thiruvananthapuram,Kerala,Summer,Karamana,IT/Electronics,149.67,1.3,21040.67,220056.0,1413411.0,12882.0,Acceptable,Moderate
2024,Thiruvananthapuram,Kerala,Winter,Karamana,IT/Electronics,182.41,1.02,35770.0,220056.0,1413411.0,12882.0,Acceptable,Poor
2024,Visakhapatnam,Andhra Pradesh,Monsoon,Gosthani,Mining,190.83,1.46,22649.25,136728.0,265650.0,2592.0,Acceptable,Moderate
2024,Visakhapatnam,Andhra Pradesh,Post-Monsoon,Gosthani,Mining,212.96,0.8,19506.0,136728.0,265650.0,2592.0,Good,Moderate
2024,Visakhapatnam,Andhra Pradesh,Summer,Gosthani,Mining,188.51,0.79,33033.67,136728.0,265650.0,2592.0,Acceptable,Moderate
2024,Visakhapatnam,Andhra Pradesh,Winter,Gosthani,Mining,228.18,1.17,11739.67,136728.0,265650.0,2592.0,Acceptable,Poor
2025,Ahmedabad,Gujarat,Monsoon,Sabarmati,Chemical,173.8,1.29,26383.75,173034.0,10025751.0,3998.0,Acceptable,Moderate
2025,Ahmedabad,Gujarat,Post-Monsoon,Sabarmati,Chemical,199.15,1.19,30559.0,173034.0,10025751.0,3998.0,Acceptable,Moderate
2025,Ahmedabad,Gujarat,Summer,Sabarmati,Chemical,171.17,0.72,26505.0,173034.0,10025751.0,3998.0,Good,Moderate
2025,Ahmedabad,Gujarat,Winter,Sabarmati,Chemical,204.97,1.39,42897.33,173034.0,10025751.0,3998.0,Acceptable,Poor
2025,Aizawl,Mizoram,Monsoon,Tlawng,Handicrafts,89.74,1.08,33697.75,239522.0,125223.0,3448.0,Acceptable,Satisfactory
2025,Aizawl,Mizoram,Post-Monsoon,Tlawng,Handicrafts,97.68,1.36,43888.0,239522.0,125223.0,3448.0,Acceptable,Satisfactory
2025,Aizawl,Mizoram,Summer,Tlawng,Handicrafts,84.08,1.49,39926.33,239522.0,125223.0,3448.0,Acceptable,Satisfactory
2025,Aizawl,Mizoram,Winter,Tlawng,Handicrafts,108.37,1.56,32985.67,239522.0,125223.0,3448.0,Acceptable,Moderate
2025,Amaravati,Andhra Pradesh,Monsoon,Krishna,Agro-processing,163.75,1.33,18059.5,134109.0,571809.0,2546.0,Acceptable,Moderate
2025,Amaravati,Andhra Pradesh,Post-Monsoon,Krishna,Agro-processing,187.22,1.04,40882.5,134109.0,571809.0,2546.0,Good,Moderate
2025,Amaravati,Andhra Pradesh,Summer,Krishna,Agro-processing,165.74,1.28,22403.0,134109.0,571809.0,2546.0,Acceptable,Moderate
2025,Amaravati,Andhra Pradesh,Winter,Krishna,Agro-processing,194.61,1.37,31474.0,134109.0,571809.0,2546.0,Acceptable,Poor
2025,Amritsar,Punjab,Monsoon,Beas,Agro-Industry,158.87,1.5,15672.0,275880.0,1378716.0,3657.0,Good,Moderate
2025,Amritsar,Punjab,Post-Monsoon,Beas,Agro-Industry,185.26,1.29,33015.0,275880.0,1378716.0,3657.0,Good,Moderate
2025,Amritsar,Punjab,Summer,Beas,Agro-Industry,164.88,1.15,35014.67,275880.0,1378716.0,3657.0,Polluted,Moderate
2025,Amritsar,Punjab,Winter,Beas,Agro-Industry,194.64,1.49,27151.33,275880.0,1378716.0,3657.0,Acceptable,Poor
2025,Bengaluru,Karnataka,Monsoon,Arkavathi,Agro-Industry,122.37,1.48,27401.25,133808.0,4741321.0,12929.0,Acceptable,Moderate
2025,Bengaluru,Karnataka,Post-Monsoon,Arkavathi,Agro-Industry,144.63,1.18,13868.5,133808.0,4741321.0,12929.0,Good,Moderate
2025,Bengaluru,Karnataka,Summer,Arkavathi,Agro-Industry,125.54,0.95,28320.67,133808.0,4741321.0,12929.0,Good,Moderate
2025,Bengaluru,Karnataka,Winter,Arkavathi,Agro-Industry,151.52,0.95,34283.33,133808.0,4741321.0,12929.0,Acceptable,Moderate
2025,Bhopal,Madhya Pradesh,Monsoon,Betwa,Manufacturing,137.1,0.94,30473.5,36133.0,713005.0,11549.0,Acceptable,Moderate
2025,Bhopal,Madhya Pradesh,Post-Monsoon,Betwa,Manufacturing,151.66,1.12,35147.5,36133.0,713005.0,11549.0,Acceptable,Moderate
2025,Bhopal,Madhya Pradesh,Summer,Betwa,Manufacturing,136.42,1.13,24467.67,36133.0,713005.0,11549.0,Good,Moderate
2025,Bhopal,Madhya Pradesh,Winter,Betwa,Manufacturing,163.61,1.15,34053.67,36133.0,713005.0,11549.0,Good,Moderate
2025,Brajrajnagar,Odisha,Monsoon,Ib,Coal/Power,131.93,1.09,31858.75,257534.0,120823.0,8180.0,Good,Moderate
2025,Brajrajnagar,Odisha,Post-Monsoon,Ib,Coal/Power,157.34,0.77,13086.0,257534.0,120823.0,8180.0,Good,Moderate
2025,Brajrajnagar,Odisha,Summer,Ib,Coal/Power,132.69,1.19,34285.0,257534.0,120823.0,8180.0,Acceptable,Moderate
2025,Brajrajnagar,Odisha,Winter,Ib,Coal/Power,159.72,1.39,20699.33,257534.0,120823.0,8180.0,Acceptable,Moderate
2025,Chandigarh,Chandigarh,Monsoon,Sukhna,Manufacturing,126.48,1.48,15672.0,275880.0,1964600.0,3657.0,Good,Moderate
2025,Chandigarh,Chandigarh,Post-Monsoon,Sukhna,Manufacturing,153.39,1.31,33015.0,275880.0,1964600.0,3657.0,Good,Moderate
2025,Chandigarh,Chandigarh,Summer,Sukhna,Manufacturing,131.28,1.16,35014.67,275880.0,1964600.0,3657.0,Polluted,Moderate
2025,Chandigarh,Chandigarh,Winter,Sukhna,Manufacturing,155.73,1.45,27151.33,275880.0,1964600.0,3657.0,Acceptable,Moderate
2025,Chennai,Tamil Nadu,Monsoon,Cooum,Manufacturing,171.56,1.33,30840.75,75725.0,30494432.0,7505.0,Polluted,Moderate
2025,Chennai,Tamil Nadu,Post-Monsoon,Cooum,Manufacturing,193.43,1.39,34424.5,75725.0,30494432.0,7505.0,Good,Moderate
2025,Chennai,Tamil Nadu,Summer,Cooum,Manufacturing,167.31,1.37,28225.0,75725.0,30494432.0,7505.0,Acceptable,Moderate
2025,Chennai,Tamil Nadu,Winter,Cooum,Manufacturing,206.33,1.11,32224.0,75725.0,30494432.0,7505.0,Acceptable,Poor
2025,Coimbatore,Tamil Nadu,Monsoon,Noyyal,Manufacturing,156.46,1.3,26780.25,68502.0,9779402.0,5015.0,Acceptable,Moderate
2025,Coimbatore,Tamil Nadu,Post-Monsoon,Noyyal,Manufacturing,182.22,1.25,33699.0,68502.0,9779402.0,5015.0,Acceptable,Moderate
2025,Coimbatore,Tamil Nadu,Summer,Noyyal,Manufacturing,159.15,0.86,23326.0,68502.0,9779402.0,5015.0,Good,Moderate
2025,Coimbatore,Tamil Nadu,Winter,Noyyal,Manufacturing,183.9,1.23,27191.67,68502.0,9779402.0,5015.0,Acceptable,Poor
2025,Delhi,Delhi,Monsoon,Yamuna,Manufacturing,212.16,1.21,35822.75,257842.0,4643417.0,1872.0,Good,Poor
2025,Delhi,Delhi,Post-Monsoon,Yamuna,Manufacturing,240.92,1.46,17369.0,257842.0,4643417.0,1872.0,Acceptable,Poor
2025,Delhi,Delhi,Summer,Yamuna,Manufacturing,219.96,1.14,31283.67,257842.0,4643417.0,1872.0,Acceptable,Poor
2025,Delhi,Delhi,Winter,Yamuna,Manufacturing,256.2,1.07,24557.67,257842.0,4643417.0,1872.0,Acceptable,Poor
2025,Ernakulam,Kerala,Monsoon,Periyar,Shipping/Refinery,217.83,1.36,31093.0,100160.0,1065934.0,7609.0,Acceptable,Poor
2025,Ernakulam,Kerala,Post-Monsoon,Periyar,Shipping/Refinery,250.8,1.14,31581.5,100160.0,1065934.0,7609.0,Acceptable,Poor
2025,Ernakulam,Kerala,Summer,Periyar,Shipping/Refinery,217.85,1.12,26417.67,100160.0,1065934.0,7609.0,Acceptable,Poor
2025,Ernakulam,Kerala,Winter,Periyar,Shipping/Refinery,271.06,1.03,32999.67,100160.0,1065934.0,7609.0,Good,Very Poor
2025,Gurugram,Haryana,Monsoon,Sahibi,Automobile,156.94,0.83,44038.25,43806.0,4879204.0,5476.0,Good,Moderate
2025,Gurugram,Haryana,Post-Monsoon,Sahibi,Automobile,173.44,1.02,26375.5,43806.0,4879204.0,5476.0,Acceptable,Moderate
2025,Gurugram,Haryana,Summer,Sahibi,Automobile,152.47,1.36,27990.67,43806.0,4879204.0,5476.0,Acceptable,Moderate
2025,Gurugram,Haryana,Winter,Sahibi,Automobile,184.67,1.7,25573.33,43806.0,4879204.0,5476.0,Acceptable,Moderate
2025,Guwahati,Assam,Monsoon,Brahmaputra,Agro-Industry,198.29,1.07,33697.75,239522.0,357075.0,3448.0,Acceptable,Poor
2025,Guwahati,Assam,Post-Monsoon,Brahmaputra,Agro-Industry,233.49,1.34,43888.0,239522.0,357075.0,3448.0,Acceptable,Moderate
2025,Guwahati,Assam,Summer,Brahmaputra,Agro-Industry,200.1,1.48,39926.33,239522.0,357075.0,3448.0,Acceptable,Poor
2025,Guwahati,Assam,Winter,Brahmaputra,Agro-Industry,230.34,1.57,32985.67,239522.0,357075.0,3448.0,Acceptable,Poor
2025,Hyderabad,Telangana,Monsoon,Musi,Manufacturing,196.44,1.36,18059.5,134109.0,13668276.0,2546.0,Acceptable,Poor
2025,Hyderabad,Telangana,Post-Monsoon,Musi,Manufacturing,226.06,1.06,40882.5,134109.0,13668276.0,2546.0,Good,Moderate
2025,Hyderabad,Telangana,Summer,Musi,Manufacturing,188.03,1.29,22403.0,134109.0,13668276.0,2546.0,Acceptable,Moderate
2025,Hyderabad,Telangana,Winter,Musi,Manufacturing,234.39,1.39,31474.0,134109.0,13668276.0,2546.0,Acceptable,Poor
2025,Jaipur,Rajasthan,Monsoon,Banas,Manufacturing,160.4,1.16,22475.25,162005.0,3978544.0,11876.0,Acceptable,Moderate
2025,Jaipur,Rajasthan,Post-Monsoon,Banas,Manufacturing,191.2,1.57,34250.0,162005.0,3978544.0,11876.0,Acceptable,Moderate
2025,Jaipur,Rajasthan,Summer,Banas,Manufacturing,158.48,1.03,43626.0,162005.0,3978544.0,11876.0,Good,Moderate
2025,Jaipur,Rajasthan,Winter,Banas,Manufacturing,190.23,1.13,25214.33,162005.0,3978544.0,11876.0,Acceptable,Poor
2025,Jorapokhar,Jharkhand,Monsoon,Damodar,Mining/Coal,173.64,1.02,38173.25,78415.0,115270.0,1164.0,Good,Moderate
2025,Jorapokhar,Jharkhand,Post-Monsoon,Damodar,Mining/Coal,195.87,1.4,31103.5,78415.0,115270.0,1164.0,Acceptable,Moderate
2025,Jorapokhar,Jharkhand,Summer,Damodar,Mining/Coal,172.0,1.38,23472.33,78415.0,115270.0,1164.0,Good,Moderate
2025,Jorapokhar,Jharkhand,Winter,Damodar,Mining/Coal,206.65,1.44,24571.0,78415.0,115270.0,1164.0,Acceptable,Poor
2025,Kochi,Kerala,Monsoon,Periyar,Shipping/Refinery,244.86,1.36,31093.0,100160.0,1288203.0,7609.0,Acceptable,Poor
2025,Kochi,Kerala,Post-Monsoon,Periyar,Shipping/Refinery,273.37,1.13,31581.5,100160.0,1288203.0,7609.0,Acceptable,Poor
2025,Kochi,Kerala,Summer,Periyar,Shipping/Refinery,240.04,1.13,26417.67,100160.0,1288203.0,7609.0,Acceptable,Poor
2025,Kochi,Kerala,Winter,Periyar,Shipping/Refinery,293.73,1.01,32999.67,100160.0,1288203.0,7609.0,Good,Very Poor
2025,Kolkata,West Bengal,Monsoon,Hooghly,Manufacturing,228.33,1.03,19760.25,52260.0,21534783.0,6754.0,Acceptable,Poor
2025,Kolkata,West Bengal,Post-Monsoon,Hooghly,Manufacturing,259.84,1.84,22474.0,52260.0,21534783.0,6754.0,Acceptable,Poor
2025,Kolkata,West Bengal,Summer,Hooghly,Manufacturing,227.5,1.26,26800.67,52260.0,21534783.0,6754.0,Acceptable,Poor
2025,Kolkata,West Bengal,Winter,Hooghly,Manufacturing,262.02,1.18,32249.0,52260.0,21534783.0,6754.0,Acceptable,Poor
2025,Lucknow,Uttar Pradesh,Monsoon,Gomti,Agro-Industry,212.6,1.17,28803.25,262257.0,1703756.0,5951.0,Good,Poor
2025,Lucknow,Uttar Pradesh,Post-Monsoon,Gomti,Agro-Industry,260.36,1.12,36564.5,262257.0,1703756.0,5951.0,Acceptable,Poor
2025,Lucknow,Uttar Pradesh,Summer,Gomti,Agro-Industry,213.01,1.28,36499.0,262257.0,1703756.0,5951.0,Acceptable,Poor
2025,Lucknow,Uttar Pradesh,Winter,Gomti,Agro-Industry,249.58,0.97,28918.0,262257.0,1703756.0,5951.0,Good,Poor
2025,Mumbai,Maharashtra,Monsoon,Ulhas,Manufacturing,127.56,1.47,26558.25,111585.0,36559343.0,9009.0,Acceptable,Moderate
2025,Mumbai,Maharashtra,Post-Monsoon,Ulhas,Manufacturing,152.03,1.28,28558.0,111585.0,36559343.0,9009.0,Acceptable,Moderate
2025,Mumbai,Maharashtra,Summer,Ulhas,Manufacturing,128.28,1.16,28451.0,111585.0,36559343.0,9009.0,Good,Moderate
2025,Mumbai,Maharashtra,Winter,Ulhas,Manufacturing,154.43,1.54,12666.0,111585.0,36559343.0,9009.0,Acceptable,Moderate
2025,Patna,Bihar,Monsoon,Ganga,Agro-Industry,159.0,1.49,37904.0,178599.0,723723.0,1110.0,Acceptable,Moderate
2025,Patna,Bihar,Post-Monsoon,Ganga,Agro-Industry,177.64,1.21,44420.0,178599.0,723723.0,1110.0,Good,Moderate
2025,Patna,Bihar,Summer,Ganga,Agro-Industry,157.21,1.42,34752.67,178599.0,723723.0,1110.0,Acceptable,Moderate
2025,Patna,Bihar,Winter,Ganga,Agro-Industry,187.28,1.25,25937.0,178599.0,723723.0,1110.0,Acceptable,Poor
2025,Shillong,Meghalaya,Monsoon,Umiam,Handicrafts,94.42,1.07,33697.75,239522.0,212092.0,3448.0,Acceptable,Satisfactory
2025,Shillong,Meghalaya,Post-Monsoon,Umiam,Handicrafts,115.72,1.34,43888.0,239522.0,212092.0,3448.0,Acceptable,Satisfactory
2025,Shillong,Meghalaya,Summer,Umiam,Handicrafts,99.22,1.52,39926.33,239522.0,212092.0,3448.0,Acceptable,Satisfactory
2025,Shillong,Meghalaya,Winter,Umiam,Handicrafts,114.98,1.56,32985.67,239522.0,212092.0,3448.0,Acceptable,Moderate
2025,Talcher,Odisha,Monsoon,Brahmani,Thermal Power,196.43,1.2,16156.25,84422.0,310816.0,10302.0,Acceptable,Moderate
2025,Talcher,Odisha,Post-Monsoon,Brahmani,Thermal Power,231.79,1.33,29662.5,84422.0,310816.0,10302.0,Acceptable,Poor
2025,Talcher,Odisha,Summer,Brahmani,Thermal Power,198.91,1.37,15089.0,84422.0,310816.0,10302.0,Acceptable,Poor
2025,Talcher,Odisha,Winter,Brahmani,Thermal Power,231.35,1.68,23801.0,84422.0,310816.0,10302.0,Acceptable,Poor
2025,Thiruvananthapuram,Kerala,Monsoon,Karamana,IT/Electronics,156.39,1.25,26845.5,224592.0,1498216.0,12962.0,Acceptable,Moderate
2025,Thiruvananthapuram,Kerala,Post-Monsoon,Karamana,IT/Electronics,176.76,1.31,14335.5,224592.0,1498216.0,12962.0,Acceptable,Moderate
2025,Thiruvananthapuram,Kerala,Summer,Karamana,IT/Electronics,153.96,1.13,35236.33,224592.0,1498216.0,12962.0,Good,Moderate
2025,Thiruvananthapuram,Kerala,Winter,Karamana,IT/Electronics,184.5,1.3,35883.33,224592.0,1498216.0,12962.0,Acceptable,Poor
2025,Visakhapatnam,Andhra Pradesh,Monsoon,Gosthani,Mining,190.02,1.35,18059.5,134109.0,281589.0,2546.0,Acceptable,Moderate
2025,Visakhapatnam,Andhra Pradesh,Post-Monsoon,Gosthani,Mining,222.2,1.05,40882.5,134109.0,281589.0,2546.0,Good,Moderate
2025,Visakhapatnam,Andhra Pradesh,Summer,Gosthani,Mining,185.29,1.29,22403.0,134109.0,281589.0,2546.0,Acceptable,Moderate
2025,Visakhapatnam,Andhra Pradesh,Winter,Gosthani,Mining,215.57,1.36,31474.0,134109.0,281589.0,2546.0,Acceptable,Poor
